id_tahun,tahun,vervar_label,nilai,status,last_update,var_label,subject_id,subject_label,var_id,var_unit,related_ids,related_titles,related_links,vervar_id,turvar_id,turvar_label
100,,,,Data Tidak Ditemukan,,,,,,,,,,,,
101,,,,Data Tidak Ditemukan,,,,,,,,,,,,
102,,,,Data Tidak Ditemukan,,,,,,,,,,,,
103,,,,Data Tidak Ditemukan,,,,,,,,,,,,
104,,,,Data Tidak Ditemukan,,,,,,,,,,,,
105,,,,Data Tidak Ditemukan,,,,,,,,,,,,
106,,,,Data Tidak Ditemukan,,,,,,,,,,,,
107,,,,Data Tidak Ditemukan,,,,,,,,,,,,
108,,,,Data Tidak Ditemukan,,,,,,,,,,,,
109,,,,Data Tidak Ditemukan,,,,,,,,,,,,
110,,,,Data Tidak Ditemukan,,,,,,,,,,,,
111,,,,Data Tidak Ditemukan,,,,,,,,,,,,
112,,,,Data Tidak Ditemukan,,,,,,,,,,,,
113,,,,Data Tidak Ditemukan,,,,,,,,,,,,
114,,,,Data Tidak Ditemukan,,,,,,,,,,,,
115,,,,Data Tidak Ditemukan,,,,,,,,,,,,
116,,,,Data Tidak Ditemukan,,,,,,,,,,,,
117,,,,Data Tidak Ditemukan,,,,,,,,,,,,
118,,,,Data Tidak Ditemukan,,,,,,,,,,,,
119,,,,Data Tidak Ditemukan,,,,,,,,,,,,
120,,Pantai Ujung Batu,,Data Tidak Ditemukan,2024-04-17 02:54:46,Jumlah Wisatawan yang Berkunjung Menurut  Objek Wisata di Kabupaten Barru,561.0,Pariwisata,147.0,,MTg2IzI=; NDMjMg==; YmtNd1RGQkhMelpTV213eFVEUjRZVk4wVmtadGR6MDkjMw==; YmtNd1RGQkhMelpTV213eFVEUjRZVk4wVmtadGR6MDkjMw==; MzkjMg==; NDIjMg==; YkhCUFJUaExVWGwwT0ZVM1pGZG9SWFJ1WTJkWWR6MDkjMw==,"Jumlah Perusahaan yang mendapat surat ijin usaha di Kabupaten Barru; Persentase Jumlah Penduduk Menurut Jenjang Pendidikan Tertinggi Yang Di Tamatkan Di Kabupaten Barru; Jumlah Desa/Kelurahan yang Mengalami Bencana Alam Menurut Kecamatan di Kabupaten Barru, 2011; Jumlah Desa/Kelurahan yang Mengalami Bencana Alam Menurut Kecamatan di Kabupaten Barru, 2019; Jumlah Curah Hujan Menurut Bulan di Kabupaten Barru; Jumlah Hari Hujan di Kabupaten Barru; Jumlah Desa/Kelurahan yang Memiliki Kantor Pos Menurut Kecamatan di Kabupaten Barru, 2021",/2/MTg2IzI=/jumlah-perusahaan-yang-mendapat-surat-ijin-usaha-di-kabupaten-barru.html; /2/NDMjMg==/persentase-jumlah-penduduk-menurut-jenjang-pendidikan-tertinggi-yang-di-tamatkan-di-kabupaten-barru.html; /3/YmtNd1RGQkhMelpTV213eFVEUjRZVk4wVmtadGR6MDkjMw==/jumlah-desa-kelurahan-yang-mengalami-bencana-alam-menurut-kecamatan-di-kabupaten-barru--2011.html?year=2011; /3/YmtNd1RGQkhMelpTV213eFVEUjRZVk4wVmtadGR6MDkjMw==/jumlah-desa-kelurahan-yang-mengalami-bencana-alam-menurut-kecamatan-di-kabupaten-barru--2019.html?year=2019; /2/MzkjMg==/jumlah-curah-hujan-menurut-bulan-di-kabupaten-barru.html; /2/NDIjMg==/jumlah-hari-hujan-di-kabupaten-barru.html; /3/YkhCUFJUaExVWGwwT0ZVM1pGZG9SWFJ1WTJkWWR6MDkjMw==/jumlah-desa-kelurahan-yang-memiliki-kantor-pos-menurut-kecamatan-di-kabupaten-barru--2021.html?year=2021,1.0,0,Tidak ada
120,,Pulau Dutungan ,,Data Tidak Ditemukan,2024-04-17 02:54:46,Jumlah Wisatawan yang Berkunjung Menurut  Objek Wisata di Kabupaten Barru,561.0,Pariwisata,147.0,,MTg2IzI=; NDMjMg==; YmtNd1RGQkhMelpTV213eFVEUjRZVk4wVmtadGR6MDkjMw==; YmtNd1RGQkhMelpTV213eFVEUjRZVk4wVmtadGR6MDkjMw==; MzkjMg==; NDIjMg==; YkhCUFJUaExVWGwwT0ZVM1pGZG9SWFJ1WTJkWWR6MDkjMw==,"Jumlah Perusahaan yang mendapat surat ijin usaha di Kabupaten Barru; Persentase Jumlah Penduduk Menurut Jenjang Pendidikan Tertinggi Yang Di Tamatkan Di Kabupaten Barru; Jumlah Desa/Kelurahan yang Mengalami Bencana Alam Menurut Kecamatan di Kabupaten Barru, 2011; Jumlah Desa/Kelurahan yang Mengalami Bencana Alam Menurut Kecamatan di Kabupaten Barru, 2019; Jumlah Curah Hujan Menurut Bulan di Kabupaten Barru; Jumlah Hari Hujan di Kabupaten Barru; Jumlah Desa/Kelurahan yang Memiliki Kantor Pos Menurut Kecamatan di Kabupaten Barru, 2021",/2/MTg2IzI=/jumlah-perusahaan-yang-mendapat-surat-ijin-usaha-di-kabupaten-barru.html; /2/NDMjMg==/persentase-jumlah-penduduk-menurut-jenjang-pendidikan-tertinggi-yang-di-tamatkan-di-kabupaten-barru.html; /3/YmtNd1RGQkhMelpTV213eFVEUjRZVk4wVmtadGR6MDkjMw==/jumlah-desa-kelurahan-yang-mengalami-bencana-alam-menurut-kecamatan-di-kabupaten-barru--2011.html?year=2011; /3/YmtNd1RGQkhMelpTV213eFVEUjRZVk4wVmtadGR6MDkjMw==/jumlah-desa-kelurahan-yang-mengalami-bencana-alam-menurut-kecamatan-di-kabupaten-barru--2019.html?year=2019; /2/MzkjMg==/jumlah-curah-hujan-menurut-bulan-di-kabupaten-barru.html; /2/NDIjMg==/jumlah-hari-hujan-di-kabupaten-barru.html; /3/YkhCUFJUaExVWGwwT0ZVM1pGZG9SWFJ1WTJkWWR6MDkjMw==/jumlah-desa-kelurahan-yang-memiliki-kantor-pos-menurut-kecamatan-di-kabupaten-barru--2021.html?year=2021,2.0,0,Tidak ada
120,,Pantai Kupa,,Data Tidak Ditemukan,2024-04-17 02:54:46,Jumlah Wisatawan yang Berkunjung Menurut  Objek Wisata di Kabupaten Barru,561.0,Pariwisata,147.0,,MTg2IzI=; NDMjMg==; YmtNd1RGQkhMelpTV213eFVEUjRZVk4wVmtadGR6MDkjMw==; YmtNd1RGQkhMelpTV213eFVEUjRZVk4wVmtadGR6MDkjMw==; MzkjMg==; NDIjMg==; YkhCUFJUaExVWGwwT0ZVM1pGZG9SWFJ1WTJkWWR6MDkjMw==,"Jumlah Perusahaan yang mendapat surat ijin usaha di Kabupaten Barru; Persentase Jumlah Penduduk Menurut Jenjang Pendidikan Tertinggi Yang Di Tamatkan Di Kabupaten Barru; Jumlah Desa/Kelurahan yang Mengalami Bencana Alam Menurut Kecamatan di Kabupaten Barru, 2011; Jumlah Desa/Kelurahan yang Mengalami Bencana Alam Menurut Kecamatan di Kabupaten Barru, 2019; Jumlah Curah Hujan Menurut Bulan di Kabupaten Barru; Jumlah Hari Hujan di Kabupaten Barru; Jumlah Desa/Kelurahan yang Memiliki Kantor Pos Menurut Kecamatan di Kabupaten Barru, 2021",/2/MTg2IzI=/jumlah-perusahaan-yang-mendapat-surat-ijin-usaha-di-kabupaten-barru.html; /2/NDMjMg==/persentase-jumlah-penduduk-menurut-jenjang-pendidikan-tertinggi-yang-di-tamatkan-di-kabupaten-barru.html; /3/YmtNd1RGQkhMelpTV213eFVEUjRZVk4wVmtadGR6MDkjMw==/jumlah-desa-kelurahan-yang-mengalami-bencana-alam-menurut-kecamatan-di-kabupaten-barru--2011.html?year=2011; /3/YmtNd1RGQkhMelpTV213eFVEUjRZVk4wVmtadGR6MDkjMw==/jumlah-desa-kelurahan-yang-mengalami-bencana-alam-menurut-kecamatan-di-kabupaten-barru--2019.html?year=2019; /2/MzkjMg==/jumlah-curah-hujan-menurut-bulan-di-kabupaten-barru.html; /2/NDIjMg==/jumlah-hari-hujan-di-kabupaten-barru.html; /3/YkhCUFJUaExVWGwwT0ZVM1pGZG9SWFJ1WTJkWWR6MDkjMw==/jumlah-desa-kelurahan-yang-memiliki-kantor-pos-menurut-kecamatan-di-kabupaten-barru--2021.html?year=2021,3.0,0,Tidak ada
120,,Pesantren Alam Tompo,,Data Tidak Ditemukan,2024-04-17 02:54:46,Jumlah Wisatawan yang Berkunjung Menurut  Objek Wisata di Kabupaten Barru,561.0,Pariwisata,147.0,,MTg2IzI=; NDMjMg==; YmtNd1RGQkhMelpTV213eFVEUjRZVk4wVmtadGR6MDkjMw==; YmtNd1RGQkhMelpTV213eFVEUjRZVk4wVmtadGR6MDkjMw==; MzkjMg==; NDIjMg==; YkhCUFJUaExVWGwwT0ZVM1pGZG9SWFJ1WTJkWWR6MDkjMw==,"Jumlah Perusahaan yang mendapat surat ijin usaha di Kabupaten Barru; Persentase Jumlah Penduduk Menurut Jenjang Pendidikan Tertinggi Yang Di Tamatkan Di Kabupaten Barru; Jumlah Desa/Kelurahan yang Mengalami Bencana Alam Menurut Kecamatan di Kabupaten Barru, 2011; Jumlah Desa/Kelurahan yang Mengalami Bencana Alam Menurut Kecamatan di Kabupaten Barru, 2019; Jumlah Curah Hujan Menurut Bulan di Kabupaten Barru; Jumlah Hari Hujan di Kabupaten Barru; Jumlah Desa/Kelurahan yang Memiliki Kantor Pos Menurut Kecamatan di Kabupaten Barru, 2021",/2/MTg2IzI=/jumlah-perusahaan-yang-mendapat-surat-ijin-usaha-di-kabupaten-barru.html; /2/NDMjMg==/persentase-jumlah-penduduk-menurut-jenjang-pendidikan-tertinggi-yang-di-tamatkan-di-kabupaten-barru.html; /3/YmtNd1RGQkhMelpTV213eFVEUjRZVk4wVmtadGR6MDkjMw==/jumlah-desa-kelurahan-yang-mengalami-bencana-alam-menurut-kecamatan-di-kabupaten-barru--2011.html?year=2011; /3/YmtNd1RGQkhMelpTV213eFVEUjRZVk4wVmtadGR6MDkjMw==/jumlah-desa-kelurahan-yang-mengalami-bencana-alam-menurut-kecamatan-di-kabupaten-barru--2019.html?year=2019; /2/MzkjMg==/jumlah-curah-hujan-menurut-bulan-di-kabupaten-barru.html; /2/NDIjMg==/jumlah-hari-hujan-di-kabupaten-barru.html; /3/YkhCUFJUaExVWGwwT0ZVM1pGZG9SWFJ1WTJkWWR6MDkjMw==/jumlah-desa-kelurahan-yang-memiliki-kantor-pos-menurut-kecamatan-di-kabupaten-barru--2021.html?year=2021,4.0,0,Tidak ada
120,,Lapalona Highland,,Data Tidak Ditemukan,2024-04-17 02:54:46,Jumlah Wisatawan yang Berkunjung Menurut  Objek Wisata di Kabupaten Barru,561.0,Pariwisata,147.0,,MTg2IzI=; NDMjMg==; YmtNd1RGQkhMelpTV213eFVEUjRZVk4wVmtadGR6MDkjMw==; YmtNd1RGQkhMelpTV213eFVEUjRZVk4wVmtadGR6MDkjMw==; MzkjMg==; NDIjMg==; YkhCUFJUaExVWGwwT0ZVM1pGZG9SWFJ1WTJkWWR6MDkjMw==,"Jumlah Perusahaan yang mendapat surat ijin usaha di Kabupaten Barru; Persentase Jumlah Penduduk Menurut Jenjang Pendidikan Tertinggi Yang Di Tamatkan Di Kabupaten Barru; Jumlah Desa/Kelurahan yang Mengalami Bencana Alam Menurut Kecamatan di Kabupaten Barru, 2011; Jumlah Desa/Kelurahan yang Mengalami Bencana Alam Menurut Kecamatan di Kabupaten Barru, 2019; Jumlah Curah Hujan Menurut Bulan di Kabupaten Barru; Jumlah Hari Hujan di Kabupaten Barru; Jumlah Desa/Kelurahan yang Memiliki Kantor Pos Menurut Kecamatan di Kabupaten Barru, 2021",/2/MTg2IzI=/jumlah-perusahaan-yang-mendapat-surat-ijin-usaha-di-kabupaten-barru.html; /2/NDMjMg==/persentase-jumlah-penduduk-menurut-jenjang-pendidikan-tertinggi-yang-di-tamatkan-di-kabupaten-barru.html; /3/YmtNd1RGQkhMelpTV213eFVEUjRZVk4wVmtadGR6MDkjMw==/jumlah-desa-kelurahan-yang-mengalami-bencana-alam-menurut-kecamatan-di-kabupaten-barru--2011.html?year=2011; /3/YmtNd1RGQkhMelpTV213eFVEUjRZVk4wVmtadGR6MDkjMw==/jumlah-desa-kelurahan-yang-mengalami-bencana-alam-menurut-kecamatan-di-kabupaten-barru--2019.html?year=2019; /2/MzkjMg==/jumlah-curah-hujan-menurut-bulan-di-kabupaten-barru.html; /2/NDIjMg==/jumlah-hari-hujan-di-kabupaten-barru.html; /3/YkhCUFJUaExVWGwwT0ZVM1pGZG9SWFJ1WTJkWWR6MDkjMw==/jumlah-desa-kelurahan-yang-memiliki-kantor-pos-menurut-kecamatan-di-kabupaten-barru--2021.html?year=2021,5.0,0,Tidak ada
120,,Pantai Laguna,,Data Tidak Ditemukan,2024-04-17 02:54:46,Jumlah Wisatawan yang Berkunjung Menurut  Objek Wisata di Kabupaten Barru,561.0,Pariwisata,147.0,,MTg2IzI=; NDMjMg==; YmtNd1RGQkhMelpTV213eFVEUjRZVk4wVmtadGR6MDkjMw==; YmtNd1RGQkhMelpTV213eFVEUjRZVk4wVmtadGR6MDkjMw==; MzkjMg==; NDIjMg==; YkhCUFJUaExVWGwwT0ZVM1pGZG9SWFJ1WTJkWWR6MDkjMw==,"Jumlah Perusahaan yang mendapat surat ijin usaha di Kabupaten Barru; Persentase Jumlah Penduduk Menurut Jenjang Pendidikan Tertinggi Yang Di Tamatkan Di Kabupaten Barru; Jumlah Desa/Kelurahan yang Mengalami Bencana Alam Menurut Kecamatan di Kabupaten Barru, 2011; Jumlah Desa/Kelurahan yang Mengalami Bencana Alam Menurut Kecamatan di Kabupaten Barru, 2019; Jumlah Curah Hujan Menurut Bulan di Kabupaten Barru; Jumlah Hari Hujan di Kabupaten Barru; Jumlah Desa/Kelurahan yang Memiliki Kantor Pos Menurut Kecamatan di Kabupaten Barru, 2021",/2/MTg2IzI=/jumlah-perusahaan-yang-mendapat-surat-ijin-usaha-di-kabupaten-barru.html; /2/NDMjMg==/persentase-jumlah-penduduk-menurut-jenjang-pendidikan-tertinggi-yang-di-tamatkan-di-kabupaten-barru.html; /3/YmtNd1RGQkhMelpTV213eFVEUjRZVk4wVmtadGR6MDkjMw==/jumlah-desa-kelurahan-yang-mengalami-bencana-alam-menurut-kecamatan-di-kabupaten-barru--2011.html?year=2011; /3/YmtNd1RGQkhMelpTV213eFVEUjRZVk4wVmtadGR6MDkjMw==/jumlah-desa-kelurahan-yang-mengalami-bencana-alam-menurut-kecamatan-di-kabupaten-barru--2019.html?year=2019; /2/MzkjMg==/jumlah-curah-hujan-menurut-bulan-di-kabupaten-barru.html; /2/NDIjMg==/jumlah-hari-hujan-di-kabupaten-barru.html; /3/YkhCUFJUaExVWGwwT0ZVM1pGZG9SWFJ1WTJkWWR6MDkjMw==/jumlah-desa-kelurahan-yang-memiliki-kantor-pos-menurut-kecamatan-di-kabupaten-barru--2021.html?year=2021,6.0,0,Tidak ada
120,,Diana Water Park,,Data Tidak Ditemukan,2024-04-17 02:54:46,Jumlah Wisatawan yang Berkunjung Menurut  Objek Wisata di Kabupaten Barru,561.0,Pariwisata,147.0,,MTg2IzI=; NDMjMg==; YmtNd1RGQkhMelpTV213eFVEUjRZVk4wVmtadGR6MDkjMw==; YmtNd1RGQkhMelpTV213eFVEUjRZVk4wVmtadGR6MDkjMw==; MzkjMg==; NDIjMg==; YkhCUFJUaExVWGwwT0ZVM1pGZG9SWFJ1WTJkWWR6MDkjMw==,"Jumlah Perusahaan yang mendapat surat ijin usaha di Kabupaten Barru; Persentase Jumlah Penduduk Menurut Jenjang Pendidikan Tertinggi Yang Di Tamatkan Di Kabupaten Barru; Jumlah Desa/Kelurahan yang Mengalami Bencana Alam Menurut Kecamatan di Kabupaten Barru, 2011; Jumlah Desa/Kelurahan yang Mengalami Bencana Alam Menurut Kecamatan di Kabupaten Barru, 2019; Jumlah Curah Hujan Menurut Bulan di Kabupaten Barru; Jumlah Hari Hujan di Kabupaten Barru; Jumlah Desa/Kelurahan yang Memiliki Kantor Pos Menurut Kecamatan di Kabupaten Barru, 2021",/2/MTg2IzI=/jumlah-perusahaan-yang-mendapat-surat-ijin-usaha-di-kabupaten-barru.html; /2/NDMjMg==/persentase-jumlah-penduduk-menurut-jenjang-pendidikan-tertinggi-yang-di-tamatkan-di-kabupaten-barru.html; /3/YmtNd1RGQkhMelpTV213eFVEUjRZVk4wVmtadGR6MDkjMw==/jumlah-desa-kelurahan-yang-mengalami-bencana-alam-menurut-kecamatan-di-kabupaten-barru--2011.html?year=2011; /3/YmtNd1RGQkhMelpTV213eFVEUjRZVk4wVmtadGR6MDkjMw==/jumlah-desa-kelurahan-yang-mengalami-bencana-alam-menurut-kecamatan-di-kabupaten-barru--2019.html?year=2019; /2/MzkjMg==/jumlah-curah-hujan-menurut-bulan-di-kabupaten-barru.html; /2/NDIjMg==/jumlah-hari-hujan-di-kabupaten-barru.html; /3/YkhCUFJUaExVWGwwT0ZVM1pGZG9SWFJ1WTJkWWR6MDkjMw==/jumlah-desa-kelurahan-yang-memiliki-kantor-pos-menurut-kecamatan-di-kabupaten-barru--2021.html?year=2021,7.0,0,Tidak ada
120,,Bukit Maddo,,Data Tidak Ditemukan,2024-04-17 02:54:46,Jumlah Wisatawan yang Berkunjung Menurut  Objek Wisata di Kabupaten Barru,561.0,Pariwisata,147.0,,MTg2IzI=; NDMjMg==; YmtNd1RGQkhMelpTV213eFVEUjRZVk4wVmtadGR6MDkjMw==; YmtNd1RGQkhMelpTV213eFVEUjRZVk4wVmtadGR6MDkjMw==; MzkjMg==; NDIjMg==; YkhCUFJUaExVWGwwT0ZVM1pGZG9SWFJ1WTJkWWR6MDkjMw==,"Jumlah Perusahaan yang mendapat surat ijin usaha di Kabupaten Barru; Persentase Jumlah Penduduk Menurut Jenjang Pendidikan Tertinggi Yang Di Tamatkan Di Kabupaten Barru; Jumlah Desa/Kelurahan yang Mengalami Bencana Alam Menurut Kecamatan di Kabupaten Barru, 2011; Jumlah Desa/Kelurahan yang Mengalami Bencana Alam Menurut Kecamatan di Kabupaten Barru, 2019; Jumlah Curah Hujan Menurut Bulan di Kabupaten Barru; Jumlah Hari Hujan di Kabupaten Barru; Jumlah Desa/Kelurahan yang Memiliki Kantor Pos Menurut Kecamatan di Kabupaten Barru, 2021",/2/MTg2IzI=/jumlah-perusahaan-yang-mendapat-surat-ijin-usaha-di-kabupaten-barru.html; /2/NDMjMg==/persentase-jumlah-penduduk-menurut-jenjang-pendidikan-tertinggi-yang-di-tamatkan-di-kabupaten-barru.html; /3/YmtNd1RGQkhMelpTV213eFVEUjRZVk4wVmtadGR6MDkjMw==/jumlah-desa-kelurahan-yang-mengalami-bencana-alam-menurut-kecamatan-di-kabupaten-barru--2011.html?year=2011; /3/YmtNd1RGQkhMelpTV213eFVEUjRZVk4wVmtadGR6MDkjMw==/jumlah-desa-kelurahan-yang-mengalami-bencana-alam-menurut-kecamatan-di-kabupaten-barru--2019.html?year=2019; /2/MzkjMg==/jumlah-curah-hujan-menurut-bulan-di-kabupaten-barru.html; /2/NDIjMg==/jumlah-hari-hujan-di-kabupaten-barru.html; /3/YkhCUFJUaExVWGwwT0ZVM1pGZG9SWFJ1WTJkWWR6MDkjMw==/jumlah-desa-kelurahan-yang-memiliki-kantor-pos-menurut-kecamatan-di-kabupaten-barru--2021.html?year=2021,8.0,0,Tidak ada
120,,Gunung Kappire,,Data Tidak Ditemukan,2024-04-17 02:54:46,Jumlah Wisatawan yang Berkunjung Menurut  Objek Wisata di Kabupaten Barru,561.0,Pariwisata,147.0,,MTg2IzI=; NDMjMg==; YmtNd1RGQkhMelpTV213eFVEUjRZVk4wVmtadGR6MDkjMw==; YmtNd1RGQkhMelpTV213eFVEUjRZVk4wVmtadGR6MDkjMw==; MzkjMg==; NDIjMg==; YkhCUFJUaExVWGwwT0ZVM1pGZG9SWFJ1WTJkWWR6MDkjMw==,"Jumlah Perusahaan yang mendapat surat ijin usaha di Kabupaten Barru; Persentase Jumlah Penduduk Menurut Jenjang Pendidikan Tertinggi Yang Di Tamatkan Di Kabupaten Barru; Jumlah Desa/Kelurahan yang Mengalami Bencana Alam Menurut Kecamatan di Kabupaten Barru, 2011; Jumlah Desa/Kelurahan yang Mengalami Bencana Alam Menurut Kecamatan di Kabupaten Barru, 2019; Jumlah Curah Hujan Menurut Bulan di Kabupaten Barru; Jumlah Hari Hujan di Kabupaten Barru; Jumlah Desa/Kelurahan yang Memiliki Kantor Pos Menurut Kecamatan di Kabupaten Barru, 2021",/2/MTg2IzI=/jumlah-perusahaan-yang-mendapat-surat-ijin-usaha-di-kabupaten-barru.html; /2/NDMjMg==/persentase-jumlah-penduduk-menurut-jenjang-pendidikan-tertinggi-yang-di-tamatkan-di-kabupaten-barru.html; /3/YmtNd1RGQkhMelpTV213eFVEUjRZVk4wVmtadGR6MDkjMw==/jumlah-desa-kelurahan-yang-mengalami-bencana-alam-menurut-kecamatan-di-kabupaten-barru--2011.html?year=2011; /3/YmtNd1RGQkhMelpTV213eFVEUjRZVk4wVmtadGR6MDkjMw==/jumlah-desa-kelurahan-yang-mengalami-bencana-alam-menurut-kecamatan-di-kabupaten-barru--2019.html?year=2019; /2/MzkjMg==/jumlah-curah-hujan-menurut-bulan-di-kabupaten-barru.html; /2/NDIjMg==/jumlah-hari-hujan-di-kabupaten-barru.html; /3/YkhCUFJUaExVWGwwT0ZVM1pGZG9SWFJ1WTJkWWR6MDkjMw==/jumlah-desa-kelurahan-yang-memiliki-kantor-pos-menurut-kecamatan-di-kabupaten-barru--2021.html?year=2021,9.0,0,Tidak ada
121,2021,Pantai Ujung Batu,10999.0,Data Tersedia,2024-04-17 02:54:46,Jumlah Wisatawan yang Berkunjung Menurut  Objek Wisata di Kabupaten Barru,561.0,Pariwisata,147.0,,MTg2IzI=; NDMjMg==; YmtNd1RGQkhMelpTV213eFVEUjRZVk4wVmtadGR6MDkjMw==; YmtNd1RGQkhMelpTV213eFVEUjRZVk4wVmtadGR6MDkjMw==; MzkjMg==; NDIjMg==; YkhCUFJUaExVWGwwT0ZVM1pGZG9SWFJ1WTJkWWR6MDkjMw==,"Jumlah Perusahaan yang mendapat surat ijin usaha di Kabupaten Barru; Persentase Jumlah Penduduk Menurut Jenjang Pendidikan Tertinggi Yang Di Tamatkan Di Kabupaten Barru; Jumlah Desa/Kelurahan yang Mengalami Bencana Alam Menurut Kecamatan di Kabupaten Barru, 2011; Jumlah Desa/Kelurahan yang Mengalami Bencana Alam Menurut Kecamatan di Kabupaten Barru, 2019; Jumlah Curah Hujan Menurut Bulan di Kabupaten Barru; Jumlah Hari Hujan di Kabupaten Barru; Jumlah Desa/Kelurahan yang Memiliki Kantor Pos Menurut Kecamatan di Kabupaten Barru, 2021",/2/MTg2IzI=/jumlah-perusahaan-yang-mendapat-surat-ijin-usaha-di-kabupaten-barru.html; /2/NDMjMg==/persentase-jumlah-penduduk-menurut-jenjang-pendidikan-tertinggi-yang-di-tamatkan-di-kabupaten-barru.html; /3/YmtNd1RGQkhMelpTV213eFVEUjRZVk4wVmtadGR6MDkjMw==/jumlah-desa-kelurahan-yang-mengalami-bencana-alam-menurut-kecamatan-di-kabupaten-barru--2011.html?year=2011; /3/YmtNd1RGQkhMelpTV213eFVEUjRZVk4wVmtadGR6MDkjMw==/jumlah-desa-kelurahan-yang-mengalami-bencana-alam-menurut-kecamatan-di-kabupaten-barru--2019.html?year=2019; /2/MzkjMg==/jumlah-curah-hujan-menurut-bulan-di-kabupaten-barru.html; /2/NDIjMg==/jumlah-hari-hujan-di-kabupaten-barru.html; /3/YkhCUFJUaExVWGwwT0ZVM1pGZG9SWFJ1WTJkWWR6MDkjMw==/jumlah-desa-kelurahan-yang-memiliki-kantor-pos-menurut-kecamatan-di-kabupaten-barru--2021.html?year=2021,1.0,0,Tidak ada
121,2021,Pulau Dutungan ,4612.0,Data Tersedia,2024-04-17 02:54:46,Jumlah Wisatawan yang Berkunjung Menurut  Objek Wisata di Kabupaten Barru,561.0,Pariwisata,147.0,,MTg2IzI=; NDMjMg==; YmtNd1RGQkhMelpTV213eFVEUjRZVk4wVmtadGR6MDkjMw==; YmtNd1RGQkhMelpTV213eFVEUjRZVk4wVmtadGR6MDkjMw==; MzkjMg==; NDIjMg==; YkhCUFJUaExVWGwwT0ZVM1pGZG9SWFJ1WTJkWWR6MDkjMw==,"Jumlah Perusahaan yang mendapat surat ijin usaha di Kabupaten Barru; Persentase Jumlah Penduduk Menurut Jenjang Pendidikan Tertinggi Yang Di Tamatkan Di Kabupaten Barru; Jumlah Desa/Kelurahan yang Mengalami Bencana Alam Menurut Kecamatan di Kabupaten Barru, 2011; Jumlah Desa/Kelurahan yang Mengalami Bencana Alam Menurut Kecamatan di Kabupaten Barru, 2019; Jumlah Curah Hujan Menurut Bulan di Kabupaten Barru; Jumlah Hari Hujan di Kabupaten Barru; Jumlah Desa/Kelurahan yang Memiliki Kantor Pos Menurut Kecamatan di Kabupaten Barru, 2021",/2/MTg2IzI=/jumlah-perusahaan-yang-mendapat-surat-ijin-usaha-di-kabupaten-barru.html; /2/NDMjMg==/persentase-jumlah-penduduk-menurut-jenjang-pendidikan-tertinggi-yang-di-tamatkan-di-kabupaten-barru.html; /3/YmtNd1RGQkhMelpTV213eFVEUjRZVk4wVmtadGR6MDkjMw==/jumlah-desa-kelurahan-yang-mengalami-bencana-alam-menurut-kecamatan-di-kabupaten-barru--2011.html?year=2011; /3/YmtNd1RGQkhMelpTV213eFVEUjRZVk4wVmtadGR6MDkjMw==/jumlah-desa-kelurahan-yang-mengalami-bencana-alam-menurut-kecamatan-di-kabupaten-barru--2019.html?year=2019; /2/MzkjMg==/jumlah-curah-hujan-menurut-bulan-di-kabupaten-barru.html; /2/NDIjMg==/jumlah-hari-hujan-di-kabupaten-barru.html; /3/YkhCUFJUaExVWGwwT0ZVM1pGZG9SWFJ1WTJkWWR6MDkjMw==/jumlah-desa-kelurahan-yang-memiliki-kantor-pos-menurut-kecamatan-di-kabupaten-barru--2021.html?year=2021,2.0,0,Tidak ada
121,2021,Pantai Kupa,,Data Tidak Ditemukan,2024-04-17 02:54:46,Jumlah Wisatawan yang Berkunjung Menurut  Objek Wisata di Kabupaten Barru,561.0,Pariwisata,147.0,,MTg2IzI=; NDMjMg==; YmtNd1RGQkhMelpTV213eFVEUjRZVk4wVmtadGR6MDkjMw==; YmtNd1RGQkhMelpTV213eFVEUjRZVk4wVmtadGR6MDkjMw==; MzkjMg==; NDIjMg==; YkhCUFJUaExVWGwwT0ZVM1pGZG9SWFJ1WTJkWWR6MDkjMw==,"Jumlah Perusahaan yang mendapat surat ijin usaha di Kabupaten Barru; Persentase Jumlah Penduduk Menurut Jenjang Pendidikan Tertinggi Yang Di Tamatkan Di Kabupaten Barru; Jumlah Desa/Kelurahan yang Mengalami Bencana Alam Menurut Kecamatan di Kabupaten Barru, 2011; Jumlah Desa/Kelurahan yang Mengalami Bencana Alam Menurut Kecamatan di Kabupaten Barru, 2019; Jumlah Curah Hujan Menurut Bulan di Kabupaten Barru; Jumlah Hari Hujan di Kabupaten Barru; Jumlah Desa/Kelurahan yang Memiliki Kantor Pos Menurut Kecamatan di Kabupaten Barru, 2021",/2/MTg2IzI=/jumlah-perusahaan-yang-mendapat-surat-ijin-usaha-di-kabupaten-barru.html; /2/NDMjMg==/persentase-jumlah-penduduk-menurut-jenjang-pendidikan-tertinggi-yang-di-tamatkan-di-kabupaten-barru.html; /3/YmtNd1RGQkhMelpTV213eFVEUjRZVk4wVmtadGR6MDkjMw==/jumlah-desa-kelurahan-yang-mengalami-bencana-alam-menurut-kecamatan-di-kabupaten-barru--2011.html?year=2011; /3/YmtNd1RGQkhMelpTV213eFVEUjRZVk4wVmtadGR6MDkjMw==/jumlah-desa-kelurahan-yang-mengalami-bencana-alam-menurut-kecamatan-di-kabupaten-barru--2019.html?year=2019; /2/MzkjMg==/jumlah-curah-hujan-menurut-bulan-di-kabupaten-barru.html; /2/NDIjMg==/jumlah-hari-hujan-di-kabupaten-barru.html; /3/YkhCUFJUaExVWGwwT0ZVM1pGZG9SWFJ1WTJkWWR6MDkjMw==/jumlah-desa-kelurahan-yang-memiliki-kantor-pos-menurut-kecamatan-di-kabupaten-barru--2021.html?year=2021,3.0,0,Tidak ada
121,2021,Pesantren Alam Tompo,1241.0,Data Tersedia,2024-04-17 02:54:46,Jumlah Wisatawan yang Berkunjung Menurut  Objek Wisata di Kabupaten Barru,561.0,Pariwisata,147.0,,MTg2IzI=; NDMjMg==; YmtNd1RGQkhMelpTV213eFVEUjRZVk4wVmtadGR6MDkjMw==; YmtNd1RGQkhMelpTV213eFVEUjRZVk4wVmtadGR6MDkjMw==; MzkjMg==; NDIjMg==; YkhCUFJUaExVWGwwT0ZVM1pGZG9SWFJ1WTJkWWR6MDkjMw==,"Jumlah Perusahaan yang mendapat surat ijin usaha di Kabupaten Barru; Persentase Jumlah Penduduk Menurut Jenjang Pendidikan Tertinggi Yang Di Tamatkan Di Kabupaten Barru; Jumlah Desa/Kelurahan yang Mengalami Bencana Alam Menurut Kecamatan di Kabupaten Barru, 2011; Jumlah Desa/Kelurahan yang Mengalami Bencana Alam Menurut Kecamatan di Kabupaten Barru, 2019; Jumlah Curah Hujan Menurut Bulan di Kabupaten Barru; Jumlah Hari Hujan di Kabupaten Barru; Jumlah Desa/Kelurahan yang Memiliki Kantor Pos Menurut Kecamatan di Kabupaten Barru, 2021",/2/MTg2IzI=/jumlah-perusahaan-yang-mendapat-surat-ijin-usaha-di-kabupaten-barru.html; /2/NDMjMg==/persentase-jumlah-penduduk-menurut-jenjang-pendidikan-tertinggi-yang-di-tamatkan-di-kabupaten-barru.html; /3/YmtNd1RGQkhMelpTV213eFVEUjRZVk4wVmtadGR6MDkjMw==/jumlah-desa-kelurahan-yang-mengalami-bencana-alam-menurut-kecamatan-di-kabupaten-barru--2011.html?year=2011; /3/YmtNd1RGQkhMelpTV213eFVEUjRZVk4wVmtadGR6MDkjMw==/jumlah-desa-kelurahan-yang-mengalami-bencana-alam-menurut-kecamatan-di-kabupaten-barru--2019.html?year=2019; /2/MzkjMg==/jumlah-curah-hujan-menurut-bulan-di-kabupaten-barru.html; /2/NDIjMg==/jumlah-hari-hujan-di-kabupaten-barru.html; /3/YkhCUFJUaExVWGwwT0ZVM1pGZG9SWFJ1WTJkWWR6MDkjMw==/jumlah-desa-kelurahan-yang-memiliki-kantor-pos-menurut-kecamatan-di-kabupaten-barru--2021.html?year=2021,4.0,0,Tidak ada
121,2021,Lapalona Highland,5535.0,Data Tersedia,2024-04-17 02:54:46,Jumlah Wisatawan yang Berkunjung Menurut  Objek Wisata di Kabupaten Barru,561.0,Pariwisata,147.0,,MTg2IzI=; NDMjMg==; YmtNd1RGQkhMelpTV213eFVEUjRZVk4wVmtadGR6MDkjMw==; YmtNd1RGQkhMelpTV213eFVEUjRZVk4wVmtadGR6MDkjMw==; MzkjMg==; NDIjMg==; YkhCUFJUaExVWGwwT0ZVM1pGZG9SWFJ1WTJkWWR6MDkjMw==,"Jumlah Perusahaan yang mendapat surat ijin usaha di Kabupaten Barru; Persentase Jumlah Penduduk Menurut Jenjang Pendidikan Tertinggi Yang Di Tamatkan Di Kabupaten Barru; Jumlah Desa/Kelurahan yang Mengalami Bencana Alam Menurut Kecamatan di Kabupaten Barru, 2011; Jumlah Desa/Kelurahan yang Mengalami Bencana Alam Menurut Kecamatan di Kabupaten Barru, 2019; Jumlah Curah Hujan Menurut Bulan di Kabupaten Barru; Jumlah Hari Hujan di Kabupaten Barru; Jumlah Desa/Kelurahan yang Memiliki Kantor Pos Menurut Kecamatan di Kabupaten Barru, 2021",/2/MTg2IzI=/jumlah-perusahaan-yang-mendapat-surat-ijin-usaha-di-kabupaten-barru.html; /2/NDMjMg==/persentase-jumlah-penduduk-menurut-jenjang-pendidikan-tertinggi-yang-di-tamatkan-di-kabupaten-barru.html; /3/YmtNd1RGQkhMelpTV213eFVEUjRZVk4wVmtadGR6MDkjMw==/jumlah-desa-kelurahan-yang-mengalami-bencana-alam-menurut-kecamatan-di-kabupaten-barru--2011.html?year=2011; /3/YmtNd1RGQkhMelpTV213eFVEUjRZVk4wVmtadGR6MDkjMw==/jumlah-desa-kelurahan-yang-mengalami-bencana-alam-menurut-kecamatan-di-kabupaten-barru--2019.html?year=2019; /2/MzkjMg==/jumlah-curah-hujan-menurut-bulan-di-kabupaten-barru.html; /2/NDIjMg==/jumlah-hari-hujan-di-kabupaten-barru.html; /3/YkhCUFJUaExVWGwwT0ZVM1pGZG9SWFJ1WTJkWWR6MDkjMw==/jumlah-desa-kelurahan-yang-memiliki-kantor-pos-menurut-kecamatan-di-kabupaten-barru--2021.html?year=2021,5.0,0,Tidak ada
121,2021,Pantai Laguna,6647.0,Data Tersedia,2024-04-17 02:54:46,Jumlah Wisatawan yang Berkunjung Menurut  Objek Wisata di Kabupaten Barru,561.0,Pariwisata,147.0,,MTg2IzI=; NDMjMg==; YmtNd1RGQkhMelpTV213eFVEUjRZVk4wVmtadGR6MDkjMw==; YmtNd1RGQkhMelpTV213eFVEUjRZVk4wVmtadGR6MDkjMw==; MzkjMg==; NDIjMg==; YkhCUFJUaExVWGwwT0ZVM1pGZG9SWFJ1WTJkWWR6MDkjMw==,"Jumlah Perusahaan yang mendapat surat ijin usaha di Kabupaten Barru; Persentase Jumlah Penduduk Menurut Jenjang Pendidikan Tertinggi Yang Di Tamatkan Di Kabupaten Barru; Jumlah Desa/Kelurahan yang Mengalami Bencana Alam Menurut Kecamatan di Kabupaten Barru, 2011; Jumlah Desa/Kelurahan yang Mengalami Bencana Alam Menurut Kecamatan di Kabupaten Barru, 2019; Jumlah Curah Hujan Menurut Bulan di Kabupaten Barru; Jumlah Hari Hujan di Kabupaten Barru; Jumlah Desa/Kelurahan yang Memiliki Kantor Pos Menurut Kecamatan di Kabupaten Barru, 2021",/2/MTg2IzI=/jumlah-perusahaan-yang-mendapat-surat-ijin-usaha-di-kabupaten-barru.html; /2/NDMjMg==/persentase-jumlah-penduduk-menurut-jenjang-pendidikan-tertinggi-yang-di-tamatkan-di-kabupaten-barru.html; /3/YmtNd1RGQkhMelpTV213eFVEUjRZVk4wVmtadGR6MDkjMw==/jumlah-desa-kelurahan-yang-mengalami-bencana-alam-menurut-kecamatan-di-kabupaten-barru--2011.html?year=2011; /3/YmtNd1RGQkhMelpTV213eFVEUjRZVk4wVmtadGR6MDkjMw==/jumlah-desa-kelurahan-yang-mengalami-bencana-alam-menurut-kecamatan-di-kabupaten-barru--2019.html?year=2019; /2/MzkjMg==/jumlah-curah-hujan-menurut-bulan-di-kabupaten-barru.html; /2/NDIjMg==/jumlah-hari-hujan-di-kabupaten-barru.html; /3/YkhCUFJUaExVWGwwT0ZVM1pGZG9SWFJ1WTJkWWR6MDkjMw==/jumlah-desa-kelurahan-yang-memiliki-kantor-pos-menurut-kecamatan-di-kabupaten-barru--2021.html?year=2021,6.0,0,Tidak ada
121,2021,Diana Water Park,,Data Tidak Ditemukan,2024-04-17 02:54:46,Jumlah Wisatawan yang Berkunjung Menurut  Objek Wisata di Kabupaten Barru,561.0,Pariwisata,147.0,,MTg2IzI=; NDMjMg==; YmtNd1RGQkhMelpTV213eFVEUjRZVk4wVmtadGR6MDkjMw==; YmtNd1RGQkhMelpTV213eFVEUjRZVk4wVmtadGR6MDkjMw==; MzkjMg==; NDIjMg==; YkhCUFJUaExVWGwwT0ZVM1pGZG9SWFJ1WTJkWWR6MDkjMw==,"Jumlah Perusahaan yang mendapat surat ijin usaha di Kabupaten Barru; Persentase Jumlah Penduduk Menurut Jenjang Pendidikan Tertinggi Yang Di Tamatkan Di Kabupaten Barru; Jumlah Desa/Kelurahan yang Mengalami Bencana Alam Menurut Kecamatan di Kabupaten Barru, 2011; Jumlah Desa/Kelurahan yang Mengalami Bencana Alam Menurut Kecamatan di Kabupaten Barru, 2019; Jumlah Curah Hujan Menurut Bulan di Kabupaten Barru; Jumlah Hari Hujan di Kabupaten Barru; Jumlah Desa/Kelurahan yang Memiliki Kantor Pos Menurut Kecamatan di Kabupaten Barru, 2021",/2/MTg2IzI=/jumlah-perusahaan-yang-mendapat-surat-ijin-usaha-di-kabupaten-barru.html; /2/NDMjMg==/persentase-jumlah-penduduk-menurut-jenjang-pendidikan-tertinggi-yang-di-tamatkan-di-kabupaten-barru.html; /3/YmtNd1RGQkhMelpTV213eFVEUjRZVk4wVmtadGR6MDkjMw==/jumlah-desa-kelurahan-yang-mengalami-bencana-alam-menurut-kecamatan-di-kabupaten-barru--2011.html?year=2011; /3/YmtNd1RGQkhMelpTV213eFVEUjRZVk4wVmtadGR6MDkjMw==/jumlah-desa-kelurahan-yang-mengalami-bencana-alam-menurut-kecamatan-di-kabupaten-barru--2019.html?year=2019; /2/MzkjMg==/jumlah-curah-hujan-menurut-bulan-di-kabupaten-barru.html; /2/NDIjMg==/jumlah-hari-hujan-di-kabupaten-barru.html; /3/YkhCUFJUaExVWGwwT0ZVM1pGZG9SWFJ1WTJkWWR6MDkjMw==/jumlah-desa-kelurahan-yang-memiliki-kantor-pos-menurut-kecamatan-di-kabupaten-barru--2021.html?year=2021,7.0,0,Tidak ada
121,2021,Bukit Maddo,,Data Tidak Ditemukan,2024-04-17 02:54:46,Jumlah Wisatawan yang Berkunjung Menurut  Objek Wisata di Kabupaten Barru,561.0,Pariwisata,147.0,,MTg2IzI=; NDMjMg==; YmtNd1RGQkhMelpTV213eFVEUjRZVk4wVmtadGR6MDkjMw==; YmtNd1RGQkhMelpTV213eFVEUjRZVk4wVmtadGR6MDkjMw==; MzkjMg==; NDIjMg==; YkhCUFJUaExVWGwwT0ZVM1pGZG9SWFJ1WTJkWWR6MDkjMw==,"Jumlah Perusahaan yang mendapat surat ijin usaha di Kabupaten Barru; Persentase Jumlah Penduduk Menurut Jenjang Pendidikan Tertinggi Yang Di Tamatkan Di Kabupaten Barru; Jumlah Desa/Kelurahan yang Mengalami Bencana Alam Menurut Kecamatan di Kabupaten Barru, 2011; Jumlah Desa/Kelurahan yang Mengalami Bencana Alam Menurut Kecamatan di Kabupaten Barru, 2019; Jumlah Curah Hujan Menurut Bulan di Kabupaten Barru; Jumlah Hari Hujan di Kabupaten Barru; Jumlah Desa/Kelurahan yang Memiliki Kantor Pos Menurut Kecamatan di Kabupaten Barru, 2021",/2/MTg2IzI=/jumlah-perusahaan-yang-mendapat-surat-ijin-usaha-di-kabupaten-barru.html; /2/NDMjMg==/persentase-jumlah-penduduk-menurut-jenjang-pendidikan-tertinggi-yang-di-tamatkan-di-kabupaten-barru.html; /3/YmtNd1RGQkhMelpTV213eFVEUjRZVk4wVmtadGR6MDkjMw==/jumlah-desa-kelurahan-yang-mengalami-bencana-alam-menurut-kecamatan-di-kabupaten-barru--2011.html?year=2011; /3/YmtNd1RGQkhMelpTV213eFVEUjRZVk4wVmtadGR6MDkjMw==/jumlah-desa-kelurahan-yang-mengalami-bencana-alam-menurut-kecamatan-di-kabupaten-barru--2019.html?year=2019; /2/MzkjMg==/jumlah-curah-hujan-menurut-bulan-di-kabupaten-barru.html; /2/NDIjMg==/jumlah-hari-hujan-di-kabupaten-barru.html; /3/YkhCUFJUaExVWGwwT0ZVM1pGZG9SWFJ1WTJkWWR6MDkjMw==/jumlah-desa-kelurahan-yang-memiliki-kantor-pos-menurut-kecamatan-di-kabupaten-barru--2021.html?year=2021,8.0,0,Tidak ada
121,2021,Gunung Kappire,,Data Tidak Ditemukan,2024-04-17 02:54:46,Jumlah Wisatawan yang Berkunjung Menurut  Objek Wisata di Kabupaten Barru,561.0,Pariwisata,147.0,,MTg2IzI=; NDMjMg==; YmtNd1RGQkhMelpTV213eFVEUjRZVk4wVmtadGR6MDkjMw==; YmtNd1RGQkhMelpTV213eFVEUjRZVk4wVmtadGR6MDkjMw==; MzkjMg==; NDIjMg==; YkhCUFJUaExVWGwwT0ZVM1pGZG9SWFJ1WTJkWWR6MDkjMw==,"Jumlah Perusahaan yang mendapat surat ijin usaha di Kabupaten Barru; Persentase Jumlah Penduduk Menurut Jenjang Pendidikan Tertinggi Yang Di Tamatkan Di Kabupaten Barru; Jumlah Desa/Kelurahan yang Mengalami Bencana Alam Menurut Kecamatan di Kabupaten Barru, 2011; Jumlah Desa/Kelurahan yang Mengalami Bencana Alam Menurut Kecamatan di Kabupaten Barru, 2019; Jumlah Curah Hujan Menurut Bulan di Kabupaten Barru; Jumlah Hari Hujan di Kabupaten Barru; Jumlah Desa/Kelurahan yang Memiliki Kantor Pos Menurut Kecamatan di Kabupaten Barru, 2021",/2/MTg2IzI=/jumlah-perusahaan-yang-mendapat-surat-ijin-usaha-di-kabupaten-barru.html; /2/NDMjMg==/persentase-jumlah-penduduk-menurut-jenjang-pendidikan-tertinggi-yang-di-tamatkan-di-kabupaten-barru.html; /3/YmtNd1RGQkhMelpTV213eFVEUjRZVk4wVmtadGR6MDkjMw==/jumlah-desa-kelurahan-yang-mengalami-bencana-alam-menurut-kecamatan-di-kabupaten-barru--2011.html?year=2011; /3/YmtNd1RGQkhMelpTV213eFVEUjRZVk4wVmtadGR6MDkjMw==/jumlah-desa-kelurahan-yang-mengalami-bencana-alam-menurut-kecamatan-di-kabupaten-barru--2019.html?year=2019; /2/MzkjMg==/jumlah-curah-hujan-menurut-bulan-di-kabupaten-barru.html; /2/NDIjMg==/jumlah-hari-hujan-di-kabupaten-barru.html; /3/YkhCUFJUaExVWGwwT0ZVM1pGZG9SWFJ1WTJkWWR6MDkjMw==/jumlah-desa-kelurahan-yang-memiliki-kantor-pos-menurut-kecamatan-di-kabupaten-barru--2021.html?year=2021,9.0,0,Tidak ada
122,2022,Pantai Ujung Batu,16000.0,Data Tersedia,2024-04-17 02:54:46,Jumlah Wisatawan yang Berkunjung Menurut  Objek Wisata di Kabupaten Barru,561.0,Pariwisata,147.0,,MTg2IzI=; NDMjMg==; MTY3IzI=; YmtNd1RGQkhMelpTV213eFVEUjRZVk4wVmtadGR6MDkjMw==; YmtNd1RGQkhMelpTV213eFVEUjRZVk4wVmtadGR6MDkjMw==; MzkjMg==; MTg0IzI=,"Jumlah Perusahaan yang mendapat surat ijin usaha di Kabupaten Barru; Persentase Jumlah Penduduk Menurut Jenjang Pendidikan Tertinggi Yang Di Tamatkan Di Kabupaten Barru; Jumlah Karang Taruna Menurut Kecamatan di Kabupaten Barru ; Jumlah Desa/Kelurahan yang Mengalami Bencana Alam Menurut Kecamatan di Kabupaten Barru, 2011; Jumlah Desa/Kelurahan yang Mengalami Bencana Alam Menurut Kecamatan di Kabupaten Barru, 2019; Jumlah Curah Hujan Menurut Bulan di Kabupaten Barru; Jumlah Sarana Perdagangan di Kabupaten barru",/2/MTg2IzI=/jumlah-perusahaan-yang-mendapat-surat-ijin-usaha-di-kabupaten-barru.html; /2/NDMjMg==/persentase-jumlah-penduduk-menurut-jenjang-pendidikan-tertinggi-yang-di-tamatkan-di-kabupaten-barru.html; /2/MTY3IzI=/jumlah-karang-taruna-menurut-kecamatan-di-kabupaten-barru-.html; /3/YmtNd1RGQkhMelpTV213eFVEUjRZVk4wVmtadGR6MDkjMw==/jumlah-desa-kelurahan-yang-mengalami-bencana-alam-menurut-kecamatan-di-kabupaten-barru--2011.html?year=2011; /3/YmtNd1RGQkhMelpTV213eFVEUjRZVk4wVmtadGR6MDkjMw==/jumlah-desa-kelurahan-yang-mengalami-bencana-alam-menurut-kecamatan-di-kabupaten-barru--2019.html?year=2019; /2/MzkjMg==/jumlah-curah-hujan-menurut-bulan-di-kabupaten-barru.html; /2/MTg0IzI=/jumlah-sarana-perdagangan-di-kabupaten-barru.html,1.0,0,Tidak ada
122,2022,Pulau Dutungan ,7840.0,Data Tersedia,2024-04-17 02:54:46,Jumlah Wisatawan yang Berkunjung Menurut  Objek Wisata di Kabupaten Barru,561.0,Pariwisata,147.0,,MTg2IzI=; NDMjMg==; MTY3IzI=; YmtNd1RGQkhMelpTV213eFVEUjRZVk4wVmtadGR6MDkjMw==; YmtNd1RGQkhMelpTV213eFVEUjRZVk4wVmtadGR6MDkjMw==; MzkjMg==; MTg0IzI=,"Jumlah Perusahaan yang mendapat surat ijin usaha di Kabupaten Barru; Persentase Jumlah Penduduk Menurut Jenjang Pendidikan Tertinggi Yang Di Tamatkan Di Kabupaten Barru; Jumlah Karang Taruna Menurut Kecamatan di Kabupaten Barru ; Jumlah Desa/Kelurahan yang Mengalami Bencana Alam Menurut Kecamatan di Kabupaten Barru, 2011; Jumlah Desa/Kelurahan yang Mengalami Bencana Alam Menurut Kecamatan di Kabupaten Barru, 2019; Jumlah Curah Hujan Menurut Bulan di Kabupaten Barru; Jumlah Sarana Perdagangan di Kabupaten barru",/2/MTg2IzI=/jumlah-perusahaan-yang-mendapat-surat-ijin-usaha-di-kabupaten-barru.html; /2/NDMjMg==/persentase-jumlah-penduduk-menurut-jenjang-pendidikan-tertinggi-yang-di-tamatkan-di-kabupaten-barru.html; /2/MTY3IzI=/jumlah-karang-taruna-menurut-kecamatan-di-kabupaten-barru-.html; /3/YmtNd1RGQkhMelpTV213eFVEUjRZVk4wVmtadGR6MDkjMw==/jumlah-desa-kelurahan-yang-mengalami-bencana-alam-menurut-kecamatan-di-kabupaten-barru--2011.html?year=2011; /3/YmtNd1RGQkhMelpTV213eFVEUjRZVk4wVmtadGR6MDkjMw==/jumlah-desa-kelurahan-yang-mengalami-bencana-alam-menurut-kecamatan-di-kabupaten-barru--2019.html?year=2019; /2/MzkjMg==/jumlah-curah-hujan-menurut-bulan-di-kabupaten-barru.html; /2/MTg0IzI=/jumlah-sarana-perdagangan-di-kabupaten-barru.html,2.0,0,Tidak ada
122,2022,Pantai Kupa,,Data Tidak Ditemukan,2024-04-17 02:54:46,Jumlah Wisatawan yang Berkunjung Menurut  Objek Wisata di Kabupaten Barru,561.0,Pariwisata,147.0,,MTg2IzI=; NDMjMg==; MTY3IzI=; YmtNd1RGQkhMelpTV213eFVEUjRZVk4wVmtadGR6MDkjMw==; YmtNd1RGQkhMelpTV213eFVEUjRZVk4wVmtadGR6MDkjMw==; MzkjMg==; MTg0IzI=,"Jumlah Perusahaan yang mendapat surat ijin usaha di Kabupaten Barru; Persentase Jumlah Penduduk Menurut Jenjang Pendidikan Tertinggi Yang Di Tamatkan Di Kabupaten Barru; Jumlah Karang Taruna Menurut Kecamatan di Kabupaten Barru ; Jumlah Desa/Kelurahan yang Mengalami Bencana Alam Menurut Kecamatan di Kabupaten Barru, 2011; Jumlah Desa/Kelurahan yang Mengalami Bencana Alam Menurut Kecamatan di Kabupaten Barru, 2019; Jumlah Curah Hujan Menurut Bulan di Kabupaten Barru; Jumlah Sarana Perdagangan di Kabupaten barru",/2/MTg2IzI=/jumlah-perusahaan-yang-mendapat-surat-ijin-usaha-di-kabupaten-barru.html; /2/NDMjMg==/persentase-jumlah-penduduk-menurut-jenjang-pendidikan-tertinggi-yang-di-tamatkan-di-kabupaten-barru.html; /2/MTY3IzI=/jumlah-karang-taruna-menurut-kecamatan-di-kabupaten-barru-.html; /3/YmtNd1RGQkhMelpTV213eFVEUjRZVk4wVmtadGR6MDkjMw==/jumlah-desa-kelurahan-yang-mengalami-bencana-alam-menurut-kecamatan-di-kabupaten-barru--2011.html?year=2011; /3/YmtNd1RGQkhMelpTV213eFVEUjRZVk4wVmtadGR6MDkjMw==/jumlah-desa-kelurahan-yang-mengalami-bencana-alam-menurut-kecamatan-di-kabupaten-barru--2019.html?year=2019; /2/MzkjMg==/jumlah-curah-hujan-menurut-bulan-di-kabupaten-barru.html; /2/MTg0IzI=/jumlah-sarana-perdagangan-di-kabupaten-barru.html,3.0,0,Tidak ada
122,2022,Pesantren Alam Tompo,1890.0,Data Tersedia,2024-04-17 02:54:46,Jumlah Wisatawan yang Berkunjung Menurut  Objek Wisata di Kabupaten Barru,561.0,Pariwisata,147.0,,MTg2IzI=; NDMjMg==; MTY3IzI=; YmtNd1RGQkhMelpTV213eFVEUjRZVk4wVmtadGR6MDkjMw==; YmtNd1RGQkhMelpTV213eFVEUjRZVk4wVmtadGR6MDkjMw==; MzkjMg==; MTg0IzI=,"Jumlah Perusahaan yang mendapat surat ijin usaha di Kabupaten Barru; Persentase Jumlah Penduduk Menurut Jenjang Pendidikan Tertinggi Yang Di Tamatkan Di Kabupaten Barru; Jumlah Karang Taruna Menurut Kecamatan di Kabupaten Barru ; Jumlah Desa/Kelurahan yang Mengalami Bencana Alam Menurut Kecamatan di Kabupaten Barru, 2011; Jumlah Desa/Kelurahan yang Mengalami Bencana Alam Menurut Kecamatan di Kabupaten Barru, 2019; Jumlah Curah Hujan Menurut Bulan di Kabupaten Barru; Jumlah Sarana Perdagangan di Kabupaten barru",/2/MTg2IzI=/jumlah-perusahaan-yang-mendapat-surat-ijin-usaha-di-kabupaten-barru.html; /2/NDMjMg==/persentase-jumlah-penduduk-menurut-jenjang-pendidikan-tertinggi-yang-di-tamatkan-di-kabupaten-barru.html; /2/MTY3IzI=/jumlah-karang-taruna-menurut-kecamatan-di-kabupaten-barru-.html; /3/YmtNd1RGQkhMelpTV213eFVEUjRZVk4wVmtadGR6MDkjMw==/jumlah-desa-kelurahan-yang-mengalami-bencana-alam-menurut-kecamatan-di-kabupaten-barru--2011.html?year=2011; /3/YmtNd1RGQkhMelpTV213eFVEUjRZVk4wVmtadGR6MDkjMw==/jumlah-desa-kelurahan-yang-mengalami-bencana-alam-menurut-kecamatan-di-kabupaten-barru--2019.html?year=2019; /2/MzkjMg==/jumlah-curah-hujan-menurut-bulan-di-kabupaten-barru.html; /2/MTg0IzI=/jumlah-sarana-perdagangan-di-kabupaten-barru.html,4.0,0,Tidak ada
122,2022,Lapalona Highland,20180.0,Data Tersedia,2024-04-17 02:54:46,Jumlah Wisatawan yang Berkunjung Menurut  Objek Wisata di Kabupaten Barru,561.0,Pariwisata,147.0,,MTg2IzI=; NDMjMg==; MTY3IzI=; YmtNd1RGQkhMelpTV213eFVEUjRZVk4wVmtadGR6MDkjMw==; YmtNd1RGQkhMelpTV213eFVEUjRZVk4wVmtadGR6MDkjMw==; MzkjMg==; MTg0IzI=,"Jumlah Perusahaan yang mendapat surat ijin usaha di Kabupaten Barru; Persentase Jumlah Penduduk Menurut Jenjang Pendidikan Tertinggi Yang Di Tamatkan Di Kabupaten Barru; Jumlah Karang Taruna Menurut Kecamatan di Kabupaten Barru ; Jumlah Desa/Kelurahan yang Mengalami Bencana Alam Menurut Kecamatan di Kabupaten Barru, 2011; Jumlah Desa/Kelurahan yang Mengalami Bencana Alam Menurut Kecamatan di Kabupaten Barru, 2019; Jumlah Curah Hujan Menurut Bulan di Kabupaten Barru; Jumlah Sarana Perdagangan di Kabupaten barru",/2/MTg2IzI=/jumlah-perusahaan-yang-mendapat-surat-ijin-usaha-di-kabupaten-barru.html; /2/NDMjMg==/persentase-jumlah-penduduk-menurut-jenjang-pendidikan-tertinggi-yang-di-tamatkan-di-kabupaten-barru.html; /2/MTY3IzI=/jumlah-karang-taruna-menurut-kecamatan-di-kabupaten-barru-.html; /3/YmtNd1RGQkhMelpTV213eFVEUjRZVk4wVmtadGR6MDkjMw==/jumlah-desa-kelurahan-yang-mengalami-bencana-alam-menurut-kecamatan-di-kabupaten-barru--2011.html?year=2011; /3/YmtNd1RGQkhMelpTV213eFVEUjRZVk4wVmtadGR6MDkjMw==/jumlah-desa-kelurahan-yang-mengalami-bencana-alam-menurut-kecamatan-di-kabupaten-barru--2019.html?year=2019; /2/MzkjMg==/jumlah-curah-hujan-menurut-bulan-di-kabupaten-barru.html; /2/MTg0IzI=/jumlah-sarana-perdagangan-di-kabupaten-barru.html,5.0,0,Tidak ada
122,2022,Pantai Laguna,11239.0,Data Tersedia,2024-04-17 02:54:46,Jumlah Wisatawan yang Berkunjung Menurut  Objek Wisata di Kabupaten Barru,561.0,Pariwisata,147.0,,MTg2IzI=; NDMjMg==; MTY3IzI=; YmtNd1RGQkhMelpTV213eFVEUjRZVk4wVmtadGR6MDkjMw==; YmtNd1RGQkhMelpTV213eFVEUjRZVk4wVmtadGR6MDkjMw==; MzkjMg==; MTg0IzI=,"Jumlah Perusahaan yang mendapat surat ijin usaha di Kabupaten Barru; Persentase Jumlah Penduduk Menurut Jenjang Pendidikan Tertinggi Yang Di Tamatkan Di Kabupaten Barru; Jumlah Karang Taruna Menurut Kecamatan di Kabupaten Barru ; Jumlah Desa/Kelurahan yang Mengalami Bencana Alam Menurut Kecamatan di Kabupaten Barru, 2011; Jumlah Desa/Kelurahan yang Mengalami Bencana Alam Menurut Kecamatan di Kabupaten Barru, 2019; Jumlah Curah Hujan Menurut Bulan di Kabupaten Barru; Jumlah Sarana Perdagangan di Kabupaten barru",/2/MTg2IzI=/jumlah-perusahaan-yang-mendapat-surat-ijin-usaha-di-kabupaten-barru.html; /2/NDMjMg==/persentase-jumlah-penduduk-menurut-jenjang-pendidikan-tertinggi-yang-di-tamatkan-di-kabupaten-barru.html; /2/MTY3IzI=/jumlah-karang-taruna-menurut-kecamatan-di-kabupaten-barru-.html; /3/YmtNd1RGQkhMelpTV213eFVEUjRZVk4wVmtadGR6MDkjMw==/jumlah-desa-kelurahan-yang-mengalami-bencana-alam-menurut-kecamatan-di-kabupaten-barru--2011.html?year=2011; /3/YmtNd1RGQkhMelpTV213eFVEUjRZVk4wVmtadGR6MDkjMw==/jumlah-desa-kelurahan-yang-mengalami-bencana-alam-menurut-kecamatan-di-kabupaten-barru--2019.html?year=2019; /2/MzkjMg==/jumlah-curah-hujan-menurut-bulan-di-kabupaten-barru.html; /2/MTg0IzI=/jumlah-sarana-perdagangan-di-kabupaten-barru.html,6.0,0,Tidak ada
122,2022,Diana Water Park,19825.0,Data Tersedia,2024-04-17 02:54:46,Jumlah Wisatawan yang Berkunjung Menurut  Objek Wisata di Kabupaten Barru,561.0,Pariwisata,147.0,,MTg2IzI=; NDMjMg==; MTY3IzI=; YmtNd1RGQkhMelpTV213eFVEUjRZVk4wVmtadGR6MDkjMw==; YmtNd1RGQkhMelpTV213eFVEUjRZVk4wVmtadGR6MDkjMw==; MzkjMg==; MTg0IzI=,"Jumlah Perusahaan yang mendapat surat ijin usaha di Kabupaten Barru; Persentase Jumlah Penduduk Menurut Jenjang Pendidikan Tertinggi Yang Di Tamatkan Di Kabupaten Barru; Jumlah Karang Taruna Menurut Kecamatan di Kabupaten Barru ; Jumlah Desa/Kelurahan yang Mengalami Bencana Alam Menurut Kecamatan di Kabupaten Barru, 2011; Jumlah Desa/Kelurahan yang Mengalami Bencana Alam Menurut Kecamatan di Kabupaten Barru, 2019; Jumlah Curah Hujan Menurut Bulan di Kabupaten Barru; Jumlah Sarana Perdagangan di Kabupaten barru",/2/MTg2IzI=/jumlah-perusahaan-yang-mendapat-surat-ijin-usaha-di-kabupaten-barru.html; /2/NDMjMg==/persentase-jumlah-penduduk-menurut-jenjang-pendidikan-tertinggi-yang-di-tamatkan-di-kabupaten-barru.html; /2/MTY3IzI=/jumlah-karang-taruna-menurut-kecamatan-di-kabupaten-barru-.html; /3/YmtNd1RGQkhMelpTV213eFVEUjRZVk4wVmtadGR6MDkjMw==/jumlah-desa-kelurahan-yang-mengalami-bencana-alam-menurut-kecamatan-di-kabupaten-barru--2011.html?year=2011; /3/YmtNd1RGQkhMelpTV213eFVEUjRZVk4wVmtadGR6MDkjMw==/jumlah-desa-kelurahan-yang-mengalami-bencana-alam-menurut-kecamatan-di-kabupaten-barru--2019.html?year=2019; /2/MzkjMg==/jumlah-curah-hujan-menurut-bulan-di-kabupaten-barru.html; /2/MTg0IzI=/jumlah-sarana-perdagangan-di-kabupaten-barru.html,7.0,0,Tidak ada
122,2022,Bukit Maddo,3088.0,Data Tersedia,2024-04-17 02:54:46,Jumlah Wisatawan yang Berkunjung Menurut  Objek Wisata di Kabupaten Barru,561.0,Pariwisata,147.0,,MTg2IzI=; NDMjMg==; MTY3IzI=; YmtNd1RGQkhMelpTV213eFVEUjRZVk4wVmtadGR6MDkjMw==; YmtNd1RGQkhMelpTV213eFVEUjRZVk4wVmtadGR6MDkjMw==; MzkjMg==; MTg0IzI=,"Jumlah Perusahaan yang mendapat surat ijin usaha di Kabupaten Barru; Persentase Jumlah Penduduk Menurut Jenjang Pendidikan Tertinggi Yang Di Tamatkan Di Kabupaten Barru; Jumlah Karang Taruna Menurut Kecamatan di Kabupaten Barru ; Jumlah Desa/Kelurahan yang Mengalami Bencana Alam Menurut Kecamatan di Kabupaten Barru, 2011; Jumlah Desa/Kelurahan yang Mengalami Bencana Alam Menurut Kecamatan di Kabupaten Barru, 2019; Jumlah Curah Hujan Menurut Bulan di Kabupaten Barru; Jumlah Sarana Perdagangan di Kabupaten barru",/2/MTg2IzI=/jumlah-perusahaan-yang-mendapat-surat-ijin-usaha-di-kabupaten-barru.html; /2/NDMjMg==/persentase-jumlah-penduduk-menurut-jenjang-pendidikan-tertinggi-yang-di-tamatkan-di-kabupaten-barru.html; /2/MTY3IzI=/jumlah-karang-taruna-menurut-kecamatan-di-kabupaten-barru-.html; /3/YmtNd1RGQkhMelpTV213eFVEUjRZVk4wVmtadGR6MDkjMw==/jumlah-desa-kelurahan-yang-mengalami-bencana-alam-menurut-kecamatan-di-kabupaten-barru--2011.html?year=2011; /3/YmtNd1RGQkhMelpTV213eFVEUjRZVk4wVmtadGR6MDkjMw==/jumlah-desa-kelurahan-yang-mengalami-bencana-alam-menurut-kecamatan-di-kabupaten-barru--2019.html?year=2019; /2/MzkjMg==/jumlah-curah-hujan-menurut-bulan-di-kabupaten-barru.html; /2/MTg0IzI=/jumlah-sarana-perdagangan-di-kabupaten-barru.html,8.0,0,Tidak ada
122,2022,Gunung Kappire,1669.0,Data Tersedia,2024-04-17 02:54:46,Jumlah Wisatawan yang Berkunjung Menurut  Objek Wisata di Kabupaten Barru,561.0,Pariwisata,147.0,,MTg2IzI=; NDMjMg==; MTY3IzI=; YmtNd1RGQkhMelpTV213eFVEUjRZVk4wVmtadGR6MDkjMw==; YmtNd1RGQkhMelpTV213eFVEUjRZVk4wVmtadGR6MDkjMw==; MzkjMg==; MTg0IzI=,"Jumlah Perusahaan yang mendapat surat ijin usaha di Kabupaten Barru; Persentase Jumlah Penduduk Menurut Jenjang Pendidikan Tertinggi Yang Di Tamatkan Di Kabupaten Barru; Jumlah Karang Taruna Menurut Kecamatan di Kabupaten Barru ; Jumlah Desa/Kelurahan yang Mengalami Bencana Alam Menurut Kecamatan di Kabupaten Barru, 2011; Jumlah Desa/Kelurahan yang Mengalami Bencana Alam Menurut Kecamatan di Kabupaten Barru, 2019; Jumlah Curah Hujan Menurut Bulan di Kabupaten Barru; Jumlah Sarana Perdagangan di Kabupaten barru",/2/MTg2IzI=/jumlah-perusahaan-yang-mendapat-surat-ijin-usaha-di-kabupaten-barru.html; /2/NDMjMg==/persentase-jumlah-penduduk-menurut-jenjang-pendidikan-tertinggi-yang-di-tamatkan-di-kabupaten-barru.html; /2/MTY3IzI=/jumlah-karang-taruna-menurut-kecamatan-di-kabupaten-barru-.html; /3/YmtNd1RGQkhMelpTV213eFVEUjRZVk4wVmtadGR6MDkjMw==/jumlah-desa-kelurahan-yang-mengalami-bencana-alam-menurut-kecamatan-di-kabupaten-barru--2011.html?year=2011; /3/YmtNd1RGQkhMelpTV213eFVEUjRZVk4wVmtadGR6MDkjMw==/jumlah-desa-kelurahan-yang-mengalami-bencana-alam-menurut-kecamatan-di-kabupaten-barru--2019.html?year=2019; /2/MzkjMg==/jumlah-curah-hujan-menurut-bulan-di-kabupaten-barru.html; /2/MTg0IzI=/jumlah-sarana-perdagangan-di-kabupaten-barru.html,9.0,0,Tidak ada
123,2023,Pantai Ujung Batu,8039.0,Data Tersedia,2024-04-17 02:54:46,Jumlah Wisatawan yang Berkunjung Menurut  Objek Wisata di Kabupaten Barru,561.0,Pariwisata,147.0,,MTg2IzI=; NDMjMg==; MTY3IzI=; YmtNd1RGQkhMelpTV213eFVEUjRZVk4wVmtadGR6MDkjMw==; YmtNd1RGQkhMelpTV213eFVEUjRZVk4wVmtadGR6MDkjMw==; MzkjMg==; MTg0IzI=,"Jumlah Perusahaan yang mendapat surat ijin usaha di Kabupaten Barru; Persentase Jumlah Penduduk Menurut Jenjang Pendidikan Tertinggi Yang Di Tamatkan Di Kabupaten Barru; Jumlah Karang Taruna Menurut Kecamatan di Kabupaten Barru ; Jumlah Desa/Kelurahan yang Mengalami Bencana Alam Menurut Kecamatan di Kabupaten Barru, 2011; Jumlah Desa/Kelurahan yang Mengalami Bencana Alam Menurut Kecamatan di Kabupaten Barru, 2019; Jumlah Curah Hujan Menurut Bulan di Kabupaten Barru; Jumlah Sarana Perdagangan di Kabupaten barru",/2/MTg2IzI=/jumlah-perusahaan-yang-mendapat-surat-ijin-usaha-di-kabupaten-barru.html; /2/NDMjMg==/persentase-jumlah-penduduk-menurut-jenjang-pendidikan-tertinggi-yang-di-tamatkan-di-kabupaten-barru.html; /2/MTY3IzI=/jumlah-karang-taruna-menurut-kecamatan-di-kabupaten-barru-.html; /3/YmtNd1RGQkhMelpTV213eFVEUjRZVk4wVmtadGR6MDkjMw==/jumlah-desa-kelurahan-yang-mengalami-bencana-alam-menurut-kecamatan-di-kabupaten-barru--2011.html?year=2011; /3/YmtNd1RGQkhMelpTV213eFVEUjRZVk4wVmtadGR6MDkjMw==/jumlah-desa-kelurahan-yang-mengalami-bencana-alam-menurut-kecamatan-di-kabupaten-barru--2019.html?year=2019; /2/MzkjMg==/jumlah-curah-hujan-menurut-bulan-di-kabupaten-barru.html; /2/MTg0IzI=/jumlah-sarana-perdagangan-di-kabupaten-barru.html,1.0,0,Tidak ada
123,2023,Pulau Dutungan ,6487.0,Data Tersedia,2024-04-17 02:54:46,Jumlah Wisatawan yang Berkunjung Menurut  Objek Wisata di Kabupaten Barru,561.0,Pariwisata,147.0,,MTg2IzI=; NDMjMg==; MTY3IzI=; YmtNd1RGQkhMelpTV213eFVEUjRZVk4wVmtadGR6MDkjMw==; YmtNd1RGQkhMelpTV213eFVEUjRZVk4wVmtadGR6MDkjMw==; MzkjMg==; MTg0IzI=,"Jumlah Perusahaan yang mendapat surat ijin usaha di Kabupaten Barru; Persentase Jumlah Penduduk Menurut Jenjang Pendidikan Tertinggi Yang Di Tamatkan Di Kabupaten Barru; Jumlah Karang Taruna Menurut Kecamatan di Kabupaten Barru ; Jumlah Desa/Kelurahan yang Mengalami Bencana Alam Menurut Kecamatan di Kabupaten Barru, 2011; Jumlah Desa/Kelurahan yang Mengalami Bencana Alam Menurut Kecamatan di Kabupaten Barru, 2019; Jumlah Curah Hujan Menurut Bulan di Kabupaten Barru; Jumlah Sarana Perdagangan di Kabupaten barru",/2/MTg2IzI=/jumlah-perusahaan-yang-mendapat-surat-ijin-usaha-di-kabupaten-barru.html; /2/NDMjMg==/persentase-jumlah-penduduk-menurut-jenjang-pendidikan-tertinggi-yang-di-tamatkan-di-kabupaten-barru.html; /2/MTY3IzI=/jumlah-karang-taruna-menurut-kecamatan-di-kabupaten-barru-.html; /3/YmtNd1RGQkhMelpTV213eFVEUjRZVk4wVmtadGR6MDkjMw==/jumlah-desa-kelurahan-yang-mengalami-bencana-alam-menurut-kecamatan-di-kabupaten-barru--2011.html?year=2011; /3/YmtNd1RGQkhMelpTV213eFVEUjRZVk4wVmtadGR6MDkjMw==/jumlah-desa-kelurahan-yang-mengalami-bencana-alam-menurut-kecamatan-di-kabupaten-barru--2019.html?year=2019; /2/MzkjMg==/jumlah-curah-hujan-menurut-bulan-di-kabupaten-barru.html; /2/MTg0IzI=/jumlah-sarana-perdagangan-di-kabupaten-barru.html,2.0,0,Tidak ada
123,2023,Pantai Kupa,,Data Tidak Ditemukan,2024-04-17 02:54:46,Jumlah Wisatawan yang Berkunjung Menurut  Objek Wisata di Kabupaten Barru,561.0,Pariwisata,147.0,,MTg2IzI=; NDMjMg==; MTY3IzI=; YmtNd1RGQkhMelpTV213eFVEUjRZVk4wVmtadGR6MDkjMw==; YmtNd1RGQkhMelpTV213eFVEUjRZVk4wVmtadGR6MDkjMw==; MzkjMg==; MTg0IzI=,"Jumlah Perusahaan yang mendapat surat ijin usaha di Kabupaten Barru; Persentase Jumlah Penduduk Menurut Jenjang Pendidikan Tertinggi Yang Di Tamatkan Di Kabupaten Barru; Jumlah Karang Taruna Menurut Kecamatan di Kabupaten Barru ; Jumlah Desa/Kelurahan yang Mengalami Bencana Alam Menurut Kecamatan di Kabupaten Barru, 2011; Jumlah Desa/Kelurahan yang Mengalami Bencana Alam Menurut Kecamatan di Kabupaten Barru, 2019; Jumlah Curah Hujan Menurut Bulan di Kabupaten Barru; Jumlah Sarana Perdagangan di Kabupaten barru",/2/MTg2IzI=/jumlah-perusahaan-yang-mendapat-surat-ijin-usaha-di-kabupaten-barru.html; /2/NDMjMg==/persentase-jumlah-penduduk-menurut-jenjang-pendidikan-tertinggi-yang-di-tamatkan-di-kabupaten-barru.html; /2/MTY3IzI=/jumlah-karang-taruna-menurut-kecamatan-di-kabupaten-barru-.html; /3/YmtNd1RGQkhMelpTV213eFVEUjRZVk4wVmtadGR6MDkjMw==/jumlah-desa-kelurahan-yang-mengalami-bencana-alam-menurut-kecamatan-di-kabupaten-barru--2011.html?year=2011; /3/YmtNd1RGQkhMelpTV213eFVEUjRZVk4wVmtadGR6MDkjMw==/jumlah-desa-kelurahan-yang-mengalami-bencana-alam-menurut-kecamatan-di-kabupaten-barru--2019.html?year=2019; /2/MzkjMg==/jumlah-curah-hujan-menurut-bulan-di-kabupaten-barru.html; /2/MTg0IzI=/jumlah-sarana-perdagangan-di-kabupaten-barru.html,3.0,0,Tidak ada
123,2023,Pesantren Alam Tompo,1119.0,Data Tersedia,2024-04-17 02:54:46,Jumlah Wisatawan yang Berkunjung Menurut  Objek Wisata di Kabupaten Barru,561.0,Pariwisata,147.0,,MTg2IzI=; NDMjMg==; MTY3IzI=; YmtNd1RGQkhMelpTV213eFVEUjRZVk4wVmtadGR6MDkjMw==; YmtNd1RGQkhMelpTV213eFVEUjRZVk4wVmtadGR6MDkjMw==; MzkjMg==; MTg0IzI=,"Jumlah Perusahaan yang mendapat surat ijin usaha di Kabupaten Barru; Persentase Jumlah Penduduk Menurut Jenjang Pendidikan Tertinggi Yang Di Tamatkan Di Kabupaten Barru; Jumlah Karang Taruna Menurut Kecamatan di Kabupaten Barru ; Jumlah Desa/Kelurahan yang Mengalami Bencana Alam Menurut Kecamatan di Kabupaten Barru, 2011; Jumlah Desa/Kelurahan yang Mengalami Bencana Alam Menurut Kecamatan di Kabupaten Barru, 2019; Jumlah Curah Hujan Menurut Bulan di Kabupaten Barru; Jumlah Sarana Perdagangan di Kabupaten barru",/2/MTg2IzI=/jumlah-perusahaan-yang-mendapat-surat-ijin-usaha-di-kabupaten-barru.html; /2/NDMjMg==/persentase-jumlah-penduduk-menurut-jenjang-pendidikan-tertinggi-yang-di-tamatkan-di-kabupaten-barru.html; /2/MTY3IzI=/jumlah-karang-taruna-menurut-kecamatan-di-kabupaten-barru-.html; /3/YmtNd1RGQkhMelpTV213eFVEUjRZVk4wVmtadGR6MDkjMw==/jumlah-desa-kelurahan-yang-mengalami-bencana-alam-menurut-kecamatan-di-kabupaten-barru--2011.html?year=2011; /3/YmtNd1RGQkhMelpTV213eFVEUjRZVk4wVmtadGR6MDkjMw==/jumlah-desa-kelurahan-yang-mengalami-bencana-alam-menurut-kecamatan-di-kabupaten-barru--2019.html?year=2019; /2/MzkjMg==/jumlah-curah-hujan-menurut-bulan-di-kabupaten-barru.html; /2/MTg0IzI=/jumlah-sarana-perdagangan-di-kabupaten-barru.html,4.0,0,Tidak ada
123,2023,Lapalona Highland,4109.0,Data Tersedia,2024-04-17 02:54:46,Jumlah Wisatawan yang Berkunjung Menurut  Objek Wisata di Kabupaten Barru,561.0,Pariwisata,147.0,,MTg2IzI=; NDMjMg==; MTY3IzI=; YmtNd1RGQkhMelpTV213eFVEUjRZVk4wVmtadGR6MDkjMw==; YmtNd1RGQkhMelpTV213eFVEUjRZVk4wVmtadGR6MDkjMw==; MzkjMg==; MTg0IzI=,"Jumlah Perusahaan yang mendapat surat ijin usaha di Kabupaten Barru; Persentase Jumlah Penduduk Menurut Jenjang Pendidikan Tertinggi Yang Di Tamatkan Di Kabupaten Barru; Jumlah Karang Taruna Menurut Kecamatan di Kabupaten Barru ; Jumlah Desa/Kelurahan yang Mengalami Bencana Alam Menurut Kecamatan di Kabupaten Barru, 2011; Jumlah Desa/Kelurahan yang Mengalami Bencana Alam Menurut Kecamatan di Kabupaten Barru, 2019; Jumlah Curah Hujan Menurut Bulan di Kabupaten Barru; Jumlah Sarana Perdagangan di Kabupaten barru",/2/MTg2IzI=/jumlah-perusahaan-yang-mendapat-surat-ijin-usaha-di-kabupaten-barru.html; /2/NDMjMg==/persentase-jumlah-penduduk-menurut-jenjang-pendidikan-tertinggi-yang-di-tamatkan-di-kabupaten-barru.html; /2/MTY3IzI=/jumlah-karang-taruna-menurut-kecamatan-di-kabupaten-barru-.html; /3/YmtNd1RGQkhMelpTV213eFVEUjRZVk4wVmtadGR6MDkjMw==/jumlah-desa-kelurahan-yang-mengalami-bencana-alam-menurut-kecamatan-di-kabupaten-barru--2011.html?year=2011; /3/YmtNd1RGQkhMelpTV213eFVEUjRZVk4wVmtadGR6MDkjMw==/jumlah-desa-kelurahan-yang-mengalami-bencana-alam-menurut-kecamatan-di-kabupaten-barru--2019.html?year=2019; /2/MzkjMg==/jumlah-curah-hujan-menurut-bulan-di-kabupaten-barru.html; /2/MTg0IzI=/jumlah-sarana-perdagangan-di-kabupaten-barru.html,5.0,0,Tidak ada
123,2023,Pantai Laguna,17388.0,Data Tersedia,2024-04-17 02:54:46,Jumlah Wisatawan yang Berkunjung Menurut  Objek Wisata di Kabupaten Barru,561.0,Pariwisata,147.0,,MTg2IzI=; NDMjMg==; MTY3IzI=; YmtNd1RGQkhMelpTV213eFVEUjRZVk4wVmtadGR6MDkjMw==; YmtNd1RGQkhMelpTV213eFVEUjRZVk4wVmtadGR6MDkjMw==; MzkjMg==; MTg0IzI=,"Jumlah Perusahaan yang mendapat surat ijin usaha di Kabupaten Barru; Persentase Jumlah Penduduk Menurut Jenjang Pendidikan Tertinggi Yang Di Tamatkan Di Kabupaten Barru; Jumlah Karang Taruna Menurut Kecamatan di Kabupaten Barru ; Jumlah Desa/Kelurahan yang Mengalami Bencana Alam Menurut Kecamatan di Kabupaten Barru, 2011; Jumlah Desa/Kelurahan yang Mengalami Bencana Alam Menurut Kecamatan di Kabupaten Barru, 2019; Jumlah Curah Hujan Menurut Bulan di Kabupaten Barru; Jumlah Sarana Perdagangan di Kabupaten barru",/2/MTg2IzI=/jumlah-perusahaan-yang-mendapat-surat-ijin-usaha-di-kabupaten-barru.html; /2/NDMjMg==/persentase-jumlah-penduduk-menurut-jenjang-pendidikan-tertinggi-yang-di-tamatkan-di-kabupaten-barru.html; /2/MTY3IzI=/jumlah-karang-taruna-menurut-kecamatan-di-kabupaten-barru-.html; /3/YmtNd1RGQkhMelpTV213eFVEUjRZVk4wVmtadGR6MDkjMw==/jumlah-desa-kelurahan-yang-mengalami-bencana-alam-menurut-kecamatan-di-kabupaten-barru--2011.html?year=2011; /3/YmtNd1RGQkhMelpTV213eFVEUjRZVk4wVmtadGR6MDkjMw==/jumlah-desa-kelurahan-yang-mengalami-bencana-alam-menurut-kecamatan-di-kabupaten-barru--2019.html?year=2019; /2/MzkjMg==/jumlah-curah-hujan-menurut-bulan-di-kabupaten-barru.html; /2/MTg0IzI=/jumlah-sarana-perdagangan-di-kabupaten-barru.html,6.0,0,Tidak ada
123,2023,Diana Water Park,25492.0,Data Tersedia,2024-04-17 02:54:46,Jumlah Wisatawan yang Berkunjung Menurut  Objek Wisata di Kabupaten Barru,561.0,Pariwisata,147.0,,MTg2IzI=; NDMjMg==; MTY3IzI=; YmtNd1RGQkhMelpTV213eFVEUjRZVk4wVmtadGR6MDkjMw==; YmtNd1RGQkhMelpTV213eFVEUjRZVk4wVmtadGR6MDkjMw==; MzkjMg==; MTg0IzI=,"Jumlah Perusahaan yang mendapat surat ijin usaha di Kabupaten Barru; Persentase Jumlah Penduduk Menurut Jenjang Pendidikan Tertinggi Yang Di Tamatkan Di Kabupaten Barru; Jumlah Karang Taruna Menurut Kecamatan di Kabupaten Barru ; Jumlah Desa/Kelurahan yang Mengalami Bencana Alam Menurut Kecamatan di Kabupaten Barru, 2011; Jumlah Desa/Kelurahan yang Mengalami Bencana Alam Menurut Kecamatan di Kabupaten Barru, 2019; Jumlah Curah Hujan Menurut Bulan di Kabupaten Barru; Jumlah Sarana Perdagangan di Kabupaten barru",/2/MTg2IzI=/jumlah-perusahaan-yang-mendapat-surat-ijin-usaha-di-kabupaten-barru.html; /2/NDMjMg==/persentase-jumlah-penduduk-menurut-jenjang-pendidikan-tertinggi-yang-di-tamatkan-di-kabupaten-barru.html; /2/MTY3IzI=/jumlah-karang-taruna-menurut-kecamatan-di-kabupaten-barru-.html; /3/YmtNd1RGQkhMelpTV213eFVEUjRZVk4wVmtadGR6MDkjMw==/jumlah-desa-kelurahan-yang-mengalami-bencana-alam-menurut-kecamatan-di-kabupaten-barru--2011.html?year=2011; /3/YmtNd1RGQkhMelpTV213eFVEUjRZVk4wVmtadGR6MDkjMw==/jumlah-desa-kelurahan-yang-mengalami-bencana-alam-menurut-kecamatan-di-kabupaten-barru--2019.html?year=2019; /2/MzkjMg==/jumlah-curah-hujan-menurut-bulan-di-kabupaten-barru.html; /2/MTg0IzI=/jumlah-sarana-perdagangan-di-kabupaten-barru.html,7.0,0,Tidak ada
123,2023,Bukit Maddo,2877.0,Data Tersedia,2024-04-17 02:54:46,Jumlah Wisatawan yang Berkunjung Menurut  Objek Wisata di Kabupaten Barru,561.0,Pariwisata,147.0,,MTg2IzI=; NDMjMg==; MTY3IzI=; YmtNd1RGQkhMelpTV213eFVEUjRZVk4wVmtadGR6MDkjMw==; YmtNd1RGQkhMelpTV213eFVEUjRZVk4wVmtadGR6MDkjMw==; MzkjMg==; MTg0IzI=,"Jumlah Perusahaan yang mendapat surat ijin usaha di Kabupaten Barru; Persentase Jumlah Penduduk Menurut Jenjang Pendidikan Tertinggi Yang Di Tamatkan Di Kabupaten Barru; Jumlah Karang Taruna Menurut Kecamatan di Kabupaten Barru ; Jumlah Desa/Kelurahan yang Mengalami Bencana Alam Menurut Kecamatan di Kabupaten Barru, 2011; Jumlah Desa/Kelurahan yang Mengalami Bencana Alam Menurut Kecamatan di Kabupaten Barru, 2019; Jumlah Curah Hujan Menurut Bulan di Kabupaten Barru; Jumlah Sarana Perdagangan di Kabupaten barru",/2/MTg2IzI=/jumlah-perusahaan-yang-mendapat-surat-ijin-usaha-di-kabupaten-barru.html; /2/NDMjMg==/persentase-jumlah-penduduk-menurut-jenjang-pendidikan-tertinggi-yang-di-tamatkan-di-kabupaten-barru.html; /2/MTY3IzI=/jumlah-karang-taruna-menurut-kecamatan-di-kabupaten-barru-.html; /3/YmtNd1RGQkhMelpTV213eFVEUjRZVk4wVmtadGR6MDkjMw==/jumlah-desa-kelurahan-yang-mengalami-bencana-alam-menurut-kecamatan-di-kabupaten-barru--2011.html?year=2011; /3/YmtNd1RGQkhMelpTV213eFVEUjRZVk4wVmtadGR6MDkjMw==/jumlah-desa-kelurahan-yang-mengalami-bencana-alam-menurut-kecamatan-di-kabupaten-barru--2019.html?year=2019; /2/MzkjMg==/jumlah-curah-hujan-menurut-bulan-di-kabupaten-barru.html; /2/MTg0IzI=/jumlah-sarana-perdagangan-di-kabupaten-barru.html,8.0,0,Tidak ada
123,2023,Gunung Kappire,509.0,Data Tersedia,2024-04-17 02:54:46,Jumlah Wisatawan yang Berkunjung Menurut  Objek Wisata di Kabupaten Barru,561.0,Pariwisata,147.0,,MTg2IzI=; NDMjMg==; MTY3IzI=; YmtNd1RGQkhMelpTV213eFVEUjRZVk4wVmtadGR6MDkjMw==; YmtNd1RGQkhMelpTV213eFVEUjRZVk4wVmtadGR6MDkjMw==; MzkjMg==; MTg0IzI=,"Jumlah Perusahaan yang mendapat surat ijin usaha di Kabupaten Barru; Persentase Jumlah Penduduk Menurut Jenjang Pendidikan Tertinggi Yang Di Tamatkan Di Kabupaten Barru; Jumlah Karang Taruna Menurut Kecamatan di Kabupaten Barru ; Jumlah Desa/Kelurahan yang Mengalami Bencana Alam Menurut Kecamatan di Kabupaten Barru, 2011; Jumlah Desa/Kelurahan yang Mengalami Bencana Alam Menurut Kecamatan di Kabupaten Barru, 2019; Jumlah Curah Hujan Menurut Bulan di Kabupaten Barru; Jumlah Sarana Perdagangan di Kabupaten barru",/2/MTg2IzI=/jumlah-perusahaan-yang-mendapat-surat-ijin-usaha-di-kabupaten-barru.html; /2/NDMjMg==/persentase-jumlah-penduduk-menurut-jenjang-pendidikan-tertinggi-yang-di-tamatkan-di-kabupaten-barru.html; /2/MTY3IzI=/jumlah-karang-taruna-menurut-kecamatan-di-kabupaten-barru-.html; /3/YmtNd1RGQkhMelpTV213eFVEUjRZVk4wVmtadGR6MDkjMw==/jumlah-desa-kelurahan-yang-mengalami-bencana-alam-menurut-kecamatan-di-kabupaten-barru--2011.html?year=2011; /3/YmtNd1RGQkhMelpTV213eFVEUjRZVk4wVmtadGR6MDkjMw==/jumlah-desa-kelurahan-yang-mengalami-bencana-alam-menurut-kecamatan-di-kabupaten-barru--2019.html?year=2019; /2/MzkjMg==/jumlah-curah-hujan-menurut-bulan-di-kabupaten-barru.html; /2/MTg0IzI=/jumlah-sarana-perdagangan-di-kabupaten-barru.html,9.0,0,Tidak ada
124,,,,Data Tidak Ditemukan,,,,,,,,,,,,
125,,,,Data Tidak Ditemukan,,,,,,,,,,,,
