id_tahun,tahun,vervar_label,nilai,status,last_update,var_label,subject_id,subject_label,var_id,var_unit,related_ids,related_titles,related_links,vervar_id,turvar_id,turvar_label
100,,,,Data Tidak Ditemukan,,,,,,,,,,,,
101,,,,Data Tidak Ditemukan,,,,,,,,,,,,
102,,,,Data Tidak Ditemukan,,,,,,,,,,,,
103,,,,Data Tidak Ditemukan,,,,,,,,,,,,
104,,,,Data Tidak Ditemukan,,,,,,,,,,,,
105,,,,Data Tidak Ditemukan,,,,,,,,,,,,
106,,,,Data Tidak Ditemukan,,,,,,,,,,,,
107,,,,Data Tidak Ditemukan,,,,,,,,,,,,
108,,,,Data Tidak Ditemukan,,,,,,,,,,,,
109,,,,Data Tidak Ditemukan,,,,,,,,,,,,
110,,,,Data Tidak Ditemukan,,,,,,,,,,,,
111,,,,Data Tidak Ditemukan,,,,,,,,,,,,
112,,,,Data Tidak Ditemukan,,,,,,,,,,,,
113,,,,Data Tidak Ditemukan,,,,,,,,,,,,
114,,,,Data Tidak Ditemukan,,,,,,,,,,,,
115,,,,Data Tidak Ditemukan,,,,,,,,,,,,
116,,,,Data Tidak Ditemukan,,,,,,,,,,,,
117,,,,Data Tidak Ditemukan,,,,,,,,,,,,
118,,,,Data Tidak Ditemukan,,,,,,,,,,,,
119,,,,Data Tidak Ditemukan,,,,,,,,,,,,
120,2020,Tanete Riaja,7897307.0,Data Tersedia,2024-04-26 01:12:19,"Daya Terpasang, Produksi, dan Distribusi Listrik PT. PLN (Persero) pada Cabang/Ranting PLN Menurut Kecamatan di Kabupaten Barru",558.0,Energi,138.0,,,,,1.0,70.0,Daya Terpasang 
120,2020,Tanete Riaja,11362656.0,Data Tersedia,2024-04-26 01:12:19,"Daya Terpasang, Produksi, dan Distribusi Listrik PT. PLN (Persero) pada Cabang/Ranting PLN Menurut Kecamatan di Kabupaten Barru",558.0,Energi,138.0,,,,,1.0,71.0,Produksi Listrik
120,2020,Tanete Riaja,10870187.0,Data Tersedia,2024-04-26 01:12:19,"Daya Terpasang, Produksi, dan Distribusi Listrik PT. PLN (Persero) pada Cabang/Ranting PLN Menurut Kecamatan di Kabupaten Barru",558.0,Energi,138.0,,,,,1.0,72.0,Listrik Terjual
120,2020,Tanete Riaja,6140.0,Data Tersedia,2024-04-26 01:12:19,"Daya Terpasang, Produksi, dan Distribusi Listrik PT. PLN (Persero) pada Cabang/Ranting PLN Menurut Kecamatan di Kabupaten Barru",558.0,Energi,138.0,,,,,1.0,73.0,Dipakai Sendiri
120,2020,Tanete Riaja,456176.0,Data Tersedia,2024-04-26 01:12:19,"Daya Terpasang, Produksi, dan Distribusi Listrik PT. PLN (Persero) pada Cabang/Ranting PLN Menurut Kecamatan di Kabupaten Barru",558.0,Energi,138.0,,,,,1.0,74.0,Susut/hilang
120,2020,Pujananting,4532185.0,Data Tersedia,2024-04-26 01:12:19,"Daya Terpasang, Produksi, dan Distribusi Listrik PT. PLN (Persero) pada Cabang/Ranting PLN Menurut Kecamatan di Kabupaten Barru",558.0,Energi,138.0,,,,,2.0,70.0,Daya Terpasang 
120,2020,Pujananting,6520914.0,Data Tersedia,2024-04-26 01:12:19,"Daya Terpasang, Produksi, dan Distribusi Listrik PT. PLN (Persero) pada Cabang/Ranting PLN Menurut Kecamatan di Kabupaten Barru",558.0,Energi,138.0,,,,,2.0,71.0,Produksi Listrik
120,2020,Pujananting,6238291.0,Data Tersedia,2024-04-26 01:12:19,"Daya Terpasang, Produksi, dan Distribusi Listrik PT. PLN (Persero) pada Cabang/Ranting PLN Menurut Kecamatan di Kabupaten Barru",558.0,Energi,138.0,,,,,2.0,72.0,Listrik Terjual
120,2020,Pujananting,3524.0,Data Tersedia,2024-04-26 01:12:19,"Daya Terpasang, Produksi, dan Distribusi Listrik PT. PLN (Persero) pada Cabang/Ranting PLN Menurut Kecamatan di Kabupaten Barru",558.0,Energi,138.0,,,,,2.0,73.0,Dipakai Sendiri
120,2020,Pujananting,261795.0,Data Tersedia,2024-04-26 01:12:19,"Daya Terpasang, Produksi, dan Distribusi Listrik PT. PLN (Persero) pada Cabang/Ranting PLN Menurut Kecamatan di Kabupaten Barru",558.0,Energi,138.0,,,,,2.0,74.0,Susut/hilang
120,2020,Tanete Rilau,11705072.0,Data Tersedia,2024-04-26 01:12:19,"Daya Terpasang, Produksi, dan Distribusi Listrik PT. PLN (Persero) pada Cabang/Ranting PLN Menurut Kecamatan di Kabupaten Barru",558.0,Energi,138.0,,,,,3.0,70.0,Daya Terpasang 
120,2020,Tanete Rilau,16841274.0,Data Tersedia,2024-04-26 01:12:19,"Daya Terpasang, Produksi, dan Distribusi Listrik PT. PLN (Persero) pada Cabang/Ranting PLN Menurut Kecamatan di Kabupaten Barru",558.0,Energi,138.0,,,,,3.0,71.0,Produksi Listrik
120,2020,Tanete Rilau,16111356.0,Data Tersedia,2024-04-26 01:12:19,"Daya Terpasang, Produksi, dan Distribusi Listrik PT. PLN (Persero) pada Cabang/Ranting PLN Menurut Kecamatan di Kabupaten Barru",558.0,Energi,138.0,,,,,3.0,72.0,Listrik Terjual
120,2020,Tanete Rilau,9101.0,Data Tersedia,2024-04-26 01:12:19,"Daya Terpasang, Produksi, dan Distribusi Listrik PT. PLN (Persero) pada Cabang/Ranting PLN Menurut Kecamatan di Kabupaten Barru",558.0,Energi,138.0,,,,,3.0,73.0,Dipakai Sendiri
120,2020,Tanete Rilau,676125.0,Data Tersedia,2024-04-26 01:12:19,"Daya Terpasang, Produksi, dan Distribusi Listrik PT. PLN (Persero) pada Cabang/Ranting PLN Menurut Kecamatan di Kabupaten Barru",558.0,Energi,138.0,,,,,3.0,74.0,Susut/hilang
120,2020,Barru,14396412.0,Data Tersedia,2024-04-26 01:12:19,"Daya Terpasang, Produksi, dan Distribusi Listrik PT. PLN (Persero) pada Cabang/Ranting PLN Menurut Kecamatan di Kabupaten Barru",558.0,Energi,138.0,,,,,4.0,70.0,Daya Terpasang 
120,2020,Barru,20713577.0,Data Tersedia,2024-04-26 01:12:19,"Daya Terpasang, Produksi, dan Distribusi Listrik PT. PLN (Persero) pada Cabang/Ranting PLN Menurut Kecamatan di Kabupaten Barru",558.0,Energi,138.0,,,,,4.0,71.0,Produksi Listrik
120,2020,Barru,19815830.0,Data Tersedia,2024-04-26 01:12:19,"Daya Terpasang, Produksi, dan Distribusi Listrik PT. PLN (Persero) pada Cabang/Ranting PLN Menurut Kecamatan di Kabupaten Barru",558.0,Energi,138.0,,,,,4.0,72.0,Listrik Terjual
120,2020,Barru,11193.0,Data Tersedia,2024-04-26 01:12:19,"Daya Terpasang, Produksi, dan Distribusi Listrik PT. PLN (Persero) pada Cabang/Ranting PLN Menurut Kecamatan di Kabupaten Barru",558.0,Energi,138.0,,,,,4.0,73.0,Dipakai Sendiri
120,2020,Barru,831586.0,Data Tersedia,2024-04-26 01:12:19,"Daya Terpasang, Produksi, dan Distribusi Listrik PT. PLN (Persero) pada Cabang/Ranting PLN Menurut Kecamatan di Kabupaten Barru",558.0,Energi,138.0,,,,,4.0,74.0,Susut/hilang
120,2020,Soppeng Riaja,6179782.0,Data Tersedia,2024-04-26 01:12:19,"Daya Terpasang, Produksi, dan Distribusi Listrik PT. PLN (Persero) pada Cabang/Ranting PLN Menurut Kecamatan di Kabupaten Barru",558.0,Energi,138.0,,,,,5.0,70.0,Daya Terpasang 
120,2020,Soppeng Riaja,8891479.0,Data Tersedia,2024-04-26 01:12:19,"Daya Terpasang, Produksi, dan Distribusi Listrik PT. PLN (Persero) pada Cabang/Ranting PLN Menurut Kecamatan di Kabupaten Barru",558.0,Energi,138.0,,,,,5.0,71.0,Produksi Listrik
120,2020,Soppeng Riaja,8506113.0,Data Tersedia,2024-04-26 01:12:19,"Daya Terpasang, Produksi, dan Distribusi Listrik PT. PLN (Persero) pada Cabang/Ranting PLN Menurut Kecamatan di Kabupaten Barru",558.0,Energi,138.0,,,,,5.0,72.0,Listrik Terjual
120,2020,Soppeng Riaja,4805.0,Data Tersedia,2024-04-26 01:12:19,"Daya Terpasang, Produksi, dan Distribusi Listrik PT. PLN (Persero) pada Cabang/Ranting PLN Menurut Kecamatan di Kabupaten Barru",558.0,Energi,138.0,,,,,5.0,73.0,Dipakai Sendiri
120,2020,Soppeng Riaja,356965.0,Data Tersedia,2024-04-26 01:12:19,"Daya Terpasang, Produksi, dan Distribusi Listrik PT. PLN (Persero) pada Cabang/Ranting PLN Menurut Kecamatan di Kabupaten Barru",558.0,Energi,138.0,,,,,5.0,74.0,Susut/hilang
120,2020,Balusu,6508062.0,Data Tersedia,2024-04-26 01:12:19,"Daya Terpasang, Produksi, dan Distribusi Listrik PT. PLN (Persero) pada Cabang/Ranting PLN Menurut Kecamatan di Kabupaten Barru",558.0,Energi,138.0,,,,,6.0,70.0,Daya Terpasang 
120,2020,Balusu,9363808.0,Data Tersedia,2024-04-26 01:12:19,"Daya Terpasang, Produksi, dan Distribusi Listrik PT. PLN (Persero) pada Cabang/Ranting PLN Menurut Kecamatan di Kabupaten Barru",558.0,Energi,138.0,,,,,6.0,71.0,Produksi Listrik
120,2020,Balusu,8957971.0,Data Tersedia,2024-04-26 01:12:19,"Daya Terpasang, Produksi, dan Distribusi Listrik PT. PLN (Persero) pada Cabang/Ranting PLN Menurut Kecamatan di Kabupaten Barru",558.0,Energi,138.0,,,,,6.0,72.0,Listrik Terjual
120,2020,Balusu,5060.0,Data Tersedia,2024-04-26 01:12:19,"Daya Terpasang, Produksi, dan Distribusi Listrik PT. PLN (Persero) pada Cabang/Ranting PLN Menurut Kecamatan di Kabupaten Barru",558.0,Energi,138.0,,,,,6.0,73.0,Dipakai Sendiri
120,2020,Balusu,375928.0,Data Tersedia,2024-04-26 01:12:19,"Daya Terpasang, Produksi, dan Distribusi Listrik PT. PLN (Persero) pada Cabang/Ranting PLN Menurut Kecamatan di Kabupaten Barru",558.0,Energi,138.0,,,,,6.0,74.0,Susut/hilang
120,2020,Mallusetasi,8830130.0,Data Tersedia,2024-04-26 01:12:19,"Daya Terpasang, Produksi, dan Distribusi Listrik PT. PLN (Persero) pada Cabang/Ranting PLN Menurut Kecamatan di Kabupaten Barru",558.0,Energi,138.0,,,,,7.0,70.0,Daya Terpasang 
120,2020,Mallusetasi,12704803.0,Data Tersedia,2024-04-26 01:12:19,"Daya Terpasang, Produksi, dan Distribusi Listrik PT. PLN (Persero) pada Cabang/Ranting PLN Menurut Kecamatan di Kabupaten Barru",558.0,Energi,138.0,,,,,7.0,71.0,Produksi Listrik
120,2020,Mallusetasi,12154164.0,Data Tersedia,2024-04-26 01:12:19,"Daya Terpasang, Produksi, dan Distribusi Listrik PT. PLN (Persero) pada Cabang/Ranting PLN Menurut Kecamatan di Kabupaten Barru",558.0,Energi,138.0,,,,,7.0,72.0,Listrik Terjual
120,2020,Mallusetasi,6865.0,Data Tersedia,2024-04-26 01:12:19,"Daya Terpasang, Produksi, dan Distribusi Listrik PT. PLN (Persero) pada Cabang/Ranting PLN Menurut Kecamatan di Kabupaten Barru",558.0,Energi,138.0,,,,,7.0,73.0,Dipakai Sendiri
120,2020,Mallusetasi,510059.0,Data Tersedia,2024-04-26 01:12:19,"Daya Terpasang, Produksi, dan Distribusi Listrik PT. PLN (Persero) pada Cabang/Ranting PLN Menurut Kecamatan di Kabupaten Barru",558.0,Energi,138.0,,,,,7.0,74.0,Susut/hilang
120,2020,Kabupaten Barru,60048950.0,Data Tersedia,2024-04-26 01:12:19,"Daya Terpasang, Produksi, dan Distribusi Listrik PT. PLN (Persero) pada Cabang/Ranting PLN Menurut Kecamatan di Kabupaten Barru",558.0,Energi,138.0,,,,,8.0,70.0,Daya Terpasang 
120,2020,Kabupaten Barru,86398511.0,Data Tersedia,2024-04-26 01:12:19,"Daya Terpasang, Produksi, dan Distribusi Listrik PT. PLN (Persero) pada Cabang/Ranting PLN Menurut Kecamatan di Kabupaten Barru",558.0,Energi,138.0,,,,,8.0,71.0,Produksi Listrik
120,2020,Kabupaten Barru,82653912.0,Data Tersedia,2024-04-26 01:12:19,"Daya Terpasang, Produksi, dan Distribusi Listrik PT. PLN (Persero) pada Cabang/Ranting PLN Menurut Kecamatan di Kabupaten Barru",558.0,Energi,138.0,,,,,8.0,72.0,Listrik Terjual
120,2020,Kabupaten Barru,46688.0,Data Tersedia,2024-04-26 01:12:19,"Daya Terpasang, Produksi, dan Distribusi Listrik PT. PLN (Persero) pada Cabang/Ranting PLN Menurut Kecamatan di Kabupaten Barru",558.0,Energi,138.0,,,,,8.0,73.0,Dipakai Sendiri
120,2020,Kabupaten Barru,3468634.0,Data Tersedia,2024-04-26 01:12:19,"Daya Terpasang, Produksi, dan Distribusi Listrik PT. PLN (Persero) pada Cabang/Ranting PLN Menurut Kecamatan di Kabupaten Barru",558.0,Energi,138.0,,,,,8.0,74.0,Susut/hilang
121,2021,Tanete Riaja,8742103.0,Data Tersedia,2024-04-26 01:12:19,"Daya Terpasang, Produksi, dan Distribusi Listrik PT. PLN (Persero) pada Cabang/Ranting PLN Menurut Kecamatan di Kabupaten Barru",558.0,Energi,138.0,,,,,1.0,70.0,Daya Terpasang 
121,2021,Tanete Riaja,12064117.0,Data Tersedia,2024-04-26 01:12:19,"Daya Terpasang, Produksi, dan Distribusi Listrik PT. PLN (Persero) pada Cabang/Ranting PLN Menurut Kecamatan di Kabupaten Barru",558.0,Energi,138.0,,,,,1.0,71.0,Produksi Listrik
121,2021,Tanete Riaja,11606606.0,Data Tersedia,2024-04-26 01:12:19,"Daya Terpasang, Produksi, dan Distribusi Listrik PT. PLN (Persero) pada Cabang/Ranting PLN Menurut Kecamatan di Kabupaten Barru",558.0,Energi,138.0,,,,,1.0,72.0,Listrik Terjual
121,2021,Tanete Riaja,103679.0,Data Tersedia,2024-04-26 01:12:19,"Daya Terpasang, Produksi, dan Distribusi Listrik PT. PLN (Persero) pada Cabang/Ranting PLN Menurut Kecamatan di Kabupaten Barru",558.0,Energi,138.0,,,,,1.0,73.0,Dipakai Sendiri
121,2021,Tanete Riaja,0.03,Data Tersedia,2024-04-26 01:12:19,"Daya Terpasang, Produksi, dan Distribusi Listrik PT. PLN (Persero) pada Cabang/Ranting PLN Menurut Kecamatan di Kabupaten Barru",558.0,Energi,138.0,,,,,1.0,74.0,Susut/hilang
121,2021,Pujananting,5017005.0,Data Tersedia,2024-04-26 01:12:19,"Daya Terpasang, Produksi, dan Distribusi Listrik PT. PLN (Persero) pada Cabang/Ranting PLN Menurut Kecamatan di Kabupaten Barru",558.0,Energi,138.0,,,,,2.0,70.0,Daya Terpasang 
121,2021,Pujananting,6923475.0,Data Tersedia,2024-04-26 01:12:19,"Daya Terpasang, Produksi, dan Distribusi Listrik PT. PLN (Persero) pada Cabang/Ranting PLN Menurut Kecamatan di Kabupaten Barru",558.0,Energi,138.0,,,,,2.0,71.0,Produksi Listrik
121,2021,Pujananting,6660914.0,Data Tersedia,2024-04-26 01:12:19,"Daya Terpasang, Produksi, dan Distribusi Listrik PT. PLN (Persero) pada Cabang/Ranting PLN Menurut Kecamatan di Kabupaten Barru",558.0,Energi,138.0,,,,,2.0,72.0,Listrik Terjual
121,2021,Pujananting,59500.0,Data Tersedia,2024-04-26 01:12:19,"Daya Terpasang, Produksi, dan Distribusi Listrik PT. PLN (Persero) pada Cabang/Ranting PLN Menurut Kecamatan di Kabupaten Barru",558.0,Energi,138.0,,,,,2.0,73.0,Dipakai Sendiri
121,2021,Pujananting,0.02,Data Tersedia,2024-04-26 01:12:19,"Daya Terpasang, Produksi, dan Distribusi Listrik PT. PLN (Persero) pada Cabang/Ranting PLN Menurut Kecamatan di Kabupaten Barru",558.0,Energi,138.0,,,,,2.0,74.0,Susut/hilang
121,2021,Tanete Rilau,12957196.0,Data Tersedia,2024-04-26 01:12:19,"Daya Terpasang, Produksi, dan Distribusi Listrik PT. PLN (Persero) pada Cabang/Ranting PLN Menurut Kecamatan di Kabupaten Barru",558.0,Energi,138.0,,,,,3.0,70.0,Daya Terpasang 
121,2021,Tanete Rilau,17880952.0,Data Tersedia,2024-04-26 01:12:19,"Daya Terpasang, Produksi, dan Distribusi Listrik PT. PLN (Persero) pada Cabang/Ranting PLN Menurut Kecamatan di Kabupaten Barru",558.0,Energi,138.0,,,,,3.0,71.0,Produksi Listrik
121,2021,Tanete Rilau,17202847.0,Data Tersedia,2024-04-26 01:12:19,"Daya Terpasang, Produksi, dan Distribusi Listrik PT. PLN (Persero) pada Cabang/Ranting PLN Menurut Kecamatan di Kabupaten Barru",558.0,Energi,138.0,,,,,3.0,72.0,Listrik Terjual
121,2021,Tanete Rilau,153669.0,Data Tersedia,2024-04-26 01:12:19,"Daya Terpasang, Produksi, dan Distribusi Listrik PT. PLN (Persero) pada Cabang/Ranting PLN Menurut Kecamatan di Kabupaten Barru",558.0,Energi,138.0,,,,,3.0,73.0,Dipakai Sendiri
121,2021,Tanete Rilau,0.05,Data Tersedia,2024-04-26 01:12:19,"Daya Terpasang, Produksi, dan Distribusi Listrik PT. PLN (Persero) pada Cabang/Ranting PLN Menurut Kecamatan di Kabupaten Barru",558.0,Energi,138.0,,,,,3.0,74.0,Susut/hilang
121,2021,Barru,15936436.0,Data Tersedia,2024-04-26 01:12:19,"Daya Terpasang, Produksi, dan Distribusi Listrik PT. PLN (Persero) pada Cabang/Ranting PLN Menurut Kecamatan di Kabupaten Barru",558.0,Energi,138.0,,,,,4.0,70.0,Daya Terpasang 
121,2021,Barru,21992308.0,Data Tersedia,2024-04-26 01:12:19,"Daya Terpasang, Produksi, dan Distribusi Listrik PT. PLN (Persero) pada Cabang/Ranting PLN Menurut Kecamatan di Kabupaten Barru",558.0,Energi,138.0,,,,,4.0,71.0,Produksi Listrik
121,2021,Barru,21158287.0,Data Tersedia,2024-04-26 01:12:19,"Daya Terpasang, Produksi, dan Distribusi Listrik PT. PLN (Persero) pada Cabang/Ranting PLN Menurut Kecamatan di Kabupaten Barru",558.0,Energi,138.0,,,,,4.0,72.0,Listrik Terjual
121,2021,Barru,189001.0,Data Tersedia,2024-04-26 01:12:19,"Daya Terpasang, Produksi, dan Distribusi Listrik PT. PLN (Persero) pada Cabang/Ranting PLN Menurut Kecamatan di Kabupaten Barru",558.0,Energi,138.0,,,,,4.0,73.0,Dipakai Sendiri
121,2021,Barru,0.06,Data Tersedia,2024-04-26 01:12:19,"Daya Terpasang, Produksi, dan Distribusi Listrik PT. PLN (Persero) pada Cabang/Ranting PLN Menurut Kecamatan di Kabupaten Barru",558.0,Energi,138.0,,,,,4.0,74.0,Susut/hilang
121,2021,Soppeng Riaja,6840850.0,Data Tersedia,2024-04-26 01:12:19,"Daya Terpasang, Produksi, dan Distribusi Listrik PT. PLN (Persero) pada Cabang/Ranting PLN Menurut Kecamatan di Kabupaten Barru",558.0,Energi,138.0,,,,,5.0,70.0,Daya Terpasang 
121,2021,Soppeng Riaja,9440385.0,Data Tersedia,2024-04-26 01:12:19,"Daya Terpasang, Produksi, dan Distribusi Listrik PT. PLN (Persero) pada Cabang/Ranting PLN Menurut Kecamatan di Kabupaten Barru",558.0,Energi,138.0,,,,,5.0,71.0,Produksi Listrik
121,2021,Soppeng Riaja,9082374.0,Data Tersedia,2024-04-26 01:12:19,"Daya Terpasang, Produksi, dan Distribusi Listrik PT. PLN (Persero) pada Cabang/Ranting PLN Menurut Kecamatan di Kabupaten Barru",558.0,Energi,138.0,,,,,5.0,72.0,Listrik Terjual
121,2021,Soppeng Riaja,81130.0,Data Tersedia,2024-04-26 01:12:19,"Daya Terpasang, Produksi, dan Distribusi Listrik PT. PLN (Persero) pada Cabang/Ranting PLN Menurut Kecamatan di Kabupaten Barru",558.0,Energi,138.0,,,,,5.0,73.0,Dipakai Sendiri
121,2021,Soppeng Riaja,0.03,Data Tersedia,2024-04-26 01:12:19,"Daya Terpasang, Produksi, dan Distribusi Listrik PT. PLN (Persero) pada Cabang/Ranting PLN Menurut Kecamatan di Kabupaten Barru",558.0,Energi,138.0,,,,,5.0,74.0,Susut/hilang
121,2021,Balusu,7204247.0,Data Tersedia,2024-04-26 01:12:19,"Daya Terpasang, Produksi, dan Distribusi Listrik PT. PLN (Persero) pada Cabang/Ranting PLN Menurut Kecamatan di Kabupaten Barru",558.0,Energi,138.0,,,,,6.0,70.0,Daya Terpasang 
121,2021,Balusu,9941872.0,Data Tersedia,2024-04-26 01:12:19,"Daya Terpasang, Produksi, dan Distribusi Listrik PT. PLN (Persero) pada Cabang/Ranting PLN Menurut Kecamatan di Kabupaten Barru",558.0,Energi,138.0,,,,,6.0,71.0,Produksi Listrik
121,2021,Balusu,9564844.0,Data Tersedia,2024-04-26 01:12:19,"Daya Terpasang, Produksi, dan Distribusi Listrik PT. PLN (Persero) pada Cabang/Ranting PLN Menurut Kecamatan di Kabupaten Barru",558.0,Energi,138.0,,,,,6.0,72.0,Listrik Terjual
121,2021,Balusu,85440.0,Data Tersedia,2024-04-26 01:12:19,"Daya Terpasang, Produksi, dan Distribusi Listrik PT. PLN (Persero) pada Cabang/Ranting PLN Menurut Kecamatan di Kabupaten Barru",558.0,Energi,138.0,,,,,6.0,73.0,Dipakai Sendiri
121,2021,Balusu,0.03,Data Tersedia,2024-04-26 01:12:19,"Daya Terpasang, Produksi, dan Distribusi Listrik PT. PLN (Persero) pada Cabang/Ranting PLN Menurut Kecamatan di Kabupaten Barru",558.0,Energi,138.0,,,,,6.0,74.0,Susut/hilang
121,2021,Mallusetasi,9774713.0,Data Tersedia,2024-04-26 01:12:19,"Daya Terpasang, Produksi, dan Distribusi Listrik PT. PLN (Persero) pada Cabang/Ranting PLN Menurut Kecamatan di Kabupaten Barru",558.0,Energi,138.0,,,,,7.0,70.0,Daya Terpasang 
121,2021,Mallusetasi,13489121.0,Data Tersedia,2024-04-26 01:12:19,"Daya Terpasang, Produksi, dan Distribusi Listrik PT. PLN (Persero) pada Cabang/Ranting PLN Menurut Kecamatan di Kabupaten Barru",558.0,Energi,138.0,,,,,7.0,71.0,Produksi Listrik
121,2021,Mallusetasi,12977569.0,Data Tersedia,2024-04-26 01:12:19,"Daya Terpasang, Produksi, dan Distribusi Listrik PT. PLN (Persero) pada Cabang/Ranting PLN Menurut Kecamatan di Kabupaten Barru",558.0,Energi,138.0,,,,,7.0,72.0,Listrik Terjual
121,2021,Mallusetasi,115925.0,Data Tersedia,2024-04-26 01:12:19,"Daya Terpasang, Produksi, dan Distribusi Listrik PT. PLN (Persero) pada Cabang/Ranting PLN Menurut Kecamatan di Kabupaten Barru",558.0,Energi,138.0,,,,,7.0,73.0,Dipakai Sendiri
121,2021,Mallusetasi,0.04,Data Tersedia,2024-04-26 01:12:19,"Daya Terpasang, Produksi, dan Distribusi Listrik PT. PLN (Persero) pada Cabang/Ranting PLN Menurut Kecamatan di Kabupaten Barru",558.0,Energi,138.0,,,,,7.0,74.0,Susut/hilang
121,2021,Kabupaten Barru,66472550.0,Data Tersedia,2024-04-26 01:12:19,"Daya Terpasang, Produksi, dan Distribusi Listrik PT. PLN (Persero) pada Cabang/Ranting PLN Menurut Kecamatan di Kabupaten Barru",558.0,Energi,138.0,,,,,8.0,70.0,Daya Terpasang 
121,2021,Kabupaten Barru,91732230.0,Data Tersedia,2024-04-26 01:12:19,"Daya Terpasang, Produksi, dan Distribusi Listrik PT. PLN (Persero) pada Cabang/Ranting PLN Menurut Kecamatan di Kabupaten Barru",558.0,Energi,138.0,,,,,8.0,71.0,Produksi Listrik
121,2021,Kabupaten Barru,88253441.0,Data Tersedia,2024-04-26 01:12:19,"Daya Terpasang, Produksi, dan Distribusi Listrik PT. PLN (Persero) pada Cabang/Ranting PLN Menurut Kecamatan di Kabupaten Barru",558.0,Energi,138.0,,,,,8.0,72.0,Listrik Terjual
121,2021,Kabupaten Barru,788344.0,Data Tersedia,2024-04-26 01:12:19,"Daya Terpasang, Produksi, dan Distribusi Listrik PT. PLN (Persero) pada Cabang/Ranting PLN Menurut Kecamatan di Kabupaten Barru",558.0,Energi,138.0,,,,,8.0,73.0,Dipakai Sendiri
121,2021,Kabupaten Barru,0.26,Data Tersedia,2024-04-26 01:12:19,"Daya Terpasang, Produksi, dan Distribusi Listrik PT. PLN (Persero) pada Cabang/Ranting PLN Menurut Kecamatan di Kabupaten Barru",558.0,Energi,138.0,,,,,8.0,74.0,Susut/hilang
122,2022,Tanete Riaja,9452130.0,Data Tersedia,2024-04-26 01:12:19,"Daya Terpasang, Produksi, dan Distribusi Listrik PT. PLN (Persero) pada Cabang/Ranting PLN Menurut Kecamatan di Kabupaten Barru",558.0,Energi,138.0,,,,,1.0,70.0,Daya Terpasang 
122,2022,Tanete Riaja,12449904.0,Data Tersedia,2024-04-26 01:12:19,"Daya Terpasang, Produksi, dan Distribusi Listrik PT. PLN (Persero) pada Cabang/Ranting PLN Menurut Kecamatan di Kabupaten Barru",558.0,Energi,138.0,,,,,1.0,71.0,Produksi Listrik
122,2022,Tanete Riaja,11807186.0,Data Tersedia,2024-04-26 01:12:19,"Daya Terpasang, Produksi, dan Distribusi Listrik PT. PLN (Persero) pada Cabang/Ranting PLN Menurut Kecamatan di Kabupaten Barru",558.0,Energi,138.0,,,,,1.0,72.0,Listrik Terjual
122,2022,Tanete Riaja,107519.0,Data Tersedia,2024-04-26 01:12:19,"Daya Terpasang, Produksi, dan Distribusi Listrik PT. PLN (Persero) pada Cabang/Ranting PLN Menurut Kecamatan di Kabupaten Barru",558.0,Energi,138.0,,,,,1.0,73.0,Dipakai Sendiri
122,2022,Tanete Riaja,0.54,Data Tersedia,2024-04-26 01:12:19,"Daya Terpasang, Produksi, dan Distribusi Listrik PT. PLN (Persero) pada Cabang/Ranting PLN Menurut Kecamatan di Kabupaten Barru",558.0,Energi,138.0,,,,,1.0,74.0,Susut/hilang
122,2022,Pujananting,5424482.0,Data Tersedia,2024-04-26 01:12:19,"Daya Terpasang, Produksi, dan Distribusi Listrik PT. PLN (Persero) pada Cabang/Ranting PLN Menurut Kecamatan di Kabupaten Barru",558.0,Energi,138.0,,,,,2.0,70.0,Daya Terpasang 
122,2022,Pujananting,7144874.0,Data Tersedia,2024-04-26 01:12:19,"Daya Terpasang, Produksi, dan Distribusi Listrik PT. PLN (Persero) pada Cabang/Ranting PLN Menurut Kecamatan di Kabupaten Barru",558.0,Energi,138.0,,,,,2.0,71.0,Produksi Listrik
122,2022,Pujananting,6776025.0,Data Tersedia,2024-04-26 01:12:19,"Daya Terpasang, Produksi, dan Distribusi Listrik PT. PLN (Persero) pada Cabang/Ranting PLN Menurut Kecamatan di Kabupaten Barru",558.0,Energi,138.0,,,,,2.0,72.0,Listrik Terjual
122,2022,Pujananting,61704.0,Data Tersedia,2024-04-26 01:12:19,"Daya Terpasang, Produksi, dan Distribusi Listrik PT. PLN (Persero) pada Cabang/Ranting PLN Menurut Kecamatan di Kabupaten Barru",558.0,Energi,138.0,,,,,2.0,73.0,Dipakai Sendiri
122,2022,Pujananting,0.31,Data Tersedia,2024-04-26 01:12:19,"Daya Terpasang, Produksi, dan Distribusi Listrik PT. PLN (Persero) pada Cabang/Ranting PLN Menurut Kecamatan di Kabupaten Barru",558.0,Energi,138.0,,,,,2.0,74.0,Susut/hilang
122,2022,Tanete Rilau,14009570.0,Data Tersedia,2024-04-26 01:12:19,"Daya Terpasang, Produksi, dan Distribusi Listrik PT. PLN (Persero) pada Cabang/Ranting PLN Menurut Kecamatan di Kabupaten Barru",558.0,Energi,138.0,,,,,3.0,70.0,Daya Terpasang 
122,2022,Tanete Rilau,18452750.0,Data Tersedia,2024-04-26 01:12:19,"Daya Terpasang, Produksi, dan Distribusi Listrik PT. PLN (Persero) pada Cabang/Ranting PLN Menurut Kecamatan di Kabupaten Barru",558.0,Energi,138.0,,,,,3.0,71.0,Produksi Listrik
122,2022,Tanete Rilau,17500139.0,Data Tersedia,2024-04-26 01:12:19,"Daya Terpasang, Produksi, dan Distribusi Listrik PT. PLN (Persero) pada Cabang/Ranting PLN Menurut Kecamatan di Kabupaten Barru",558.0,Energi,138.0,,,,,3.0,72.0,Listrik Terjual
122,2022,Tanete Rilau,159360.0,Data Tersedia,2024-04-26 01:12:19,"Daya Terpasang, Produksi, dan Distribusi Listrik PT. PLN (Persero) pada Cabang/Ranting PLN Menurut Kecamatan di Kabupaten Barru",558.0,Energi,138.0,,,,,3.0,73.0,Dipakai Sendiri
122,2022,Tanete Rilau,0.81,Data Tersedia,2024-04-26 01:12:19,"Daya Terpasang, Produksi, dan Distribusi Listrik PT. PLN (Persero) pada Cabang/Ranting PLN Menurut Kecamatan di Kabupaten Barru",558.0,Energi,138.0,,,,,3.0,74.0,Susut/hilang
122,2022,Barru,17230781.0,Data Tersedia,2024-04-26 01:12:19,"Daya Terpasang, Produksi, dan Distribusi Listrik PT. PLN (Persero) pada Cabang/Ranting PLN Menurut Kecamatan di Kabupaten Barru",558.0,Energi,138.0,,,,,4.0,70.0,Daya Terpasang 
122,2022,Barru,22695579.0,Data Tersedia,2024-04-26 01:12:19,"Daya Terpasang, Produksi, dan Distribusi Listrik PT. PLN (Persero) pada Cabang/Ranting PLN Menurut Kecamatan di Kabupaten Barru",558.0,Energi,138.0,,,,,4.0,71.0,Produksi Listrik
122,2022,Barru,21523935.0,Data Tersedia,2024-04-26 01:12:19,"Daya Terpasang, Produksi, dan Distribusi Listrik PT. PLN (Persero) pada Cabang/Ranting PLN Menurut Kecamatan di Kabupaten Barru",558.0,Energi,138.0,,,,,4.0,72.0,Listrik Terjual
122,2022,Barru,196002.0,Data Tersedia,2024-04-26 01:12:19,"Daya Terpasang, Produksi, dan Distribusi Listrik PT. PLN (Persero) pada Cabang/Ranting PLN Menurut Kecamatan di Kabupaten Barru",558.0,Energi,138.0,,,,,4.0,73.0,Dipakai Sendiri
122,2022,Barru,0.99,Data Tersedia,2024-04-26 01:12:19,"Daya Terpasang, Produksi, dan Distribusi Listrik PT. PLN (Persero) pada Cabang/Ranting PLN Menurut Kecamatan di Kabupaten Barru",558.0,Energi,138.0,,,,,4.0,74.0,Susut/hilang
122,2022,Soppeng Riaja,7396459.0,Data Tersedia,2024-04-26 01:12:19,"Daya Terpasang, Produksi, dan Distribusi Listrik PT. PLN (Persero) pada Cabang/Ranting PLN Menurut Kecamatan di Kabupaten Barru",558.0,Energi,138.0,,,,,5.0,70.0,Daya Terpasang 
122,2022,Soppeng Riaja,9742270.0,Data Tersedia,2024-04-26 01:12:19,"Daya Terpasang, Produksi, dan Distribusi Listrik PT. PLN (Persero) pada Cabang/Ranting PLN Menurut Kecamatan di Kabupaten Barru",558.0,Energi,138.0,,,,,5.0,71.0,Produksi Listrik
122,2022,Soppeng Riaja,9239331.0,Data Tersedia,2024-04-26 01:12:19,"Daya Terpasang, Produksi, dan Distribusi Listrik PT. PLN (Persero) pada Cabang/Ranting PLN Menurut Kecamatan di Kabupaten Barru",558.0,Energi,138.0,,,,,5.0,72.0,Listrik Terjual
122,2022,Soppeng Riaja,84135.0,Data Tersedia,2024-04-26 01:12:19,"Daya Terpasang, Produksi, dan Distribusi Listrik PT. PLN (Persero) pada Cabang/Ranting PLN Menurut Kecamatan di Kabupaten Barru",558.0,Energi,138.0,,,,,5.0,73.0,Dipakai Sendiri
122,2022,Soppeng Riaja,0.43,Data Tersedia,2024-04-26 01:12:19,"Daya Terpasang, Produksi, dan Distribusi Listrik PT. PLN (Persero) pada Cabang/Ranting PLN Menurut Kecamatan di Kabupaten Barru",558.0,Energi,138.0,,,,,5.0,74.0,Susut/hilang
122,2022,Balusu,7789370.0,Data Tersedia,2024-04-26 01:12:19,"Daya Terpasang, Produksi, dan Distribusi Listrik PT. PLN (Persero) pada Cabang/Ranting PLN Menurut Kecamatan di Kabupaten Barru",558.0,Energi,138.0,,,,,6.0,70.0,Daya Terpasang 
122,2022,Balusu,10259794.0,Data Tersedia,2024-04-26 01:12:19,"Daya Terpasang, Produksi, dan Distribusi Listrik PT. PLN (Persero) pada Cabang/Ranting PLN Menurut Kecamatan di Kabupaten Barru",558.0,Energi,138.0,,,,,6.0,71.0,Produksi Listrik
122,2022,Balusu,9730139.0,Data Tersedia,2024-04-26 01:12:19,"Daya Terpasang, Produksi, dan Distribusi Listrik PT. PLN (Persero) pada Cabang/Ranting PLN Menurut Kecamatan di Kabupaten Barru",558.0,Energi,138.0,,,,,6.0,72.0,Listrik Terjual
122,2022,Balusu,88605.0,Data Tersedia,2024-04-26 01:12:19,"Daya Terpasang, Produksi, dan Distribusi Listrik PT. PLN (Persero) pada Cabang/Ranting PLN Menurut Kecamatan di Kabupaten Barru",558.0,Energi,138.0,,,,,6.0,73.0,Dipakai Sendiri
122,2022,Balusu,0.45,Data Tersedia,2024-04-26 01:12:19,"Daya Terpasang, Produksi, dan Distribusi Listrik PT. PLN (Persero) pada Cabang/Ranting PLN Menurut Kecamatan di Kabupaten Barru",558.0,Energi,138.0,,,,,6.0,74.0,Susut/hilang
122,2022,Mallusetasi,10568608.0,Data Tersedia,2024-04-26 01:12:19,"Daya Terpasang, Produksi, dan Distribusi Listrik PT. PLN (Persero) pada Cabang/Ranting PLN Menurut Kecamatan di Kabupaten Barru",558.0,Energi,138.0,,,,,7.0,70.0,Daya Terpasang 
122,2022,Mallusetasi,13920477.0,Data Tersedia,2024-04-26 01:12:19,"Daya Terpasang, Produksi, dan Distribusi Listrik PT. PLN (Persero) pada Cabang/Ranting PLN Menurut Kecamatan di Kabupaten Barru",558.0,Energi,138.0,,,,,7.0,71.0,Produksi Listrik
122,2022,Mallusetasi,13201842.0,Data Tersedia,2024-04-26 01:12:19,"Daya Terpasang, Produksi, dan Distribusi Listrik PT. PLN (Persero) pada Cabang/Ranting PLN Menurut Kecamatan di Kabupaten Barru",558.0,Energi,138.0,,,,,7.0,72.0,Listrik Terjual
122,2022,Mallusetasi,120219.0,Data Tersedia,2024-04-26 01:12:19,"Daya Terpasang, Produksi, dan Distribusi Listrik PT. PLN (Persero) pada Cabang/Ranting PLN Menurut Kecamatan di Kabupaten Barru",558.0,Energi,138.0,,,,,7.0,73.0,Dipakai Sendiri
122,2022,Mallusetasi,0.61,Data Tersedia,2024-04-26 01:12:19,"Daya Terpasang, Produksi, dan Distribusi Listrik PT. PLN (Persero) pada Cabang/Ranting PLN Menurut Kecamatan di Kabupaten Barru",558.0,Energi,138.0,,,,,7.0,74.0,Susut/hilang
122,2022,Kabupaten Barru,71871400.0,Data Tersedia,2024-04-26 01:12:19,"Daya Terpasang, Produksi, dan Distribusi Listrik PT. PLN (Persero) pada Cabang/Ranting PLN Menurut Kecamatan di Kabupaten Barru",558.0,Energi,138.0,,,,,8.0,70.0,Daya Terpasang 
122,2022,Kabupaten Barru,94665648.0,Data Tersedia,2024-04-26 01:12:19,"Daya Terpasang, Produksi, dan Distribusi Listrik PT. PLN (Persero) pada Cabang/Ranting PLN Menurut Kecamatan di Kabupaten Barru",558.0,Energi,138.0,,,,,8.0,71.0,Produksi Listrik
122,2022,Kabupaten Barru,89778597.0,Data Tersedia,2024-04-26 01:12:19,"Daya Terpasang, Produksi, dan Distribusi Listrik PT. PLN (Persero) pada Cabang/Ranting PLN Menurut Kecamatan di Kabupaten Barru",558.0,Energi,138.0,,,,,8.0,72.0,Listrik Terjual
122,2022,Kabupaten Barru,817544.0,Data Tersedia,2024-04-26 01:12:19,"Daya Terpasang, Produksi, dan Distribusi Listrik PT. PLN (Persero) pada Cabang/Ranting PLN Menurut Kecamatan di Kabupaten Barru",558.0,Energi,138.0,,,,,8.0,73.0,Dipakai Sendiri
122,2022,Kabupaten Barru,4.14,Data Tersedia,2024-04-26 01:12:19,"Daya Terpasang, Produksi, dan Distribusi Listrik PT. PLN (Persero) pada Cabang/Ranting PLN Menurut Kecamatan di Kabupaten Barru",558.0,Energi,138.0,,,,,8.0,74.0,Susut/hilang
123,2023,Tanete Riaja,9786229.0,Data Tersedia,2024-04-26 01:12:19,"Daya Terpasang, Produksi, dan Distribusi Listrik PT. PLN (Persero) pada Cabang/Ranting PLN Menurut Kecamatan di Kabupaten Barru",558.0,Energi,138.0,,,,,1.0,70.0,Daya Terpasang 
123,2023,Tanete Riaja,13433354.0,Data Tersedia,2024-04-26 01:12:19,"Daya Terpasang, Produksi, dan Distribusi Listrik PT. PLN (Persero) pada Cabang/Ranting PLN Menurut Kecamatan di Kabupaten Barru",558.0,Energi,138.0,,,,,1.0,71.0,Produksi Listrik
123,2023,Tanete Riaja,13968147.0,Data Tersedia,2024-04-26 01:12:19,"Daya Terpasang, Produksi, dan Distribusi Listrik PT. PLN (Persero) pada Cabang/Ranting PLN Menurut Kecamatan di Kabupaten Barru",558.0,Energi,138.0,,,,,1.0,72.0,Listrik Terjual
123,2023,Tanete Riaja,110.19,Data Tersedia,2024-04-26 01:12:19,"Daya Terpasang, Produksi, dan Distribusi Listrik PT. PLN (Persero) pada Cabang/Ranting PLN Menurut Kecamatan di Kabupaten Barru",558.0,Energi,138.0,,,,,1.0,73.0,Dipakai Sendiri
123,2023,Tanete Riaja,0.58,Data Tersedia,2024-04-26 01:12:19,"Daya Terpasang, Produksi, dan Distribusi Listrik PT. PLN (Persero) pada Cabang/Ranting PLN Menurut Kecamatan di Kabupaten Barru",558.0,Energi,138.0,,,,,1.0,74.0,Susut/hilang
123,2023,Pujananting,5616219.0,Data Tersedia,2024-04-26 01:12:19,"Daya Terpasang, Produksi, dan Distribusi Listrik PT. PLN (Persero) pada Cabang/Ranting PLN Menurut Kecamatan di Kabupaten Barru",558.0,Energi,138.0,,,,,2.0,70.0,Daya Terpasang 
123,2023,Pujananting,7709266.0,Data Tersedia,2024-04-26 01:12:19,"Daya Terpasang, Produksi, dan Distribusi Listrik PT. PLN (Persero) pada Cabang/Ranting PLN Menurut Kecamatan di Kabupaten Barru",558.0,Energi,138.0,,,,,2.0,71.0,Produksi Listrik
123,2023,Pujananting,8016178.0,Data Tersedia,2024-04-26 01:12:19,"Daya Terpasang, Produksi, dan Distribusi Listrik PT. PLN (Persero) pada Cabang/Ranting PLN Menurut Kecamatan di Kabupaten Barru",558.0,Energi,138.0,,,,,2.0,72.0,Listrik Terjual
123,2023,Pujananting,63.24,Data Tersedia,2024-04-26 01:12:19,"Daya Terpasang, Produksi, dan Distribusi Listrik PT. PLN (Persero) pada Cabang/Ranting PLN Menurut Kecamatan di Kabupaten Barru",558.0,Energi,138.0,,,,,2.0,73.0,Dipakai Sendiri
123,2023,Pujananting,0.33,Data Tersedia,2024-04-26 01:12:19,"Daya Terpasang, Produksi, dan Distribusi Listrik PT. PLN (Persero) pada Cabang/Ranting PLN Menurut Kecamatan di Kabupaten Barru",558.0,Energi,138.0,,,,,2.0,74.0,Susut/hilang
123,2023,Tanete Rilau,14504758.0,Data Tersedia,2024-04-26 01:12:19,"Daya Terpasang, Produksi, dan Distribusi Listrik PT. PLN (Persero) pada Cabang/Ranting PLN Menurut Kecamatan di Kabupaten Barru",558.0,Energi,138.0,,,,,3.0,70.0,Daya Terpasang 
123,2023,Tanete Rilau,19910380.0,Data Tersedia,2024-04-26 01:12:19,"Daya Terpasang, Produksi, dan Distribusi Listrik PT. PLN (Persero) pada Cabang/Ranting PLN Menurut Kecamatan di Kabupaten Barru",558.0,Energi,138.0,,,,,3.0,71.0,Produksi Listrik
123,2023,Tanete Rilau,20703028.0,Data Tersedia,2024-04-26 01:12:19,"Daya Terpasang, Produksi, dan Distribusi Listrik PT. PLN (Persero) pada Cabang/Ranting PLN Menurut Kecamatan di Kabupaten Barru",558.0,Energi,138.0,,,,,3.0,72.0,Listrik Terjual
123,2023,Tanete Rilau,163.33,Data Tersedia,2024-04-26 01:12:19,"Daya Terpasang, Produksi, dan Distribusi Listrik PT. PLN (Persero) pada Cabang/Ranting PLN Menurut Kecamatan di Kabupaten Barru",558.0,Energi,138.0,,,,,3.0,73.0,Dipakai Sendiri
123,2023,Tanete Rilau,0.86,Data Tersedia,2024-04-26 01:12:19,"Daya Terpasang, Produksi, dan Distribusi Listrik PT. PLN (Persero) pada Cabang/Ranting PLN Menurut Kecamatan di Kabupaten Barru",558.0,Energi,138.0,,,,,3.0,74.0,Susut/hilang
123,2023,Barru,17839828.0,Data Tersedia,2024-04-26 01:12:19,"Daya Terpasang, Produksi, dan Distribusi Listrik PT. PLN (Persero) pada Cabang/Ranting PLN Menurut Kecamatan di Kabupaten Barru",558.0,Energi,138.0,,,,,4.0,70.0,Daya Terpasang 
123,2023,Barru,24488361.0,Data Tersedia,2024-04-26 01:12:19,"Daya Terpasang, Produksi, dan Distribusi Listrik PT. PLN (Persero) pada Cabang/Ranting PLN Menurut Kecamatan di Kabupaten Barru",558.0,Energi,138.0,,,,,4.0,71.0,Produksi Listrik
123,2023,Barru,25463262.0,Data Tersedia,2024-04-26 01:12:19,"Daya Terpasang, Produksi, dan Distribusi Listrik PT. PLN (Persero) pada Cabang/Ranting PLN Menurut Kecamatan di Kabupaten Barru",558.0,Energi,138.0,,,,,4.0,72.0,Listrik Terjual
123,2023,Barru,200.88,Data Tersedia,2024-04-26 01:12:19,"Daya Terpasang, Produksi, dan Distribusi Listrik PT. PLN (Persero) pada Cabang/Ranting PLN Menurut Kecamatan di Kabupaten Barru",558.0,Energi,138.0,,,,,4.0,73.0,Dipakai Sendiri
123,2023,Barru,1.05,Data Tersedia,2024-04-26 01:12:19,"Daya Terpasang, Produksi, dan Distribusi Listrik PT. PLN (Persero) pada Cabang/Ranting PLN Menurut Kecamatan di Kabupaten Barru",558.0,Energi,138.0,,,,,4.0,74.0,Susut/hilang
123,2023,Soppeng Riaja,7657897.0,Data Tersedia,2024-04-26 01:12:19,"Daya Terpasang, Produksi, dan Distribusi Listrik PT. PLN (Persero) pada Cabang/Ranting PLN Menurut Kecamatan di Kabupaten Barru",558.0,Energi,138.0,,,,,5.0,70.0,Daya Terpasang 
123,2023,Soppeng Riaja,10511837.0,Data Tersedia,2024-04-26 01:12:19,"Daya Terpasang, Produksi, dan Distribusi Listrik PT. PLN (Persero) pada Cabang/Ranting PLN Menurut Kecamatan di Kabupaten Barru",558.0,Energi,138.0,,,,,5.0,71.0,Produksi Listrik
123,2023,Soppeng Riaja,10930321.0,Data Tersedia,2024-04-26 01:12:19,"Daya Terpasang, Produksi, dan Distribusi Listrik PT. PLN (Persero) pada Cabang/Ranting PLN Menurut Kecamatan di Kabupaten Barru",558.0,Energi,138.0,,,,,5.0,72.0,Listrik Terjual
123,2023,Soppeng Riaja,86.23,Data Tersedia,2024-04-26 01:12:19,"Daya Terpasang, Produksi, dan Distribusi Listrik PT. PLN (Persero) pada Cabang/Ranting PLN Menurut Kecamatan di Kabupaten Barru",558.0,Energi,138.0,,,,,5.0,73.0,Dipakai Sendiri
123,2023,Soppeng Riaja,0.45,Data Tersedia,2024-04-26 01:12:19,"Daya Terpasang, Produksi, dan Distribusi Listrik PT. PLN (Persero) pada Cabang/Ranting PLN Menurut Kecamatan di Kabupaten Barru",558.0,Energi,138.0,,,,,5.0,74.0,Susut/hilang
123,2023,Balusu,8064697.0,Data Tersedia,2024-04-26 01:12:19,"Daya Terpasang, Produksi, dan Distribusi Listrik PT. PLN (Persero) pada Cabang/Ranting PLN Menurut Kecamatan di Kabupaten Barru",558.0,Energi,138.0,,,,,6.0,70.0,Daya Terpasang 
123,2023,Balusu,11070242.0,Data Tersedia,2024-04-26 01:12:19,"Daya Terpasang, Produksi, dan Distribusi Listrik PT. PLN (Persero) pada Cabang/Ranting PLN Menurut Kecamatan di Kabupaten Barru",558.0,Energi,138.0,,,,,6.0,71.0,Produksi Listrik
123,2023,Balusu,11510957.0,Data Tersedia,2024-04-26 01:12:19,"Daya Terpasang, Produksi, dan Distribusi Listrik PT. PLN (Persero) pada Cabang/Ranting PLN Menurut Kecamatan di Kabupaten Barru",558.0,Energi,138.0,,,,,6.0,72.0,Listrik Terjual
123,2023,Balusu,90.81,Data Tersedia,2024-04-26 01:12:19,"Daya Terpasang, Produksi, dan Distribusi Listrik PT. PLN (Persero) pada Cabang/Ranting PLN Menurut Kecamatan di Kabupaten Barru",558.0,Energi,138.0,,,,,6.0,73.0,Dipakai Sendiri
123,2023,Balusu,0.48,Data Tersedia,2024-04-26 01:12:19,"Daya Terpasang, Produksi, dan Distribusi Listrik PT. PLN (Persero) pada Cabang/Ranting PLN Menurut Kecamatan di Kabupaten Barru",558.0,Energi,138.0,,,,,6.0,74.0,Susut/hilang
123,2023,Mallusetasi,10942171.0,Data Tersedia,2024-04-26 01:12:19,"Daya Terpasang, Produksi, dan Distribusi Listrik PT. PLN (Persero) pada Cabang/Ranting PLN Menurut Kecamatan di Kabupaten Barru",558.0,Energi,138.0,,,,,7.0,70.0,Daya Terpasang 
123,2023,Mallusetasi,15020091.0,Data Tersedia,2024-04-26 01:12:19,"Daya Terpasang, Produksi, dan Distribusi Listrik PT. PLN (Persero) pada Cabang/Ranting PLN Menurut Kecamatan di Kabupaten Barru",558.0,Energi,138.0,,,,,7.0,71.0,Produksi Listrik
123,2023,Mallusetasi,15618053.0,Data Tersedia,2024-04-26 01:12:19,"Daya Terpasang, Produksi, dan Distribusi Listrik PT. PLN (Persero) pada Cabang/Ranting PLN Menurut Kecamatan di Kabupaten Barru",558.0,Energi,138.0,,,,,7.0,72.0,Listrik Terjual
123,2023,Mallusetasi,123.21,Data Tersedia,2024-04-26 01:12:19,"Daya Terpasang, Produksi, dan Distribusi Listrik PT. PLN (Persero) pada Cabang/Ranting PLN Menurut Kecamatan di Kabupaten Barru",558.0,Energi,138.0,,,,,7.0,73.0,Dipakai Sendiri
123,2023,Mallusetasi,0.65,Data Tersedia,2024-04-26 01:12:19,"Daya Terpasang, Produksi, dan Distribusi Listrik PT. PLN (Persero) pada Cabang/Ranting PLN Menurut Kecamatan di Kabupaten Barru",558.0,Energi,138.0,,,,,7.0,74.0,Susut/hilang
123,2023,Kabupaten Barru,74411800.0,Data Tersedia,2024-04-26 01:12:19,"Daya Terpasang, Produksi, dan Distribusi Listrik PT. PLN (Persero) pada Cabang/Ranting PLN Menurut Kecamatan di Kabupaten Barru",558.0,Energi,138.0,,,,,8.0,70.0,Daya Terpasang 
123,2023,Kabupaten Barru,102143532.0,Data Tersedia,2024-04-26 01:12:19,"Daya Terpasang, Produksi, dan Distribusi Listrik PT. PLN (Persero) pada Cabang/Ranting PLN Menurut Kecamatan di Kabupaten Barru",558.0,Energi,138.0,,,,,8.0,71.0,Produksi Listrik
123,2023,Kabupaten Barru,106209947.0,Data Tersedia,2024-04-26 01:12:19,"Daya Terpasang, Produksi, dan Distribusi Listrik PT. PLN (Persero) pada Cabang/Ranting PLN Menurut Kecamatan di Kabupaten Barru",558.0,Energi,138.0,,,,,8.0,72.0,Listrik Terjual
123,2023,Kabupaten Barru,837.88,Data Tersedia,2024-04-26 01:12:19,"Daya Terpasang, Produksi, dan Distribusi Listrik PT. PLN (Persero) pada Cabang/Ranting PLN Menurut Kecamatan di Kabupaten Barru",558.0,Energi,138.0,,,,,8.0,73.0,Dipakai Sendiri
123,2023,Kabupaten Barru,4.4,Data Tersedia,2024-04-26 01:12:19,"Daya Terpasang, Produksi, dan Distribusi Listrik PT. PLN (Persero) pada Cabang/Ranting PLN Menurut Kecamatan di Kabupaten Barru",558.0,Energi,138.0,,,,,8.0,74.0,Susut/hilang
124,,,,Data Tidak Ditemukan,,,,,,,,,,,,
125,,,,Data Tidak Ditemukan,,,,,,,,,,,,
