id_tahun,tahun,vervar_label,nilai,status,last_update,var_label,subject_id,subject_label,var_id,var_unit,related_ids,related_titles,related_links,vervar_id,turvar_id,turvar_label
100,,,,Data Tidak Ditemukan,,,,,,,,,,,,
101,,,,Data Tidak Ditemukan,,,,,,,,,,,,
102,,,,Data Tidak Ditemukan,,,,,,,,,,,,
103,,,,Data Tidak Ditemukan,,,,,,,,,,,,
104,,,,Data Tidak Ditemukan,,,,,,,,,,,,
105,,,,Data Tidak Ditemukan,,,,,,,,,,,,
106,,,,Data Tidak Ditemukan,,,,,,,,,,,,
107,,,,Data Tidak Ditemukan,,,,,,,,,,,,
108,,,,Data Tidak Ditemukan,,,,,,,,,,,,
109,,,,Data Tidak Ditemukan,,,,,,,,,,,,
110,,,,Data Tidak Ditemukan,,,,,,,,,,,,
111,,,,Data Tidak Ditemukan,,,,,,,,,,,,
112,,,,Data Tidak Ditemukan,,,,,,,,,,,,
113,,,,Data Tidak Ditemukan,,,,,,,,,,,,
114,,,,Data Tidak Ditemukan,,,,,,,,,,,,
115,,,,Data Tidak Ditemukan,,,,,,,,,,,,
116,,,,Data Tidak Ditemukan,,,,,,,,,,,,
117,,,,Data Tidak Ditemukan,,,,,,,,,,,,
118,,,,Data Tidak Ditemukan,,,,,,,,,,,,
119,,,,Data Tidak Ditemukan,,,,,,,,,,,,
120,,Laki-Laki,,Data Tidak Ditemukan,2024-04-22 03:19:34,Persentase  Rumah  Tangga  menurut  Karakteristik  dan  StatusKepemilikan Bangunan Tempat Tinggal yang Ditempati  ,525.0,Pemukiman dan Perumahan,187.0,KRT,MjYjMQ==; MTc5IzI=; MTkyIzI=; MTkxIzI=; MjA4IzI=; MjA3IzI=; MjgjMQ==,"Jumlah Penduduk, Rumah Tangga dan Rata-rata Anggota rumah Tangga Menurut Kecamatan di Kabupaten Barru 2019; Jumlah Hotel, Kamar dan Tempat Tidur yang Tersedia di Kabupaten Barru; Persentase Anggota Rumah Tangga Berusia 5 Tahun ke Atas menurut pendidikan  dan Penggunaan Teknologi Informasi selama Tiga Bulan Terakhir,; Persentase Anggota Rumah Tangga Berusia 5 Tahun ke Atas menurut  Penggunaan Teknologi Informasi selama Tiga Bulan Terakhir; Persentase Penduduk Berumur 15 Tahun Keatas Menurut Pendidikan Tertinggi yang Ditamatkan dan Jenis Kelamin; Persentase Penduduk Berumur 15 Tahun Keatas Menurut Pendidikan Tertinggi yang Ditamatkan dan Jenis Kelamin; Persentase Penduduk Berumur 15 Tahun Keatas Menurut Pendidikan Tertinggi Yang Ditamatkan dan Jenis Kelamin Di Kabupaten Barru 2019",/1/MjYjMQ==/jumlah-penduduk--rumah-tangga-dan-rata-rata-anggota-rumah-tangga-menurut-kecamatan-di-kabupaten-barru-2019.html; /2/MTc5IzI=/jumlah-hotel--kamar-dan-tempat-tidur-yang-tersedia-di-kabupaten-barru.html; /2/MTkyIzI=/persentase-anggota-rumah-tangga-berusia-5-tahun-ke-atas-menurut-pendidikan--dan-penggunaan-teknologi-informasi-selama-tiga-bulan-terakhir-.html; /2/MTkxIzI=/persentase-anggota-rumah-tangga-berusia-5-tahun-ke-atas-menurut--penggunaan-teknologi-informasi-selama-tiga-bulan-terakhir.html; /2/MjA4IzI=/persentase-penduduk-berumur-15-tahun-keatas-menurut-pendidikan-tertinggi-yang-ditamatkan-dan-jenis-kelamin.html; /2/MjA3IzI=/persentase-penduduk-berumur-15-tahun-keatas-menurut-pendidikan-tertinggi-yang-ditamatkan-dan-jenis-kelamin.html; /1/MjgjMQ==/persentase-penduduk-berumur-15-tahun-keatas-menurut-pendidikan-tertinggi-yang-ditamatkan-dan-jenis-kelamin-di-kabupaten-barru-2019.html,1.0,149.0,Milik Sendiri
120,,Laki-Laki,,Data Tidak Ditemukan,2024-04-22 03:19:34,Persentase  Rumah  Tangga  menurut  Karakteristik  dan  StatusKepemilikan Bangunan Tempat Tinggal yang Ditempati  ,525.0,Pemukiman dan Perumahan,187.0,KRT,MjYjMQ==; MTc5IzI=; MTkyIzI=; MTkxIzI=; MjA4IzI=; MjA3IzI=; MjgjMQ==,"Jumlah Penduduk, Rumah Tangga dan Rata-rata Anggota rumah Tangga Menurut Kecamatan di Kabupaten Barru 2019; Jumlah Hotel, Kamar dan Tempat Tidur yang Tersedia di Kabupaten Barru; Persentase Anggota Rumah Tangga Berusia 5 Tahun ke Atas menurut pendidikan  dan Penggunaan Teknologi Informasi selama Tiga Bulan Terakhir,; Persentase Anggota Rumah Tangga Berusia 5 Tahun ke Atas menurut  Penggunaan Teknologi Informasi selama Tiga Bulan Terakhir; Persentase Penduduk Berumur 15 Tahun Keatas Menurut Pendidikan Tertinggi yang Ditamatkan dan Jenis Kelamin; Persentase Penduduk Berumur 15 Tahun Keatas Menurut Pendidikan Tertinggi yang Ditamatkan dan Jenis Kelamin; Persentase Penduduk Berumur 15 Tahun Keatas Menurut Pendidikan Tertinggi Yang Ditamatkan dan Jenis Kelamin Di Kabupaten Barru 2019",/1/MjYjMQ==/jumlah-penduduk--rumah-tangga-dan-rata-rata-anggota-rumah-tangga-menurut-kecamatan-di-kabupaten-barru-2019.html; /2/MTc5IzI=/jumlah-hotel--kamar-dan-tempat-tidur-yang-tersedia-di-kabupaten-barru.html; /2/MTkyIzI=/persentase-anggota-rumah-tangga-berusia-5-tahun-ke-atas-menurut-pendidikan--dan-penggunaan-teknologi-informasi-selama-tiga-bulan-terakhir-.html; /2/MTkxIzI=/persentase-anggota-rumah-tangga-berusia-5-tahun-ke-atas-menurut--penggunaan-teknologi-informasi-selama-tiga-bulan-terakhir.html; /2/MjA4IzI=/persentase-penduduk-berumur-15-tahun-keatas-menurut-pendidikan-tertinggi-yang-ditamatkan-dan-jenis-kelamin.html; /2/MjA3IzI=/persentase-penduduk-berumur-15-tahun-keatas-menurut-pendidikan-tertinggi-yang-ditamatkan-dan-jenis-kelamin.html; /1/MjgjMQ==/persentase-penduduk-berumur-15-tahun-keatas-menurut-pendidikan-tertinggi-yang-ditamatkan-dan-jenis-kelamin-di-kabupaten-barru-2019.html,1.0,150.0,Bukan Milik Sendiri
120,,Perempuan,,Data Tidak Ditemukan,2024-04-22 03:19:34,Persentase  Rumah  Tangga  menurut  Karakteristik  dan  StatusKepemilikan Bangunan Tempat Tinggal yang Ditempati  ,525.0,Pemukiman dan Perumahan,187.0,KRT,MjYjMQ==; MTc5IzI=; MTkyIzI=; MTkxIzI=; MjA4IzI=; MjA3IzI=; MjgjMQ==,"Jumlah Penduduk, Rumah Tangga dan Rata-rata Anggota rumah Tangga Menurut Kecamatan di Kabupaten Barru 2019; Jumlah Hotel, Kamar dan Tempat Tidur yang Tersedia di Kabupaten Barru; Persentase Anggota Rumah Tangga Berusia 5 Tahun ke Atas menurut pendidikan  dan Penggunaan Teknologi Informasi selama Tiga Bulan Terakhir,; Persentase Anggota Rumah Tangga Berusia 5 Tahun ke Atas menurut  Penggunaan Teknologi Informasi selama Tiga Bulan Terakhir; Persentase Penduduk Berumur 15 Tahun Keatas Menurut Pendidikan Tertinggi yang Ditamatkan dan Jenis Kelamin; Persentase Penduduk Berumur 15 Tahun Keatas Menurut Pendidikan Tertinggi yang Ditamatkan dan Jenis Kelamin; Persentase Penduduk Berumur 15 Tahun Keatas Menurut Pendidikan Tertinggi Yang Ditamatkan dan Jenis Kelamin Di Kabupaten Barru 2019",/1/MjYjMQ==/jumlah-penduduk--rumah-tangga-dan-rata-rata-anggota-rumah-tangga-menurut-kecamatan-di-kabupaten-barru-2019.html; /2/MTc5IzI=/jumlah-hotel--kamar-dan-tempat-tidur-yang-tersedia-di-kabupaten-barru.html; /2/MTkyIzI=/persentase-anggota-rumah-tangga-berusia-5-tahun-ke-atas-menurut-pendidikan--dan-penggunaan-teknologi-informasi-selama-tiga-bulan-terakhir-.html; /2/MTkxIzI=/persentase-anggota-rumah-tangga-berusia-5-tahun-ke-atas-menurut--penggunaan-teknologi-informasi-selama-tiga-bulan-terakhir.html; /2/MjA4IzI=/persentase-penduduk-berumur-15-tahun-keatas-menurut-pendidikan-tertinggi-yang-ditamatkan-dan-jenis-kelamin.html; /2/MjA3IzI=/persentase-penduduk-berumur-15-tahun-keatas-menurut-pendidikan-tertinggi-yang-ditamatkan-dan-jenis-kelamin.html; /1/MjgjMQ==/persentase-penduduk-berumur-15-tahun-keatas-menurut-pendidikan-tertinggi-yang-ditamatkan-dan-jenis-kelamin-di-kabupaten-barru-2019.html,2.0,149.0,Milik Sendiri
120,,Perempuan,,Data Tidak Ditemukan,2024-04-22 03:19:34,Persentase  Rumah  Tangga  menurut  Karakteristik  dan  StatusKepemilikan Bangunan Tempat Tinggal yang Ditempati  ,525.0,Pemukiman dan Perumahan,187.0,KRT,MjYjMQ==; MTc5IzI=; MTkyIzI=; MTkxIzI=; MjA4IzI=; MjA3IzI=; MjgjMQ==,"Jumlah Penduduk, Rumah Tangga dan Rata-rata Anggota rumah Tangga Menurut Kecamatan di Kabupaten Barru 2019; Jumlah Hotel, Kamar dan Tempat Tidur yang Tersedia di Kabupaten Barru; Persentase Anggota Rumah Tangga Berusia 5 Tahun ke Atas menurut pendidikan  dan Penggunaan Teknologi Informasi selama Tiga Bulan Terakhir,; Persentase Anggota Rumah Tangga Berusia 5 Tahun ke Atas menurut  Penggunaan Teknologi Informasi selama Tiga Bulan Terakhir; Persentase Penduduk Berumur 15 Tahun Keatas Menurut Pendidikan Tertinggi yang Ditamatkan dan Jenis Kelamin; Persentase Penduduk Berumur 15 Tahun Keatas Menurut Pendidikan Tertinggi yang Ditamatkan dan Jenis Kelamin; Persentase Penduduk Berumur 15 Tahun Keatas Menurut Pendidikan Tertinggi Yang Ditamatkan dan Jenis Kelamin Di Kabupaten Barru 2019",/1/MjYjMQ==/jumlah-penduduk--rumah-tangga-dan-rata-rata-anggota-rumah-tangga-menurut-kecamatan-di-kabupaten-barru-2019.html; /2/MTc5IzI=/jumlah-hotel--kamar-dan-tempat-tidur-yang-tersedia-di-kabupaten-barru.html; /2/MTkyIzI=/persentase-anggota-rumah-tangga-berusia-5-tahun-ke-atas-menurut-pendidikan--dan-penggunaan-teknologi-informasi-selama-tiga-bulan-terakhir-.html; /2/MTkxIzI=/persentase-anggota-rumah-tangga-berusia-5-tahun-ke-atas-menurut--penggunaan-teknologi-informasi-selama-tiga-bulan-terakhir.html; /2/MjA4IzI=/persentase-penduduk-berumur-15-tahun-keatas-menurut-pendidikan-tertinggi-yang-ditamatkan-dan-jenis-kelamin.html; /2/MjA3IzI=/persentase-penduduk-berumur-15-tahun-keatas-menurut-pendidikan-tertinggi-yang-ditamatkan-dan-jenis-kelamin.html; /1/MjgjMQ==/persentase-penduduk-berumur-15-tahun-keatas-menurut-pendidikan-tertinggi-yang-ditamatkan-dan-jenis-kelamin-di-kabupaten-barru-2019.html,2.0,150.0,Bukan Milik Sendiri
121,2021,Laki-Laki,92.6,Data Tersedia,2024-04-22 03:19:34,Persentase  Rumah  Tangga  menurut  Karakteristik  dan  StatusKepemilikan Bangunan Tempat Tinggal yang Ditempati  ,525.0,Pemukiman dan Perumahan,187.0,KRT,MjYjMQ==; MTc5IzI=; MTkyIzI=; MTkxIzI=; MjA4IzI=; MjA3IzI=; MjgjMQ==,"Jumlah Penduduk, Rumah Tangga dan Rata-rata Anggota rumah Tangga Menurut Kecamatan di Kabupaten Barru 2019; Jumlah Hotel, Kamar dan Tempat Tidur yang Tersedia di Kabupaten Barru; Persentase Anggota Rumah Tangga Berusia 5 Tahun ke Atas menurut pendidikan  dan Penggunaan Teknologi Informasi selama Tiga Bulan Terakhir,; Persentase Anggota Rumah Tangga Berusia 5 Tahun ke Atas menurut  Penggunaan Teknologi Informasi selama Tiga Bulan Terakhir; Persentase Penduduk Berumur 15 Tahun Keatas Menurut Pendidikan Tertinggi yang Ditamatkan dan Jenis Kelamin; Persentase Penduduk Berumur 15 Tahun Keatas Menurut Pendidikan Tertinggi yang Ditamatkan dan Jenis Kelamin; Persentase Penduduk Berumur 15 Tahun Keatas Menurut Pendidikan Tertinggi Yang Ditamatkan dan Jenis Kelamin Di Kabupaten Barru 2019",/1/MjYjMQ==/jumlah-penduduk--rumah-tangga-dan-rata-rata-anggota-rumah-tangga-menurut-kecamatan-di-kabupaten-barru-2019.html; /2/MTc5IzI=/jumlah-hotel--kamar-dan-tempat-tidur-yang-tersedia-di-kabupaten-barru.html; /2/MTkyIzI=/persentase-anggota-rumah-tangga-berusia-5-tahun-ke-atas-menurut-pendidikan--dan-penggunaan-teknologi-informasi-selama-tiga-bulan-terakhir-.html; /2/MTkxIzI=/persentase-anggota-rumah-tangga-berusia-5-tahun-ke-atas-menurut--penggunaan-teknologi-informasi-selama-tiga-bulan-terakhir.html; /2/MjA4IzI=/persentase-penduduk-berumur-15-tahun-keatas-menurut-pendidikan-tertinggi-yang-ditamatkan-dan-jenis-kelamin.html; /2/MjA3IzI=/persentase-penduduk-berumur-15-tahun-keatas-menurut-pendidikan-tertinggi-yang-ditamatkan-dan-jenis-kelamin.html; /1/MjgjMQ==/persentase-penduduk-berumur-15-tahun-keatas-menurut-pendidikan-tertinggi-yang-ditamatkan-dan-jenis-kelamin-di-kabupaten-barru-2019.html,1.0,149.0,Milik Sendiri
121,2021,Laki-Laki,7.4,Data Tersedia,2024-04-22 03:19:34,Persentase  Rumah  Tangga  menurut  Karakteristik  dan  StatusKepemilikan Bangunan Tempat Tinggal yang Ditempati  ,525.0,Pemukiman dan Perumahan,187.0,KRT,MjYjMQ==; MTc5IzI=; MTkyIzI=; MTkxIzI=; MjA4IzI=; MjA3IzI=; MjgjMQ==,"Jumlah Penduduk, Rumah Tangga dan Rata-rata Anggota rumah Tangga Menurut Kecamatan di Kabupaten Barru 2019; Jumlah Hotel, Kamar dan Tempat Tidur yang Tersedia di Kabupaten Barru; Persentase Anggota Rumah Tangga Berusia 5 Tahun ke Atas menurut pendidikan  dan Penggunaan Teknologi Informasi selama Tiga Bulan Terakhir,; Persentase Anggota Rumah Tangga Berusia 5 Tahun ke Atas menurut  Penggunaan Teknologi Informasi selama Tiga Bulan Terakhir; Persentase Penduduk Berumur 15 Tahun Keatas Menurut Pendidikan Tertinggi yang Ditamatkan dan Jenis Kelamin; Persentase Penduduk Berumur 15 Tahun Keatas Menurut Pendidikan Tertinggi yang Ditamatkan dan Jenis Kelamin; Persentase Penduduk Berumur 15 Tahun Keatas Menurut Pendidikan Tertinggi Yang Ditamatkan dan Jenis Kelamin Di Kabupaten Barru 2019",/1/MjYjMQ==/jumlah-penduduk--rumah-tangga-dan-rata-rata-anggota-rumah-tangga-menurut-kecamatan-di-kabupaten-barru-2019.html; /2/MTc5IzI=/jumlah-hotel--kamar-dan-tempat-tidur-yang-tersedia-di-kabupaten-barru.html; /2/MTkyIzI=/persentase-anggota-rumah-tangga-berusia-5-tahun-ke-atas-menurut-pendidikan--dan-penggunaan-teknologi-informasi-selama-tiga-bulan-terakhir-.html; /2/MTkxIzI=/persentase-anggota-rumah-tangga-berusia-5-tahun-ke-atas-menurut--penggunaan-teknologi-informasi-selama-tiga-bulan-terakhir.html; /2/MjA4IzI=/persentase-penduduk-berumur-15-tahun-keatas-menurut-pendidikan-tertinggi-yang-ditamatkan-dan-jenis-kelamin.html; /2/MjA3IzI=/persentase-penduduk-berumur-15-tahun-keatas-menurut-pendidikan-tertinggi-yang-ditamatkan-dan-jenis-kelamin.html; /1/MjgjMQ==/persentase-penduduk-berumur-15-tahun-keatas-menurut-pendidikan-tertinggi-yang-ditamatkan-dan-jenis-kelamin-di-kabupaten-barru-2019.html,1.0,150.0,Bukan Milik Sendiri
121,2021,Perempuan,90.17,Data Tersedia,2024-04-22 03:19:34,Persentase  Rumah  Tangga  menurut  Karakteristik  dan  StatusKepemilikan Bangunan Tempat Tinggal yang Ditempati  ,525.0,Pemukiman dan Perumahan,187.0,KRT,MjYjMQ==; MTc5IzI=; MTkyIzI=; MTkxIzI=; MjA4IzI=; MjA3IzI=; MjgjMQ==,"Jumlah Penduduk, Rumah Tangga dan Rata-rata Anggota rumah Tangga Menurut Kecamatan di Kabupaten Barru 2019; Jumlah Hotel, Kamar dan Tempat Tidur yang Tersedia di Kabupaten Barru; Persentase Anggota Rumah Tangga Berusia 5 Tahun ke Atas menurut pendidikan  dan Penggunaan Teknologi Informasi selama Tiga Bulan Terakhir,; Persentase Anggota Rumah Tangga Berusia 5 Tahun ke Atas menurut  Penggunaan Teknologi Informasi selama Tiga Bulan Terakhir; Persentase Penduduk Berumur 15 Tahun Keatas Menurut Pendidikan Tertinggi yang Ditamatkan dan Jenis Kelamin; Persentase Penduduk Berumur 15 Tahun Keatas Menurut Pendidikan Tertinggi yang Ditamatkan dan Jenis Kelamin; Persentase Penduduk Berumur 15 Tahun Keatas Menurut Pendidikan Tertinggi Yang Ditamatkan dan Jenis Kelamin Di Kabupaten Barru 2019",/1/MjYjMQ==/jumlah-penduduk--rumah-tangga-dan-rata-rata-anggota-rumah-tangga-menurut-kecamatan-di-kabupaten-barru-2019.html; /2/MTc5IzI=/jumlah-hotel--kamar-dan-tempat-tidur-yang-tersedia-di-kabupaten-barru.html; /2/MTkyIzI=/persentase-anggota-rumah-tangga-berusia-5-tahun-ke-atas-menurut-pendidikan--dan-penggunaan-teknologi-informasi-selama-tiga-bulan-terakhir-.html; /2/MTkxIzI=/persentase-anggota-rumah-tangga-berusia-5-tahun-ke-atas-menurut--penggunaan-teknologi-informasi-selama-tiga-bulan-terakhir.html; /2/MjA4IzI=/persentase-penduduk-berumur-15-tahun-keatas-menurut-pendidikan-tertinggi-yang-ditamatkan-dan-jenis-kelamin.html; /2/MjA3IzI=/persentase-penduduk-berumur-15-tahun-keatas-menurut-pendidikan-tertinggi-yang-ditamatkan-dan-jenis-kelamin.html; /1/MjgjMQ==/persentase-penduduk-berumur-15-tahun-keatas-menurut-pendidikan-tertinggi-yang-ditamatkan-dan-jenis-kelamin-di-kabupaten-barru-2019.html,2.0,149.0,Milik Sendiri
121,2021,Perempuan,9.83,Data Tersedia,2024-04-22 03:19:34,Persentase  Rumah  Tangga  menurut  Karakteristik  dan  StatusKepemilikan Bangunan Tempat Tinggal yang Ditempati  ,525.0,Pemukiman dan Perumahan,187.0,KRT,MjYjMQ==; MTc5IzI=; MTkyIzI=; MTkxIzI=; MjA4IzI=; MjA3IzI=; MjgjMQ==,"Jumlah Penduduk, Rumah Tangga dan Rata-rata Anggota rumah Tangga Menurut Kecamatan di Kabupaten Barru 2019; Jumlah Hotel, Kamar dan Tempat Tidur yang Tersedia di Kabupaten Barru; Persentase Anggota Rumah Tangga Berusia 5 Tahun ke Atas menurut pendidikan  dan Penggunaan Teknologi Informasi selama Tiga Bulan Terakhir,; Persentase Anggota Rumah Tangga Berusia 5 Tahun ke Atas menurut  Penggunaan Teknologi Informasi selama Tiga Bulan Terakhir; Persentase Penduduk Berumur 15 Tahun Keatas Menurut Pendidikan Tertinggi yang Ditamatkan dan Jenis Kelamin; Persentase Penduduk Berumur 15 Tahun Keatas Menurut Pendidikan Tertinggi yang Ditamatkan dan Jenis Kelamin; Persentase Penduduk Berumur 15 Tahun Keatas Menurut Pendidikan Tertinggi Yang Ditamatkan dan Jenis Kelamin Di Kabupaten Barru 2019",/1/MjYjMQ==/jumlah-penduduk--rumah-tangga-dan-rata-rata-anggota-rumah-tangga-menurut-kecamatan-di-kabupaten-barru-2019.html; /2/MTc5IzI=/jumlah-hotel--kamar-dan-tempat-tidur-yang-tersedia-di-kabupaten-barru.html; /2/MTkyIzI=/persentase-anggota-rumah-tangga-berusia-5-tahun-ke-atas-menurut-pendidikan--dan-penggunaan-teknologi-informasi-selama-tiga-bulan-terakhir-.html; /2/MTkxIzI=/persentase-anggota-rumah-tangga-berusia-5-tahun-ke-atas-menurut--penggunaan-teknologi-informasi-selama-tiga-bulan-terakhir.html; /2/MjA4IzI=/persentase-penduduk-berumur-15-tahun-keatas-menurut-pendidikan-tertinggi-yang-ditamatkan-dan-jenis-kelamin.html; /2/MjA3IzI=/persentase-penduduk-berumur-15-tahun-keatas-menurut-pendidikan-tertinggi-yang-ditamatkan-dan-jenis-kelamin.html; /1/MjgjMQ==/persentase-penduduk-berumur-15-tahun-keatas-menurut-pendidikan-tertinggi-yang-ditamatkan-dan-jenis-kelamin-di-kabupaten-barru-2019.html,2.0,150.0,Bukan Milik Sendiri
122,2022,Laki-Laki,92.65,Data Tersedia,2024-04-22 03:19:34,Persentase  Rumah  Tangga  menurut  Karakteristik  dan  StatusKepemilikan Bangunan Tempat Tinggal yang Ditempati  ,525.0,Pemukiman dan Perumahan,187.0,KRT,MjYjMQ==; MTc5IzI=; MTkyIzI=; MTkxIzI=; MjA4IzI=; MjA3IzI=; MjgjMQ==,"Jumlah Penduduk, Rumah Tangga dan Rata-rata Anggota rumah Tangga Menurut Kecamatan di Kabupaten Barru 2019; Jumlah Hotel, Kamar dan Tempat Tidur yang Tersedia di Kabupaten Barru; Persentase Anggota Rumah Tangga Berusia 5 Tahun ke Atas menurut pendidikan  dan Penggunaan Teknologi Informasi selama Tiga Bulan Terakhir,; Persentase Anggota Rumah Tangga Berusia 5 Tahun ke Atas menurut  Penggunaan Teknologi Informasi selama Tiga Bulan Terakhir; Persentase Penduduk Berumur 15 Tahun Keatas Menurut Pendidikan Tertinggi yang Ditamatkan dan Jenis Kelamin; Persentase Penduduk Berumur 15 Tahun Keatas Menurut Pendidikan Tertinggi yang Ditamatkan dan Jenis Kelamin; Persentase Penduduk Berumur 15 Tahun Keatas Menurut Pendidikan Tertinggi Yang Ditamatkan dan Jenis Kelamin Di Kabupaten Barru 2019",/1/MjYjMQ==/jumlah-penduduk--rumah-tangga-dan-rata-rata-anggota-rumah-tangga-menurut-kecamatan-di-kabupaten-barru-2019.html; /2/MTc5IzI=/jumlah-hotel--kamar-dan-tempat-tidur-yang-tersedia-di-kabupaten-barru.html; /2/MTkyIzI=/persentase-anggota-rumah-tangga-berusia-5-tahun-ke-atas-menurut-pendidikan--dan-penggunaan-teknologi-informasi-selama-tiga-bulan-terakhir-.html; /2/MTkxIzI=/persentase-anggota-rumah-tangga-berusia-5-tahun-ke-atas-menurut--penggunaan-teknologi-informasi-selama-tiga-bulan-terakhir.html; /2/MjA4IzI=/persentase-penduduk-berumur-15-tahun-keatas-menurut-pendidikan-tertinggi-yang-ditamatkan-dan-jenis-kelamin.html; /2/MjA3IzI=/persentase-penduduk-berumur-15-tahun-keatas-menurut-pendidikan-tertinggi-yang-ditamatkan-dan-jenis-kelamin.html; /1/MjgjMQ==/persentase-penduduk-berumur-15-tahun-keatas-menurut-pendidikan-tertinggi-yang-ditamatkan-dan-jenis-kelamin-di-kabupaten-barru-2019.html,1.0,149.0,Milik Sendiri
122,2022,Laki-Laki,7.35,Data Tersedia,2024-04-22 03:19:34,Persentase  Rumah  Tangga  menurut  Karakteristik  dan  StatusKepemilikan Bangunan Tempat Tinggal yang Ditempati  ,525.0,Pemukiman dan Perumahan,187.0,KRT,MjYjMQ==; MTc5IzI=; MTkyIzI=; MTkxIzI=; MjA4IzI=; MjA3IzI=; MjgjMQ==,"Jumlah Penduduk, Rumah Tangga dan Rata-rata Anggota rumah Tangga Menurut Kecamatan di Kabupaten Barru 2019; Jumlah Hotel, Kamar dan Tempat Tidur yang Tersedia di Kabupaten Barru; Persentase Anggota Rumah Tangga Berusia 5 Tahun ke Atas menurut pendidikan  dan Penggunaan Teknologi Informasi selama Tiga Bulan Terakhir,; Persentase Anggota Rumah Tangga Berusia 5 Tahun ke Atas menurut  Penggunaan Teknologi Informasi selama Tiga Bulan Terakhir; Persentase Penduduk Berumur 15 Tahun Keatas Menurut Pendidikan Tertinggi yang Ditamatkan dan Jenis Kelamin; Persentase Penduduk Berumur 15 Tahun Keatas Menurut Pendidikan Tertinggi yang Ditamatkan dan Jenis Kelamin; Persentase Penduduk Berumur 15 Tahun Keatas Menurut Pendidikan Tertinggi Yang Ditamatkan dan Jenis Kelamin Di Kabupaten Barru 2019",/1/MjYjMQ==/jumlah-penduduk--rumah-tangga-dan-rata-rata-anggota-rumah-tangga-menurut-kecamatan-di-kabupaten-barru-2019.html; /2/MTc5IzI=/jumlah-hotel--kamar-dan-tempat-tidur-yang-tersedia-di-kabupaten-barru.html; /2/MTkyIzI=/persentase-anggota-rumah-tangga-berusia-5-tahun-ke-atas-menurut-pendidikan--dan-penggunaan-teknologi-informasi-selama-tiga-bulan-terakhir-.html; /2/MTkxIzI=/persentase-anggota-rumah-tangga-berusia-5-tahun-ke-atas-menurut--penggunaan-teknologi-informasi-selama-tiga-bulan-terakhir.html; /2/MjA4IzI=/persentase-penduduk-berumur-15-tahun-keatas-menurut-pendidikan-tertinggi-yang-ditamatkan-dan-jenis-kelamin.html; /2/MjA3IzI=/persentase-penduduk-berumur-15-tahun-keatas-menurut-pendidikan-tertinggi-yang-ditamatkan-dan-jenis-kelamin.html; /1/MjgjMQ==/persentase-penduduk-berumur-15-tahun-keatas-menurut-pendidikan-tertinggi-yang-ditamatkan-dan-jenis-kelamin-di-kabupaten-barru-2019.html,1.0,150.0,Bukan Milik Sendiri
122,2022,Perempuan,94.61,Data Tersedia,2024-04-22 03:19:34,Persentase  Rumah  Tangga  menurut  Karakteristik  dan  StatusKepemilikan Bangunan Tempat Tinggal yang Ditempati  ,525.0,Pemukiman dan Perumahan,187.0,KRT,MjYjMQ==; MTc5IzI=; MTkyIzI=; MTkxIzI=; MjA4IzI=; MjA3IzI=; MjgjMQ==,"Jumlah Penduduk, Rumah Tangga dan Rata-rata Anggota rumah Tangga Menurut Kecamatan di Kabupaten Barru 2019; Jumlah Hotel, Kamar dan Tempat Tidur yang Tersedia di Kabupaten Barru; Persentase Anggota Rumah Tangga Berusia 5 Tahun ke Atas menurut pendidikan  dan Penggunaan Teknologi Informasi selama Tiga Bulan Terakhir,; Persentase Anggota Rumah Tangga Berusia 5 Tahun ke Atas menurut  Penggunaan Teknologi Informasi selama Tiga Bulan Terakhir; Persentase Penduduk Berumur 15 Tahun Keatas Menurut Pendidikan Tertinggi yang Ditamatkan dan Jenis Kelamin; Persentase Penduduk Berumur 15 Tahun Keatas Menurut Pendidikan Tertinggi yang Ditamatkan dan Jenis Kelamin; Persentase Penduduk Berumur 15 Tahun Keatas Menurut Pendidikan Tertinggi Yang Ditamatkan dan Jenis Kelamin Di Kabupaten Barru 2019",/1/MjYjMQ==/jumlah-penduduk--rumah-tangga-dan-rata-rata-anggota-rumah-tangga-menurut-kecamatan-di-kabupaten-barru-2019.html; /2/MTc5IzI=/jumlah-hotel--kamar-dan-tempat-tidur-yang-tersedia-di-kabupaten-barru.html; /2/MTkyIzI=/persentase-anggota-rumah-tangga-berusia-5-tahun-ke-atas-menurut-pendidikan--dan-penggunaan-teknologi-informasi-selama-tiga-bulan-terakhir-.html; /2/MTkxIzI=/persentase-anggota-rumah-tangga-berusia-5-tahun-ke-atas-menurut--penggunaan-teknologi-informasi-selama-tiga-bulan-terakhir.html; /2/MjA4IzI=/persentase-penduduk-berumur-15-tahun-keatas-menurut-pendidikan-tertinggi-yang-ditamatkan-dan-jenis-kelamin.html; /2/MjA3IzI=/persentase-penduduk-berumur-15-tahun-keatas-menurut-pendidikan-tertinggi-yang-ditamatkan-dan-jenis-kelamin.html; /1/MjgjMQ==/persentase-penduduk-berumur-15-tahun-keatas-menurut-pendidikan-tertinggi-yang-ditamatkan-dan-jenis-kelamin-di-kabupaten-barru-2019.html,2.0,149.0,Milik Sendiri
122,2022,Perempuan,5.39,Data Tersedia,2024-04-22 03:19:34,Persentase  Rumah  Tangga  menurut  Karakteristik  dan  StatusKepemilikan Bangunan Tempat Tinggal yang Ditempati  ,525.0,Pemukiman dan Perumahan,187.0,KRT,MjYjMQ==; MTc5IzI=; MTkyIzI=; MTkxIzI=; MjA4IzI=; MjA3IzI=; MjgjMQ==,"Jumlah Penduduk, Rumah Tangga dan Rata-rata Anggota rumah Tangga Menurut Kecamatan di Kabupaten Barru 2019; Jumlah Hotel, Kamar dan Tempat Tidur yang Tersedia di Kabupaten Barru; Persentase Anggota Rumah Tangga Berusia 5 Tahun ke Atas menurut pendidikan  dan Penggunaan Teknologi Informasi selama Tiga Bulan Terakhir,; Persentase Anggota Rumah Tangga Berusia 5 Tahun ke Atas menurut  Penggunaan Teknologi Informasi selama Tiga Bulan Terakhir; Persentase Penduduk Berumur 15 Tahun Keatas Menurut Pendidikan Tertinggi yang Ditamatkan dan Jenis Kelamin; Persentase Penduduk Berumur 15 Tahun Keatas Menurut Pendidikan Tertinggi yang Ditamatkan dan Jenis Kelamin; Persentase Penduduk Berumur 15 Tahun Keatas Menurut Pendidikan Tertinggi Yang Ditamatkan dan Jenis Kelamin Di Kabupaten Barru 2019",/1/MjYjMQ==/jumlah-penduduk--rumah-tangga-dan-rata-rata-anggota-rumah-tangga-menurut-kecamatan-di-kabupaten-barru-2019.html; /2/MTc5IzI=/jumlah-hotel--kamar-dan-tempat-tidur-yang-tersedia-di-kabupaten-barru.html; /2/MTkyIzI=/persentase-anggota-rumah-tangga-berusia-5-tahun-ke-atas-menurut-pendidikan--dan-penggunaan-teknologi-informasi-selama-tiga-bulan-terakhir-.html; /2/MTkxIzI=/persentase-anggota-rumah-tangga-berusia-5-tahun-ke-atas-menurut--penggunaan-teknologi-informasi-selama-tiga-bulan-terakhir.html; /2/MjA4IzI=/persentase-penduduk-berumur-15-tahun-keatas-menurut-pendidikan-tertinggi-yang-ditamatkan-dan-jenis-kelamin.html; /2/MjA3IzI=/persentase-penduduk-berumur-15-tahun-keatas-menurut-pendidikan-tertinggi-yang-ditamatkan-dan-jenis-kelamin.html; /1/MjgjMQ==/persentase-penduduk-berumur-15-tahun-keatas-menurut-pendidikan-tertinggi-yang-ditamatkan-dan-jenis-kelamin-di-kabupaten-barru-2019.html,2.0,150.0,Bukan Milik Sendiri
123,,Laki-Laki,,Data Tidak Ditemukan,2024-04-22 03:19:34,Persentase  Rumah  Tangga  menurut  Karakteristik  dan  StatusKepemilikan Bangunan Tempat Tinggal yang Ditempati  ,525.0,Pemukiman dan Perumahan,187.0,KRT,MjYjMQ==; MTc5IzI=; MTkyIzI=; MTkxIzI=; MjA4IzI=; MjA3IzI=; MjgjMQ==,"Jumlah Penduduk, Rumah Tangga dan Rata-rata Anggota rumah Tangga Menurut Kecamatan di Kabupaten Barru 2019; Jumlah Hotel, Kamar dan Tempat Tidur yang Tersedia di Kabupaten Barru; Persentase Anggota Rumah Tangga Berusia 5 Tahun ke Atas menurut pendidikan  dan Penggunaan Teknologi Informasi selama Tiga Bulan Terakhir,; Persentase Anggota Rumah Tangga Berusia 5 Tahun ke Atas menurut  Penggunaan Teknologi Informasi selama Tiga Bulan Terakhir; Persentase Penduduk Berumur 15 Tahun Keatas Menurut Pendidikan Tertinggi yang Ditamatkan dan Jenis Kelamin; Persentase Penduduk Berumur 15 Tahun Keatas Menurut Pendidikan Tertinggi yang Ditamatkan dan Jenis Kelamin; Persentase Penduduk Berumur 15 Tahun Keatas Menurut Pendidikan Tertinggi Yang Ditamatkan dan Jenis Kelamin Di Kabupaten Barru 2019",/1/MjYjMQ==/jumlah-penduduk--rumah-tangga-dan-rata-rata-anggota-rumah-tangga-menurut-kecamatan-di-kabupaten-barru-2019.html; /2/MTc5IzI=/jumlah-hotel--kamar-dan-tempat-tidur-yang-tersedia-di-kabupaten-barru.html; /2/MTkyIzI=/persentase-anggota-rumah-tangga-berusia-5-tahun-ke-atas-menurut-pendidikan--dan-penggunaan-teknologi-informasi-selama-tiga-bulan-terakhir-.html; /2/MTkxIzI=/persentase-anggota-rumah-tangga-berusia-5-tahun-ke-atas-menurut--penggunaan-teknologi-informasi-selama-tiga-bulan-terakhir.html; /2/MjA4IzI=/persentase-penduduk-berumur-15-tahun-keatas-menurut-pendidikan-tertinggi-yang-ditamatkan-dan-jenis-kelamin.html; /2/MjA3IzI=/persentase-penduduk-berumur-15-tahun-keatas-menurut-pendidikan-tertinggi-yang-ditamatkan-dan-jenis-kelamin.html; /1/MjgjMQ==/persentase-penduduk-berumur-15-tahun-keatas-menurut-pendidikan-tertinggi-yang-ditamatkan-dan-jenis-kelamin-di-kabupaten-barru-2019.html,1.0,149.0,Milik Sendiri
123,,Laki-Laki,,Data Tidak Ditemukan,2024-04-22 03:19:34,Persentase  Rumah  Tangga  menurut  Karakteristik  dan  StatusKepemilikan Bangunan Tempat Tinggal yang Ditempati  ,525.0,Pemukiman dan Perumahan,187.0,KRT,MjYjMQ==; MTc5IzI=; MTkyIzI=; MTkxIzI=; MjA4IzI=; MjA3IzI=; MjgjMQ==,"Jumlah Penduduk, Rumah Tangga dan Rata-rata Anggota rumah Tangga Menurut Kecamatan di Kabupaten Barru 2019; Jumlah Hotel, Kamar dan Tempat Tidur yang Tersedia di Kabupaten Barru; Persentase Anggota Rumah Tangga Berusia 5 Tahun ke Atas menurut pendidikan  dan Penggunaan Teknologi Informasi selama Tiga Bulan Terakhir,; Persentase Anggota Rumah Tangga Berusia 5 Tahun ke Atas menurut  Penggunaan Teknologi Informasi selama Tiga Bulan Terakhir; Persentase Penduduk Berumur 15 Tahun Keatas Menurut Pendidikan Tertinggi yang Ditamatkan dan Jenis Kelamin; Persentase Penduduk Berumur 15 Tahun Keatas Menurut Pendidikan Tertinggi yang Ditamatkan dan Jenis Kelamin; Persentase Penduduk Berumur 15 Tahun Keatas Menurut Pendidikan Tertinggi Yang Ditamatkan dan Jenis Kelamin Di Kabupaten Barru 2019",/1/MjYjMQ==/jumlah-penduduk--rumah-tangga-dan-rata-rata-anggota-rumah-tangga-menurut-kecamatan-di-kabupaten-barru-2019.html; /2/MTc5IzI=/jumlah-hotel--kamar-dan-tempat-tidur-yang-tersedia-di-kabupaten-barru.html; /2/MTkyIzI=/persentase-anggota-rumah-tangga-berusia-5-tahun-ke-atas-menurut-pendidikan--dan-penggunaan-teknologi-informasi-selama-tiga-bulan-terakhir-.html; /2/MTkxIzI=/persentase-anggota-rumah-tangga-berusia-5-tahun-ke-atas-menurut--penggunaan-teknologi-informasi-selama-tiga-bulan-terakhir.html; /2/MjA4IzI=/persentase-penduduk-berumur-15-tahun-keatas-menurut-pendidikan-tertinggi-yang-ditamatkan-dan-jenis-kelamin.html; /2/MjA3IzI=/persentase-penduduk-berumur-15-tahun-keatas-menurut-pendidikan-tertinggi-yang-ditamatkan-dan-jenis-kelamin.html; /1/MjgjMQ==/persentase-penduduk-berumur-15-tahun-keatas-menurut-pendidikan-tertinggi-yang-ditamatkan-dan-jenis-kelamin-di-kabupaten-barru-2019.html,1.0,150.0,Bukan Milik Sendiri
123,,Perempuan,,Data Tidak Ditemukan,2024-04-22 03:19:34,Persentase  Rumah  Tangga  menurut  Karakteristik  dan  StatusKepemilikan Bangunan Tempat Tinggal yang Ditempati  ,525.0,Pemukiman dan Perumahan,187.0,KRT,MjYjMQ==; MTc5IzI=; MTkyIzI=; MTkxIzI=; MjA4IzI=; MjA3IzI=; MjgjMQ==,"Jumlah Penduduk, Rumah Tangga dan Rata-rata Anggota rumah Tangga Menurut Kecamatan di Kabupaten Barru 2019; Jumlah Hotel, Kamar dan Tempat Tidur yang Tersedia di Kabupaten Barru; Persentase Anggota Rumah Tangga Berusia 5 Tahun ke Atas menurut pendidikan  dan Penggunaan Teknologi Informasi selama Tiga Bulan Terakhir,; Persentase Anggota Rumah Tangga Berusia 5 Tahun ke Atas menurut  Penggunaan Teknologi Informasi selama Tiga Bulan Terakhir; Persentase Penduduk Berumur 15 Tahun Keatas Menurut Pendidikan Tertinggi yang Ditamatkan dan Jenis Kelamin; Persentase Penduduk Berumur 15 Tahun Keatas Menurut Pendidikan Tertinggi yang Ditamatkan dan Jenis Kelamin; Persentase Penduduk Berumur 15 Tahun Keatas Menurut Pendidikan Tertinggi Yang Ditamatkan dan Jenis Kelamin Di Kabupaten Barru 2019",/1/MjYjMQ==/jumlah-penduduk--rumah-tangga-dan-rata-rata-anggota-rumah-tangga-menurut-kecamatan-di-kabupaten-barru-2019.html; /2/MTc5IzI=/jumlah-hotel--kamar-dan-tempat-tidur-yang-tersedia-di-kabupaten-barru.html; /2/MTkyIzI=/persentase-anggota-rumah-tangga-berusia-5-tahun-ke-atas-menurut-pendidikan--dan-penggunaan-teknologi-informasi-selama-tiga-bulan-terakhir-.html; /2/MTkxIzI=/persentase-anggota-rumah-tangga-berusia-5-tahun-ke-atas-menurut--penggunaan-teknologi-informasi-selama-tiga-bulan-terakhir.html; /2/MjA4IzI=/persentase-penduduk-berumur-15-tahun-keatas-menurut-pendidikan-tertinggi-yang-ditamatkan-dan-jenis-kelamin.html; /2/MjA3IzI=/persentase-penduduk-berumur-15-tahun-keatas-menurut-pendidikan-tertinggi-yang-ditamatkan-dan-jenis-kelamin.html; /1/MjgjMQ==/persentase-penduduk-berumur-15-tahun-keatas-menurut-pendidikan-tertinggi-yang-ditamatkan-dan-jenis-kelamin-di-kabupaten-barru-2019.html,2.0,149.0,Milik Sendiri
123,,Perempuan,,Data Tidak Ditemukan,2024-04-22 03:19:34,Persentase  Rumah  Tangga  menurut  Karakteristik  dan  StatusKepemilikan Bangunan Tempat Tinggal yang Ditempati  ,525.0,Pemukiman dan Perumahan,187.0,KRT,MjYjMQ==; MTc5IzI=; MTkyIzI=; MTkxIzI=; MjA4IzI=; MjA3IzI=; MjgjMQ==,"Jumlah Penduduk, Rumah Tangga dan Rata-rata Anggota rumah Tangga Menurut Kecamatan di Kabupaten Barru 2019; Jumlah Hotel, Kamar dan Tempat Tidur yang Tersedia di Kabupaten Barru; Persentase Anggota Rumah Tangga Berusia 5 Tahun ke Atas menurut pendidikan  dan Penggunaan Teknologi Informasi selama Tiga Bulan Terakhir,; Persentase Anggota Rumah Tangga Berusia 5 Tahun ke Atas menurut  Penggunaan Teknologi Informasi selama Tiga Bulan Terakhir; Persentase Penduduk Berumur 15 Tahun Keatas Menurut Pendidikan Tertinggi yang Ditamatkan dan Jenis Kelamin; Persentase Penduduk Berumur 15 Tahun Keatas Menurut Pendidikan Tertinggi yang Ditamatkan dan Jenis Kelamin; Persentase Penduduk Berumur 15 Tahun Keatas Menurut Pendidikan Tertinggi Yang Ditamatkan dan Jenis Kelamin Di Kabupaten Barru 2019",/1/MjYjMQ==/jumlah-penduduk--rumah-tangga-dan-rata-rata-anggota-rumah-tangga-menurut-kecamatan-di-kabupaten-barru-2019.html; /2/MTc5IzI=/jumlah-hotel--kamar-dan-tempat-tidur-yang-tersedia-di-kabupaten-barru.html; /2/MTkyIzI=/persentase-anggota-rumah-tangga-berusia-5-tahun-ke-atas-menurut-pendidikan--dan-penggunaan-teknologi-informasi-selama-tiga-bulan-terakhir-.html; /2/MTkxIzI=/persentase-anggota-rumah-tangga-berusia-5-tahun-ke-atas-menurut--penggunaan-teknologi-informasi-selama-tiga-bulan-terakhir.html; /2/MjA4IzI=/persentase-penduduk-berumur-15-tahun-keatas-menurut-pendidikan-tertinggi-yang-ditamatkan-dan-jenis-kelamin.html; /2/MjA3IzI=/persentase-penduduk-berumur-15-tahun-keatas-menurut-pendidikan-tertinggi-yang-ditamatkan-dan-jenis-kelamin.html; /1/MjgjMQ==/persentase-penduduk-berumur-15-tahun-keatas-menurut-pendidikan-tertinggi-yang-ditamatkan-dan-jenis-kelamin-di-kabupaten-barru-2019.html,2.0,150.0,Bukan Milik Sendiri
124,,,,Data Tidak Ditemukan,,,,,,,,,,,,
125,,,,Data Tidak Ditemukan,,,,,,,,,,,,
