id_tahun,tahun,vervar_label,nilai,status,last_update,var_label,subject_id,subject_label,var_id,var_unit,related_ids,related_titles,related_links,vervar_id,turvar_id,turvar_label
100,,,,Data Tidak Ditemukan,,,,,,,,,,,,
101,,,,Data Tidak Ditemukan,,,,,,,,,,,,
102,,,,Data Tidak Ditemukan,,,,,,,,,,,,
103,,,,Data Tidak Ditemukan,,,,,,,,,,,,
104,,,,Data Tidak Ditemukan,,,,,,,,,,,,
105,,,,Data Tidak Ditemukan,,,,,,,,,,,,
106,,,,Data Tidak Ditemukan,,,,,,,,,,,,
107,,,,Data Tidak Ditemukan,,,,,,,,,,,,
108,,,,Data Tidak Ditemukan,,,,,,,,,,,,
109,,,,Data Tidak Ditemukan,,,,,,,,,,,,
110,,,,Data Tidak Ditemukan,,,,,,,,,,,,
111,,,,Data Tidak Ditemukan,,,,,,,,,,,,
112,,,,Data Tidak Ditemukan,,,,,,,,,,,,
113,,,,Data Tidak Ditemukan,,,,,,,,,,,,
114,,,,Data Tidak Ditemukan,,,,,,,,,,,,
115,,,,Data Tidak Ditemukan,,,,,,,,,,,,
116,,Tanete Riaja,,Data Tidak Ditemukan,2024-04-23 02:00:02,Jumlah Perusahaan yang mendapat surat ijin usaha di Kabupaten Barru,536.0,Harga-Harga,186.0,,MjEwIzI=; MTQ3IzI=; MTc5IzI=; NDIjMg==; MTg0IzI=; NDMjMg==; MjA0IzI=,"Jumlah Balita yang Pernah Mendapat Imunisasi Menurut Kecamatan dan Jenis Imunisasi di Kabupaten Barru; Jumlah Wisatawan yang Berkunjung Menurut  Objek Wisata di Kabupaten Barru; Jumlah Hotel, Kamar dan Tempat Tidur yang Tersedia di Kabupaten Barru; Jumlah Hari Hujan di Kabupaten Barru; Jumlah Sarana Perdagangan di Kabupaten barru; Persentase Jumlah Penduduk Menurut Jenjang Pendidikan Tertinggi Yang Di Tamatkan Di Kabupaten Barru; Jumlah Surat Nikah yang Diterbitkan Menurut Kecamatan",/2/MjEwIzI=/jumlah-balita-yang-pernah-mendapat-imunisasi-menurut-kecamatan-dan-jenis-imunisasi-di-kabupaten-barru.html; /2/MTQ3IzI=/jumlah-wisatawan-yang-berkunjung-menurut--objek-wisata-di-kabupaten-barru.html; /2/MTc5IzI=/jumlah-hotel--kamar-dan-tempat-tidur-yang-tersedia-di-kabupaten-barru.html; /2/NDIjMg==/jumlah-hari-hujan-di-kabupaten-barru.html; /2/MTg0IzI=/jumlah-sarana-perdagangan-di-kabupaten-barru.html; /2/NDMjMg==/persentase-jumlah-penduduk-menurut-jenjang-pendidikan-tertinggi-yang-di-tamatkan-di-kabupaten-barru.html; /2/MjA0IzI=/jumlah-surat-nikah-yang-diterbitkan-menurut-kecamatan.html,1.0,0,Tidak ada
116,,Pujananting,,Data Tidak Ditemukan,2024-04-23 02:00:02,Jumlah Perusahaan yang mendapat surat ijin usaha di Kabupaten Barru,536.0,Harga-Harga,186.0,,MjEwIzI=; MTQ3IzI=; MTc5IzI=; NDIjMg==; MTg0IzI=; NDMjMg==; MjA0IzI=,"Jumlah Balita yang Pernah Mendapat Imunisasi Menurut Kecamatan dan Jenis Imunisasi di Kabupaten Barru; Jumlah Wisatawan yang Berkunjung Menurut  Objek Wisata di Kabupaten Barru; Jumlah Hotel, Kamar dan Tempat Tidur yang Tersedia di Kabupaten Barru; Jumlah Hari Hujan di Kabupaten Barru; Jumlah Sarana Perdagangan di Kabupaten barru; Persentase Jumlah Penduduk Menurut Jenjang Pendidikan Tertinggi Yang Di Tamatkan Di Kabupaten Barru; Jumlah Surat Nikah yang Diterbitkan Menurut Kecamatan",/2/MjEwIzI=/jumlah-balita-yang-pernah-mendapat-imunisasi-menurut-kecamatan-dan-jenis-imunisasi-di-kabupaten-barru.html; /2/MTQ3IzI=/jumlah-wisatawan-yang-berkunjung-menurut--objek-wisata-di-kabupaten-barru.html; /2/MTc5IzI=/jumlah-hotel--kamar-dan-tempat-tidur-yang-tersedia-di-kabupaten-barru.html; /2/NDIjMg==/jumlah-hari-hujan-di-kabupaten-barru.html; /2/MTg0IzI=/jumlah-sarana-perdagangan-di-kabupaten-barru.html; /2/NDMjMg==/persentase-jumlah-penduduk-menurut-jenjang-pendidikan-tertinggi-yang-di-tamatkan-di-kabupaten-barru.html; /2/MjA0IzI=/jumlah-surat-nikah-yang-diterbitkan-menurut-kecamatan.html,2.0,0,Tidak ada
116,,Tanete Rilau,,Data Tidak Ditemukan,2024-04-23 02:00:02,Jumlah Perusahaan yang mendapat surat ijin usaha di Kabupaten Barru,536.0,Harga-Harga,186.0,,MjEwIzI=; MTQ3IzI=; MTc5IzI=; NDIjMg==; MTg0IzI=; NDMjMg==; MjA0IzI=,"Jumlah Balita yang Pernah Mendapat Imunisasi Menurut Kecamatan dan Jenis Imunisasi di Kabupaten Barru; Jumlah Wisatawan yang Berkunjung Menurut  Objek Wisata di Kabupaten Barru; Jumlah Hotel, Kamar dan Tempat Tidur yang Tersedia di Kabupaten Barru; Jumlah Hari Hujan di Kabupaten Barru; Jumlah Sarana Perdagangan di Kabupaten barru; Persentase Jumlah Penduduk Menurut Jenjang Pendidikan Tertinggi Yang Di Tamatkan Di Kabupaten Barru; Jumlah Surat Nikah yang Diterbitkan Menurut Kecamatan",/2/MjEwIzI=/jumlah-balita-yang-pernah-mendapat-imunisasi-menurut-kecamatan-dan-jenis-imunisasi-di-kabupaten-barru.html; /2/MTQ3IzI=/jumlah-wisatawan-yang-berkunjung-menurut--objek-wisata-di-kabupaten-barru.html; /2/MTc5IzI=/jumlah-hotel--kamar-dan-tempat-tidur-yang-tersedia-di-kabupaten-barru.html; /2/NDIjMg==/jumlah-hari-hujan-di-kabupaten-barru.html; /2/MTg0IzI=/jumlah-sarana-perdagangan-di-kabupaten-barru.html; /2/NDMjMg==/persentase-jumlah-penduduk-menurut-jenjang-pendidikan-tertinggi-yang-di-tamatkan-di-kabupaten-barru.html; /2/MjA0IzI=/jumlah-surat-nikah-yang-diterbitkan-menurut-kecamatan.html,3.0,0,Tidak ada
116,,Barru,,Data Tidak Ditemukan,2024-04-23 02:00:02,Jumlah Perusahaan yang mendapat surat ijin usaha di Kabupaten Barru,536.0,Harga-Harga,186.0,,MjEwIzI=; MTQ3IzI=; MTc5IzI=; NDIjMg==; MTg0IzI=; NDMjMg==; MjA0IzI=,"Jumlah Balita yang Pernah Mendapat Imunisasi Menurut Kecamatan dan Jenis Imunisasi di Kabupaten Barru; Jumlah Wisatawan yang Berkunjung Menurut  Objek Wisata di Kabupaten Barru; Jumlah Hotel, Kamar dan Tempat Tidur yang Tersedia di Kabupaten Barru; Jumlah Hari Hujan di Kabupaten Barru; Jumlah Sarana Perdagangan di Kabupaten barru; Persentase Jumlah Penduduk Menurut Jenjang Pendidikan Tertinggi Yang Di Tamatkan Di Kabupaten Barru; Jumlah Surat Nikah yang Diterbitkan Menurut Kecamatan",/2/MjEwIzI=/jumlah-balita-yang-pernah-mendapat-imunisasi-menurut-kecamatan-dan-jenis-imunisasi-di-kabupaten-barru.html; /2/MTQ3IzI=/jumlah-wisatawan-yang-berkunjung-menurut--objek-wisata-di-kabupaten-barru.html; /2/MTc5IzI=/jumlah-hotel--kamar-dan-tempat-tidur-yang-tersedia-di-kabupaten-barru.html; /2/NDIjMg==/jumlah-hari-hujan-di-kabupaten-barru.html; /2/MTg0IzI=/jumlah-sarana-perdagangan-di-kabupaten-barru.html; /2/NDMjMg==/persentase-jumlah-penduduk-menurut-jenjang-pendidikan-tertinggi-yang-di-tamatkan-di-kabupaten-barru.html; /2/MjA0IzI=/jumlah-surat-nikah-yang-diterbitkan-menurut-kecamatan.html,4.0,0,Tidak ada
116,,Soppeng Riaja,,Data Tidak Ditemukan,2024-04-23 02:00:02,Jumlah Perusahaan yang mendapat surat ijin usaha di Kabupaten Barru,536.0,Harga-Harga,186.0,,MjEwIzI=; MTQ3IzI=; MTc5IzI=; NDIjMg==; MTg0IzI=; NDMjMg==; MjA0IzI=,"Jumlah Balita yang Pernah Mendapat Imunisasi Menurut Kecamatan dan Jenis Imunisasi di Kabupaten Barru; Jumlah Wisatawan yang Berkunjung Menurut  Objek Wisata di Kabupaten Barru; Jumlah Hotel, Kamar dan Tempat Tidur yang Tersedia di Kabupaten Barru; Jumlah Hari Hujan di Kabupaten Barru; Jumlah Sarana Perdagangan di Kabupaten barru; Persentase Jumlah Penduduk Menurut Jenjang Pendidikan Tertinggi Yang Di Tamatkan Di Kabupaten Barru; Jumlah Surat Nikah yang Diterbitkan Menurut Kecamatan",/2/MjEwIzI=/jumlah-balita-yang-pernah-mendapat-imunisasi-menurut-kecamatan-dan-jenis-imunisasi-di-kabupaten-barru.html; /2/MTQ3IzI=/jumlah-wisatawan-yang-berkunjung-menurut--objek-wisata-di-kabupaten-barru.html; /2/MTc5IzI=/jumlah-hotel--kamar-dan-tempat-tidur-yang-tersedia-di-kabupaten-barru.html; /2/NDIjMg==/jumlah-hari-hujan-di-kabupaten-barru.html; /2/MTg0IzI=/jumlah-sarana-perdagangan-di-kabupaten-barru.html; /2/NDMjMg==/persentase-jumlah-penduduk-menurut-jenjang-pendidikan-tertinggi-yang-di-tamatkan-di-kabupaten-barru.html; /2/MjA0IzI=/jumlah-surat-nikah-yang-diterbitkan-menurut-kecamatan.html,5.0,0,Tidak ada
116,,Balusu,,Data Tidak Ditemukan,2024-04-23 02:00:02,Jumlah Perusahaan yang mendapat surat ijin usaha di Kabupaten Barru,536.0,Harga-Harga,186.0,,MjEwIzI=; MTQ3IzI=; MTc5IzI=; NDIjMg==; MTg0IzI=; NDMjMg==; MjA0IzI=,"Jumlah Balita yang Pernah Mendapat Imunisasi Menurut Kecamatan dan Jenis Imunisasi di Kabupaten Barru; Jumlah Wisatawan yang Berkunjung Menurut  Objek Wisata di Kabupaten Barru; Jumlah Hotel, Kamar dan Tempat Tidur yang Tersedia di Kabupaten Barru; Jumlah Hari Hujan di Kabupaten Barru; Jumlah Sarana Perdagangan di Kabupaten barru; Persentase Jumlah Penduduk Menurut Jenjang Pendidikan Tertinggi Yang Di Tamatkan Di Kabupaten Barru; Jumlah Surat Nikah yang Diterbitkan Menurut Kecamatan",/2/MjEwIzI=/jumlah-balita-yang-pernah-mendapat-imunisasi-menurut-kecamatan-dan-jenis-imunisasi-di-kabupaten-barru.html; /2/MTQ3IzI=/jumlah-wisatawan-yang-berkunjung-menurut--objek-wisata-di-kabupaten-barru.html; /2/MTc5IzI=/jumlah-hotel--kamar-dan-tempat-tidur-yang-tersedia-di-kabupaten-barru.html; /2/NDIjMg==/jumlah-hari-hujan-di-kabupaten-barru.html; /2/MTg0IzI=/jumlah-sarana-perdagangan-di-kabupaten-barru.html; /2/NDMjMg==/persentase-jumlah-penduduk-menurut-jenjang-pendidikan-tertinggi-yang-di-tamatkan-di-kabupaten-barru.html; /2/MjA0IzI=/jumlah-surat-nikah-yang-diterbitkan-menurut-kecamatan.html,6.0,0,Tidak ada
116,,Mallusetasi,,Data Tidak Ditemukan,2024-04-23 02:00:02,Jumlah Perusahaan yang mendapat surat ijin usaha di Kabupaten Barru,536.0,Harga-Harga,186.0,,MjEwIzI=; MTQ3IzI=; MTc5IzI=; NDIjMg==; MTg0IzI=; NDMjMg==; MjA0IzI=,"Jumlah Balita yang Pernah Mendapat Imunisasi Menurut Kecamatan dan Jenis Imunisasi di Kabupaten Barru; Jumlah Wisatawan yang Berkunjung Menurut  Objek Wisata di Kabupaten Barru; Jumlah Hotel, Kamar dan Tempat Tidur yang Tersedia di Kabupaten Barru; Jumlah Hari Hujan di Kabupaten Barru; Jumlah Sarana Perdagangan di Kabupaten barru; Persentase Jumlah Penduduk Menurut Jenjang Pendidikan Tertinggi Yang Di Tamatkan Di Kabupaten Barru; Jumlah Surat Nikah yang Diterbitkan Menurut Kecamatan",/2/MjEwIzI=/jumlah-balita-yang-pernah-mendapat-imunisasi-menurut-kecamatan-dan-jenis-imunisasi-di-kabupaten-barru.html; /2/MTQ3IzI=/jumlah-wisatawan-yang-berkunjung-menurut--objek-wisata-di-kabupaten-barru.html; /2/MTc5IzI=/jumlah-hotel--kamar-dan-tempat-tidur-yang-tersedia-di-kabupaten-barru.html; /2/NDIjMg==/jumlah-hari-hujan-di-kabupaten-barru.html; /2/MTg0IzI=/jumlah-sarana-perdagangan-di-kabupaten-barru.html; /2/NDMjMg==/persentase-jumlah-penduduk-menurut-jenjang-pendidikan-tertinggi-yang-di-tamatkan-di-kabupaten-barru.html; /2/MjA0IzI=/jumlah-surat-nikah-yang-diterbitkan-menurut-kecamatan.html,7.0,0,Tidak ada
116,,Kabupaten Barru,,Data Tidak Ditemukan,2024-04-23 02:00:02,Jumlah Perusahaan yang mendapat surat ijin usaha di Kabupaten Barru,536.0,Harga-Harga,186.0,,MjEwIzI=; MTQ3IzI=; MTc5IzI=; NDIjMg==; MTg0IzI=; NDMjMg==; MjA0IzI=,"Jumlah Balita yang Pernah Mendapat Imunisasi Menurut Kecamatan dan Jenis Imunisasi di Kabupaten Barru; Jumlah Wisatawan yang Berkunjung Menurut  Objek Wisata di Kabupaten Barru; Jumlah Hotel, Kamar dan Tempat Tidur yang Tersedia di Kabupaten Barru; Jumlah Hari Hujan di Kabupaten Barru; Jumlah Sarana Perdagangan di Kabupaten barru; Persentase Jumlah Penduduk Menurut Jenjang Pendidikan Tertinggi Yang Di Tamatkan Di Kabupaten Barru; Jumlah Surat Nikah yang Diterbitkan Menurut Kecamatan",/2/MjEwIzI=/jumlah-balita-yang-pernah-mendapat-imunisasi-menurut-kecamatan-dan-jenis-imunisasi-di-kabupaten-barru.html; /2/MTQ3IzI=/jumlah-wisatawan-yang-berkunjung-menurut--objek-wisata-di-kabupaten-barru.html; /2/MTc5IzI=/jumlah-hotel--kamar-dan-tempat-tidur-yang-tersedia-di-kabupaten-barru.html; /2/NDIjMg==/jumlah-hari-hujan-di-kabupaten-barru.html; /2/MTg0IzI=/jumlah-sarana-perdagangan-di-kabupaten-barru.html; /2/NDMjMg==/persentase-jumlah-penduduk-menurut-jenjang-pendidikan-tertinggi-yang-di-tamatkan-di-kabupaten-barru.html; /2/MjA0IzI=/jumlah-surat-nikah-yang-diterbitkan-menurut-kecamatan.html,8.0,0,Tidak ada
117,2017,Tanete Riaja,22.0,Data Tersedia,2024-04-23 02:00:02,Jumlah Perusahaan yang mendapat surat ijin usaha di Kabupaten Barru,536.0,Harga-Harga,186.0,,MjEwIzI=; MTQ3IzI=; MTc5IzI=; NDIjMg==; MTg0IzI=; NDMjMg==; MjA0IzI=,"Jumlah Balita yang Pernah Mendapat Imunisasi Menurut Kecamatan dan Jenis Imunisasi di Kabupaten Barru; Jumlah Wisatawan yang Berkunjung Menurut  Objek Wisata di Kabupaten Barru; Jumlah Hotel, Kamar dan Tempat Tidur yang Tersedia di Kabupaten Barru; Jumlah Hari Hujan di Kabupaten Barru; Jumlah Sarana Perdagangan di Kabupaten barru; Persentase Jumlah Penduduk Menurut Jenjang Pendidikan Tertinggi Yang Di Tamatkan Di Kabupaten Barru; Jumlah Surat Nikah yang Diterbitkan Menurut Kecamatan",/2/MjEwIzI=/jumlah-balita-yang-pernah-mendapat-imunisasi-menurut-kecamatan-dan-jenis-imunisasi-di-kabupaten-barru.html; /2/MTQ3IzI=/jumlah-wisatawan-yang-berkunjung-menurut--objek-wisata-di-kabupaten-barru.html; /2/MTc5IzI=/jumlah-hotel--kamar-dan-tempat-tidur-yang-tersedia-di-kabupaten-barru.html; /2/NDIjMg==/jumlah-hari-hujan-di-kabupaten-barru.html; /2/MTg0IzI=/jumlah-sarana-perdagangan-di-kabupaten-barru.html; /2/NDMjMg==/persentase-jumlah-penduduk-menurut-jenjang-pendidikan-tertinggi-yang-di-tamatkan-di-kabupaten-barru.html; /2/MjA0IzI=/jumlah-surat-nikah-yang-diterbitkan-menurut-kecamatan.html,1.0,0,Tidak ada
117,2017,Pujananting,4.0,Data Tersedia,2024-04-23 02:00:02,Jumlah Perusahaan yang mendapat surat ijin usaha di Kabupaten Barru,536.0,Harga-Harga,186.0,,MjEwIzI=; MTQ3IzI=; MTc5IzI=; NDIjMg==; MTg0IzI=; NDMjMg==; MjA0IzI=,"Jumlah Balita yang Pernah Mendapat Imunisasi Menurut Kecamatan dan Jenis Imunisasi di Kabupaten Barru; Jumlah Wisatawan yang Berkunjung Menurut  Objek Wisata di Kabupaten Barru; Jumlah Hotel, Kamar dan Tempat Tidur yang Tersedia di Kabupaten Barru; Jumlah Hari Hujan di Kabupaten Barru; Jumlah Sarana Perdagangan di Kabupaten barru; Persentase Jumlah Penduduk Menurut Jenjang Pendidikan Tertinggi Yang Di Tamatkan Di Kabupaten Barru; Jumlah Surat Nikah yang Diterbitkan Menurut Kecamatan",/2/MjEwIzI=/jumlah-balita-yang-pernah-mendapat-imunisasi-menurut-kecamatan-dan-jenis-imunisasi-di-kabupaten-barru.html; /2/MTQ3IzI=/jumlah-wisatawan-yang-berkunjung-menurut--objek-wisata-di-kabupaten-barru.html; /2/MTc5IzI=/jumlah-hotel--kamar-dan-tempat-tidur-yang-tersedia-di-kabupaten-barru.html; /2/NDIjMg==/jumlah-hari-hujan-di-kabupaten-barru.html; /2/MTg0IzI=/jumlah-sarana-perdagangan-di-kabupaten-barru.html; /2/NDMjMg==/persentase-jumlah-penduduk-menurut-jenjang-pendidikan-tertinggi-yang-di-tamatkan-di-kabupaten-barru.html; /2/MjA0IzI=/jumlah-surat-nikah-yang-diterbitkan-menurut-kecamatan.html,2.0,0,Tidak ada
117,2017,Tanete Rilau,74.0,Data Tersedia,2024-04-23 02:00:02,Jumlah Perusahaan yang mendapat surat ijin usaha di Kabupaten Barru,536.0,Harga-Harga,186.0,,MjEwIzI=; MTQ3IzI=; MTc5IzI=; NDIjMg==; MTg0IzI=; NDMjMg==; MjA0IzI=,"Jumlah Balita yang Pernah Mendapat Imunisasi Menurut Kecamatan dan Jenis Imunisasi di Kabupaten Barru; Jumlah Wisatawan yang Berkunjung Menurut  Objek Wisata di Kabupaten Barru; Jumlah Hotel, Kamar dan Tempat Tidur yang Tersedia di Kabupaten Barru; Jumlah Hari Hujan di Kabupaten Barru; Jumlah Sarana Perdagangan di Kabupaten barru; Persentase Jumlah Penduduk Menurut Jenjang Pendidikan Tertinggi Yang Di Tamatkan Di Kabupaten Barru; Jumlah Surat Nikah yang Diterbitkan Menurut Kecamatan",/2/MjEwIzI=/jumlah-balita-yang-pernah-mendapat-imunisasi-menurut-kecamatan-dan-jenis-imunisasi-di-kabupaten-barru.html; /2/MTQ3IzI=/jumlah-wisatawan-yang-berkunjung-menurut--objek-wisata-di-kabupaten-barru.html; /2/MTc5IzI=/jumlah-hotel--kamar-dan-tempat-tidur-yang-tersedia-di-kabupaten-barru.html; /2/NDIjMg==/jumlah-hari-hujan-di-kabupaten-barru.html; /2/MTg0IzI=/jumlah-sarana-perdagangan-di-kabupaten-barru.html; /2/NDMjMg==/persentase-jumlah-penduduk-menurut-jenjang-pendidikan-tertinggi-yang-di-tamatkan-di-kabupaten-barru.html; /2/MjA0IzI=/jumlah-surat-nikah-yang-diterbitkan-menurut-kecamatan.html,3.0,0,Tidak ada
117,2017,Barru,152.0,Data Tersedia,2024-04-23 02:00:02,Jumlah Perusahaan yang mendapat surat ijin usaha di Kabupaten Barru,536.0,Harga-Harga,186.0,,MjEwIzI=; MTQ3IzI=; MTc5IzI=; NDIjMg==; MTg0IzI=; NDMjMg==; MjA0IzI=,"Jumlah Balita yang Pernah Mendapat Imunisasi Menurut Kecamatan dan Jenis Imunisasi di Kabupaten Barru; Jumlah Wisatawan yang Berkunjung Menurut  Objek Wisata di Kabupaten Barru; Jumlah Hotel, Kamar dan Tempat Tidur yang Tersedia di Kabupaten Barru; Jumlah Hari Hujan di Kabupaten Barru; Jumlah Sarana Perdagangan di Kabupaten barru; Persentase Jumlah Penduduk Menurut Jenjang Pendidikan Tertinggi Yang Di Tamatkan Di Kabupaten Barru; Jumlah Surat Nikah yang Diterbitkan Menurut Kecamatan",/2/MjEwIzI=/jumlah-balita-yang-pernah-mendapat-imunisasi-menurut-kecamatan-dan-jenis-imunisasi-di-kabupaten-barru.html; /2/MTQ3IzI=/jumlah-wisatawan-yang-berkunjung-menurut--objek-wisata-di-kabupaten-barru.html; /2/MTc5IzI=/jumlah-hotel--kamar-dan-tempat-tidur-yang-tersedia-di-kabupaten-barru.html; /2/NDIjMg==/jumlah-hari-hujan-di-kabupaten-barru.html; /2/MTg0IzI=/jumlah-sarana-perdagangan-di-kabupaten-barru.html; /2/NDMjMg==/persentase-jumlah-penduduk-menurut-jenjang-pendidikan-tertinggi-yang-di-tamatkan-di-kabupaten-barru.html; /2/MjA0IzI=/jumlah-surat-nikah-yang-diterbitkan-menurut-kecamatan.html,4.0,0,Tidak ada
117,2017,Soppeng Riaja,28.0,Data Tersedia,2024-04-23 02:00:02,Jumlah Perusahaan yang mendapat surat ijin usaha di Kabupaten Barru,536.0,Harga-Harga,186.0,,MjEwIzI=; MTQ3IzI=; MTc5IzI=; NDIjMg==; MTg0IzI=; NDMjMg==; MjA0IzI=,"Jumlah Balita yang Pernah Mendapat Imunisasi Menurut Kecamatan dan Jenis Imunisasi di Kabupaten Barru; Jumlah Wisatawan yang Berkunjung Menurut  Objek Wisata di Kabupaten Barru; Jumlah Hotel, Kamar dan Tempat Tidur yang Tersedia di Kabupaten Barru; Jumlah Hari Hujan di Kabupaten Barru; Jumlah Sarana Perdagangan di Kabupaten barru; Persentase Jumlah Penduduk Menurut Jenjang Pendidikan Tertinggi Yang Di Tamatkan Di Kabupaten Barru; Jumlah Surat Nikah yang Diterbitkan Menurut Kecamatan",/2/MjEwIzI=/jumlah-balita-yang-pernah-mendapat-imunisasi-menurut-kecamatan-dan-jenis-imunisasi-di-kabupaten-barru.html; /2/MTQ3IzI=/jumlah-wisatawan-yang-berkunjung-menurut--objek-wisata-di-kabupaten-barru.html; /2/MTc5IzI=/jumlah-hotel--kamar-dan-tempat-tidur-yang-tersedia-di-kabupaten-barru.html; /2/NDIjMg==/jumlah-hari-hujan-di-kabupaten-barru.html; /2/MTg0IzI=/jumlah-sarana-perdagangan-di-kabupaten-barru.html; /2/NDMjMg==/persentase-jumlah-penduduk-menurut-jenjang-pendidikan-tertinggi-yang-di-tamatkan-di-kabupaten-barru.html; /2/MjA0IzI=/jumlah-surat-nikah-yang-diterbitkan-menurut-kecamatan.html,5.0,0,Tidak ada
117,2017,Balusu,36.0,Data Tersedia,2024-04-23 02:00:02,Jumlah Perusahaan yang mendapat surat ijin usaha di Kabupaten Barru,536.0,Harga-Harga,186.0,,MjEwIzI=; MTQ3IzI=; MTc5IzI=; NDIjMg==; MTg0IzI=; NDMjMg==; MjA0IzI=,"Jumlah Balita yang Pernah Mendapat Imunisasi Menurut Kecamatan dan Jenis Imunisasi di Kabupaten Barru; Jumlah Wisatawan yang Berkunjung Menurut  Objek Wisata di Kabupaten Barru; Jumlah Hotel, Kamar dan Tempat Tidur yang Tersedia di Kabupaten Barru; Jumlah Hari Hujan di Kabupaten Barru; Jumlah Sarana Perdagangan di Kabupaten barru; Persentase Jumlah Penduduk Menurut Jenjang Pendidikan Tertinggi Yang Di Tamatkan Di Kabupaten Barru; Jumlah Surat Nikah yang Diterbitkan Menurut Kecamatan",/2/MjEwIzI=/jumlah-balita-yang-pernah-mendapat-imunisasi-menurut-kecamatan-dan-jenis-imunisasi-di-kabupaten-barru.html; /2/MTQ3IzI=/jumlah-wisatawan-yang-berkunjung-menurut--objek-wisata-di-kabupaten-barru.html; /2/MTc5IzI=/jumlah-hotel--kamar-dan-tempat-tidur-yang-tersedia-di-kabupaten-barru.html; /2/NDIjMg==/jumlah-hari-hujan-di-kabupaten-barru.html; /2/MTg0IzI=/jumlah-sarana-perdagangan-di-kabupaten-barru.html; /2/NDMjMg==/persentase-jumlah-penduduk-menurut-jenjang-pendidikan-tertinggi-yang-di-tamatkan-di-kabupaten-barru.html; /2/MjA0IzI=/jumlah-surat-nikah-yang-diterbitkan-menurut-kecamatan.html,6.0,0,Tidak ada
117,2017,Mallusetasi,31.0,Data Tersedia,2024-04-23 02:00:02,Jumlah Perusahaan yang mendapat surat ijin usaha di Kabupaten Barru,536.0,Harga-Harga,186.0,,MjEwIzI=; MTQ3IzI=; MTc5IzI=; NDIjMg==; MTg0IzI=; NDMjMg==; MjA0IzI=,"Jumlah Balita yang Pernah Mendapat Imunisasi Menurut Kecamatan dan Jenis Imunisasi di Kabupaten Barru; Jumlah Wisatawan yang Berkunjung Menurut  Objek Wisata di Kabupaten Barru; Jumlah Hotel, Kamar dan Tempat Tidur yang Tersedia di Kabupaten Barru; Jumlah Hari Hujan di Kabupaten Barru; Jumlah Sarana Perdagangan di Kabupaten barru; Persentase Jumlah Penduduk Menurut Jenjang Pendidikan Tertinggi Yang Di Tamatkan Di Kabupaten Barru; Jumlah Surat Nikah yang Diterbitkan Menurut Kecamatan",/2/MjEwIzI=/jumlah-balita-yang-pernah-mendapat-imunisasi-menurut-kecamatan-dan-jenis-imunisasi-di-kabupaten-barru.html; /2/MTQ3IzI=/jumlah-wisatawan-yang-berkunjung-menurut--objek-wisata-di-kabupaten-barru.html; /2/MTc5IzI=/jumlah-hotel--kamar-dan-tempat-tidur-yang-tersedia-di-kabupaten-barru.html; /2/NDIjMg==/jumlah-hari-hujan-di-kabupaten-barru.html; /2/MTg0IzI=/jumlah-sarana-perdagangan-di-kabupaten-barru.html; /2/NDMjMg==/persentase-jumlah-penduduk-menurut-jenjang-pendidikan-tertinggi-yang-di-tamatkan-di-kabupaten-barru.html; /2/MjA0IzI=/jumlah-surat-nikah-yang-diterbitkan-menurut-kecamatan.html,7.0,0,Tidak ada
117,2017,Kabupaten Barru,347.0,Data Tersedia,2024-04-23 02:00:02,Jumlah Perusahaan yang mendapat surat ijin usaha di Kabupaten Barru,536.0,Harga-Harga,186.0,,MjEwIzI=; MTQ3IzI=; MTc5IzI=; NDIjMg==; MTg0IzI=; NDMjMg==; MjA0IzI=,"Jumlah Balita yang Pernah Mendapat Imunisasi Menurut Kecamatan dan Jenis Imunisasi di Kabupaten Barru; Jumlah Wisatawan yang Berkunjung Menurut  Objek Wisata di Kabupaten Barru; Jumlah Hotel, Kamar dan Tempat Tidur yang Tersedia di Kabupaten Barru; Jumlah Hari Hujan di Kabupaten Barru; Jumlah Sarana Perdagangan di Kabupaten barru; Persentase Jumlah Penduduk Menurut Jenjang Pendidikan Tertinggi Yang Di Tamatkan Di Kabupaten Barru; Jumlah Surat Nikah yang Diterbitkan Menurut Kecamatan",/2/MjEwIzI=/jumlah-balita-yang-pernah-mendapat-imunisasi-menurut-kecamatan-dan-jenis-imunisasi-di-kabupaten-barru.html; /2/MTQ3IzI=/jumlah-wisatawan-yang-berkunjung-menurut--objek-wisata-di-kabupaten-barru.html; /2/MTc5IzI=/jumlah-hotel--kamar-dan-tempat-tidur-yang-tersedia-di-kabupaten-barru.html; /2/NDIjMg==/jumlah-hari-hujan-di-kabupaten-barru.html; /2/MTg0IzI=/jumlah-sarana-perdagangan-di-kabupaten-barru.html; /2/NDMjMg==/persentase-jumlah-penduduk-menurut-jenjang-pendidikan-tertinggi-yang-di-tamatkan-di-kabupaten-barru.html; /2/MjA0IzI=/jumlah-surat-nikah-yang-diterbitkan-menurut-kecamatan.html,8.0,0,Tidak ada
118,2018,Tanete Riaja,45.0,Data Tersedia,2024-04-23 02:00:02,Jumlah Perusahaan yang mendapat surat ijin usaha di Kabupaten Barru,536.0,Harga-Harga,186.0,,MjEwIzI=; MTQ3IzI=; MTc5IzI=; NDIjMg==; MTg0IzI=; NDMjMg==; MjA0IzI=,"Jumlah Balita yang Pernah Mendapat Imunisasi Menurut Kecamatan dan Jenis Imunisasi di Kabupaten Barru; Jumlah Wisatawan yang Berkunjung Menurut  Objek Wisata di Kabupaten Barru; Jumlah Hotel, Kamar dan Tempat Tidur yang Tersedia di Kabupaten Barru; Jumlah Hari Hujan di Kabupaten Barru; Jumlah Sarana Perdagangan di Kabupaten barru; Persentase Jumlah Penduduk Menurut Jenjang Pendidikan Tertinggi Yang Di Tamatkan Di Kabupaten Barru; Jumlah Surat Nikah yang Diterbitkan Menurut Kecamatan",/2/MjEwIzI=/jumlah-balita-yang-pernah-mendapat-imunisasi-menurut-kecamatan-dan-jenis-imunisasi-di-kabupaten-barru.html; /2/MTQ3IzI=/jumlah-wisatawan-yang-berkunjung-menurut--objek-wisata-di-kabupaten-barru.html; /2/MTc5IzI=/jumlah-hotel--kamar-dan-tempat-tidur-yang-tersedia-di-kabupaten-barru.html; /2/NDIjMg==/jumlah-hari-hujan-di-kabupaten-barru.html; /2/MTg0IzI=/jumlah-sarana-perdagangan-di-kabupaten-barru.html; /2/NDMjMg==/persentase-jumlah-penduduk-menurut-jenjang-pendidikan-tertinggi-yang-di-tamatkan-di-kabupaten-barru.html; /2/MjA0IzI=/jumlah-surat-nikah-yang-diterbitkan-menurut-kecamatan.html,1.0,0,Tidak ada
118,2018,Pujananting,39.0,Data Tersedia,2024-04-23 02:00:02,Jumlah Perusahaan yang mendapat surat ijin usaha di Kabupaten Barru,536.0,Harga-Harga,186.0,,MjEwIzI=; MTQ3IzI=; MTc5IzI=; NDIjMg==; MTg0IzI=; NDMjMg==; MjA0IzI=,"Jumlah Balita yang Pernah Mendapat Imunisasi Menurut Kecamatan dan Jenis Imunisasi di Kabupaten Barru; Jumlah Wisatawan yang Berkunjung Menurut  Objek Wisata di Kabupaten Barru; Jumlah Hotel, Kamar dan Tempat Tidur yang Tersedia di Kabupaten Barru; Jumlah Hari Hujan di Kabupaten Barru; Jumlah Sarana Perdagangan di Kabupaten barru; Persentase Jumlah Penduduk Menurut Jenjang Pendidikan Tertinggi Yang Di Tamatkan Di Kabupaten Barru; Jumlah Surat Nikah yang Diterbitkan Menurut Kecamatan",/2/MjEwIzI=/jumlah-balita-yang-pernah-mendapat-imunisasi-menurut-kecamatan-dan-jenis-imunisasi-di-kabupaten-barru.html; /2/MTQ3IzI=/jumlah-wisatawan-yang-berkunjung-menurut--objek-wisata-di-kabupaten-barru.html; /2/MTc5IzI=/jumlah-hotel--kamar-dan-tempat-tidur-yang-tersedia-di-kabupaten-barru.html; /2/NDIjMg==/jumlah-hari-hujan-di-kabupaten-barru.html; /2/MTg0IzI=/jumlah-sarana-perdagangan-di-kabupaten-barru.html; /2/NDMjMg==/persentase-jumlah-penduduk-menurut-jenjang-pendidikan-tertinggi-yang-di-tamatkan-di-kabupaten-barru.html; /2/MjA0IzI=/jumlah-surat-nikah-yang-diterbitkan-menurut-kecamatan.html,2.0,0,Tidak ada
118,2018,Tanete Rilau,69.0,Data Tersedia,2024-04-23 02:00:02,Jumlah Perusahaan yang mendapat surat ijin usaha di Kabupaten Barru,536.0,Harga-Harga,186.0,,MjEwIzI=; MTQ3IzI=; MTc5IzI=; NDIjMg==; MTg0IzI=; NDMjMg==; MjA0IzI=,"Jumlah Balita yang Pernah Mendapat Imunisasi Menurut Kecamatan dan Jenis Imunisasi di Kabupaten Barru; Jumlah Wisatawan yang Berkunjung Menurut  Objek Wisata di Kabupaten Barru; Jumlah Hotel, Kamar dan Tempat Tidur yang Tersedia di Kabupaten Barru; Jumlah Hari Hujan di Kabupaten Barru; Jumlah Sarana Perdagangan di Kabupaten barru; Persentase Jumlah Penduduk Menurut Jenjang Pendidikan Tertinggi Yang Di Tamatkan Di Kabupaten Barru; Jumlah Surat Nikah yang Diterbitkan Menurut Kecamatan",/2/MjEwIzI=/jumlah-balita-yang-pernah-mendapat-imunisasi-menurut-kecamatan-dan-jenis-imunisasi-di-kabupaten-barru.html; /2/MTQ3IzI=/jumlah-wisatawan-yang-berkunjung-menurut--objek-wisata-di-kabupaten-barru.html; /2/MTc5IzI=/jumlah-hotel--kamar-dan-tempat-tidur-yang-tersedia-di-kabupaten-barru.html; /2/NDIjMg==/jumlah-hari-hujan-di-kabupaten-barru.html; /2/MTg0IzI=/jumlah-sarana-perdagangan-di-kabupaten-barru.html; /2/NDMjMg==/persentase-jumlah-penduduk-menurut-jenjang-pendidikan-tertinggi-yang-di-tamatkan-di-kabupaten-barru.html; /2/MjA0IzI=/jumlah-surat-nikah-yang-diterbitkan-menurut-kecamatan.html,3.0,0,Tidak ada
118,2018,Barru,137.0,Data Tersedia,2024-04-23 02:00:02,Jumlah Perusahaan yang mendapat surat ijin usaha di Kabupaten Barru,536.0,Harga-Harga,186.0,,MjEwIzI=; MTQ3IzI=; MTc5IzI=; NDIjMg==; MTg0IzI=; NDMjMg==; MjA0IzI=,"Jumlah Balita yang Pernah Mendapat Imunisasi Menurut Kecamatan dan Jenis Imunisasi di Kabupaten Barru; Jumlah Wisatawan yang Berkunjung Menurut  Objek Wisata di Kabupaten Barru; Jumlah Hotel, Kamar dan Tempat Tidur yang Tersedia di Kabupaten Barru; Jumlah Hari Hujan di Kabupaten Barru; Jumlah Sarana Perdagangan di Kabupaten barru; Persentase Jumlah Penduduk Menurut Jenjang Pendidikan Tertinggi Yang Di Tamatkan Di Kabupaten Barru; Jumlah Surat Nikah yang Diterbitkan Menurut Kecamatan",/2/MjEwIzI=/jumlah-balita-yang-pernah-mendapat-imunisasi-menurut-kecamatan-dan-jenis-imunisasi-di-kabupaten-barru.html; /2/MTQ3IzI=/jumlah-wisatawan-yang-berkunjung-menurut--objek-wisata-di-kabupaten-barru.html; /2/MTc5IzI=/jumlah-hotel--kamar-dan-tempat-tidur-yang-tersedia-di-kabupaten-barru.html; /2/NDIjMg==/jumlah-hari-hujan-di-kabupaten-barru.html; /2/MTg0IzI=/jumlah-sarana-perdagangan-di-kabupaten-barru.html; /2/NDMjMg==/persentase-jumlah-penduduk-menurut-jenjang-pendidikan-tertinggi-yang-di-tamatkan-di-kabupaten-barru.html; /2/MjA0IzI=/jumlah-surat-nikah-yang-diterbitkan-menurut-kecamatan.html,4.0,0,Tidak ada
118,2018,Soppeng Riaja,32.0,Data Tersedia,2024-04-23 02:00:02,Jumlah Perusahaan yang mendapat surat ijin usaha di Kabupaten Barru,536.0,Harga-Harga,186.0,,MjEwIzI=; MTQ3IzI=; MTc5IzI=; NDIjMg==; MTg0IzI=; NDMjMg==; MjA0IzI=,"Jumlah Balita yang Pernah Mendapat Imunisasi Menurut Kecamatan dan Jenis Imunisasi di Kabupaten Barru; Jumlah Wisatawan yang Berkunjung Menurut  Objek Wisata di Kabupaten Barru; Jumlah Hotel, Kamar dan Tempat Tidur yang Tersedia di Kabupaten Barru; Jumlah Hari Hujan di Kabupaten Barru; Jumlah Sarana Perdagangan di Kabupaten barru; Persentase Jumlah Penduduk Menurut Jenjang Pendidikan Tertinggi Yang Di Tamatkan Di Kabupaten Barru; Jumlah Surat Nikah yang Diterbitkan Menurut Kecamatan",/2/MjEwIzI=/jumlah-balita-yang-pernah-mendapat-imunisasi-menurut-kecamatan-dan-jenis-imunisasi-di-kabupaten-barru.html; /2/MTQ3IzI=/jumlah-wisatawan-yang-berkunjung-menurut--objek-wisata-di-kabupaten-barru.html; /2/MTc5IzI=/jumlah-hotel--kamar-dan-tempat-tidur-yang-tersedia-di-kabupaten-barru.html; /2/NDIjMg==/jumlah-hari-hujan-di-kabupaten-barru.html; /2/MTg0IzI=/jumlah-sarana-perdagangan-di-kabupaten-barru.html; /2/NDMjMg==/persentase-jumlah-penduduk-menurut-jenjang-pendidikan-tertinggi-yang-di-tamatkan-di-kabupaten-barru.html; /2/MjA0IzI=/jumlah-surat-nikah-yang-diterbitkan-menurut-kecamatan.html,5.0,0,Tidak ada
118,2018,Balusu,51.0,Data Tersedia,2024-04-23 02:00:02,Jumlah Perusahaan yang mendapat surat ijin usaha di Kabupaten Barru,536.0,Harga-Harga,186.0,,MjEwIzI=; MTQ3IzI=; MTc5IzI=; NDIjMg==; MTg0IzI=; NDMjMg==; MjA0IzI=,"Jumlah Balita yang Pernah Mendapat Imunisasi Menurut Kecamatan dan Jenis Imunisasi di Kabupaten Barru; Jumlah Wisatawan yang Berkunjung Menurut  Objek Wisata di Kabupaten Barru; Jumlah Hotel, Kamar dan Tempat Tidur yang Tersedia di Kabupaten Barru; Jumlah Hari Hujan di Kabupaten Barru; Jumlah Sarana Perdagangan di Kabupaten barru; Persentase Jumlah Penduduk Menurut Jenjang Pendidikan Tertinggi Yang Di Tamatkan Di Kabupaten Barru; Jumlah Surat Nikah yang Diterbitkan Menurut Kecamatan",/2/MjEwIzI=/jumlah-balita-yang-pernah-mendapat-imunisasi-menurut-kecamatan-dan-jenis-imunisasi-di-kabupaten-barru.html; /2/MTQ3IzI=/jumlah-wisatawan-yang-berkunjung-menurut--objek-wisata-di-kabupaten-barru.html; /2/MTc5IzI=/jumlah-hotel--kamar-dan-tempat-tidur-yang-tersedia-di-kabupaten-barru.html; /2/NDIjMg==/jumlah-hari-hujan-di-kabupaten-barru.html; /2/MTg0IzI=/jumlah-sarana-perdagangan-di-kabupaten-barru.html; /2/NDMjMg==/persentase-jumlah-penduduk-menurut-jenjang-pendidikan-tertinggi-yang-di-tamatkan-di-kabupaten-barru.html; /2/MjA0IzI=/jumlah-surat-nikah-yang-diterbitkan-menurut-kecamatan.html,6.0,0,Tidak ada
118,2018,Mallusetasi,44.0,Data Tersedia,2024-04-23 02:00:02,Jumlah Perusahaan yang mendapat surat ijin usaha di Kabupaten Barru,536.0,Harga-Harga,186.0,,MjEwIzI=; MTQ3IzI=; MTc5IzI=; NDIjMg==; MTg0IzI=; NDMjMg==; MjA0IzI=,"Jumlah Balita yang Pernah Mendapat Imunisasi Menurut Kecamatan dan Jenis Imunisasi di Kabupaten Barru; Jumlah Wisatawan yang Berkunjung Menurut  Objek Wisata di Kabupaten Barru; Jumlah Hotel, Kamar dan Tempat Tidur yang Tersedia di Kabupaten Barru; Jumlah Hari Hujan di Kabupaten Barru; Jumlah Sarana Perdagangan di Kabupaten barru; Persentase Jumlah Penduduk Menurut Jenjang Pendidikan Tertinggi Yang Di Tamatkan Di Kabupaten Barru; Jumlah Surat Nikah yang Diterbitkan Menurut Kecamatan",/2/MjEwIzI=/jumlah-balita-yang-pernah-mendapat-imunisasi-menurut-kecamatan-dan-jenis-imunisasi-di-kabupaten-barru.html; /2/MTQ3IzI=/jumlah-wisatawan-yang-berkunjung-menurut--objek-wisata-di-kabupaten-barru.html; /2/MTc5IzI=/jumlah-hotel--kamar-dan-tempat-tidur-yang-tersedia-di-kabupaten-barru.html; /2/NDIjMg==/jumlah-hari-hujan-di-kabupaten-barru.html; /2/MTg0IzI=/jumlah-sarana-perdagangan-di-kabupaten-barru.html; /2/NDMjMg==/persentase-jumlah-penduduk-menurut-jenjang-pendidikan-tertinggi-yang-di-tamatkan-di-kabupaten-barru.html; /2/MjA0IzI=/jumlah-surat-nikah-yang-diterbitkan-menurut-kecamatan.html,7.0,0,Tidak ada
118,2018,Kabupaten Barru,437.0,Data Tersedia,2024-04-23 02:00:02,Jumlah Perusahaan yang mendapat surat ijin usaha di Kabupaten Barru,536.0,Harga-Harga,186.0,,MjEwIzI=; MTQ3IzI=; MTc5IzI=; NDIjMg==; MTg0IzI=; NDMjMg==; MjA0IzI=,"Jumlah Balita yang Pernah Mendapat Imunisasi Menurut Kecamatan dan Jenis Imunisasi di Kabupaten Barru; Jumlah Wisatawan yang Berkunjung Menurut  Objek Wisata di Kabupaten Barru; Jumlah Hotel, Kamar dan Tempat Tidur yang Tersedia di Kabupaten Barru; Jumlah Hari Hujan di Kabupaten Barru; Jumlah Sarana Perdagangan di Kabupaten barru; Persentase Jumlah Penduduk Menurut Jenjang Pendidikan Tertinggi Yang Di Tamatkan Di Kabupaten Barru; Jumlah Surat Nikah yang Diterbitkan Menurut Kecamatan",/2/MjEwIzI=/jumlah-balita-yang-pernah-mendapat-imunisasi-menurut-kecamatan-dan-jenis-imunisasi-di-kabupaten-barru.html; /2/MTQ3IzI=/jumlah-wisatawan-yang-berkunjung-menurut--objek-wisata-di-kabupaten-barru.html; /2/MTc5IzI=/jumlah-hotel--kamar-dan-tempat-tidur-yang-tersedia-di-kabupaten-barru.html; /2/NDIjMg==/jumlah-hari-hujan-di-kabupaten-barru.html; /2/MTg0IzI=/jumlah-sarana-perdagangan-di-kabupaten-barru.html; /2/NDMjMg==/persentase-jumlah-penduduk-menurut-jenjang-pendidikan-tertinggi-yang-di-tamatkan-di-kabupaten-barru.html; /2/MjA0IzI=/jumlah-surat-nikah-yang-diterbitkan-menurut-kecamatan.html,8.0,0,Tidak ada
119,2019,Tanete Riaja,17.0,Data Tersedia,2024-04-23 02:00:02,Jumlah Perusahaan yang mendapat surat ijin usaha di Kabupaten Barru,536.0,Harga-Harga,186.0,,MjEwIzI=; MTQ3IzI=; MTc5IzI=; NDIjMg==; MTg0IzI=; NDMjMg==; MjA0IzI=,"Jumlah Balita yang Pernah Mendapat Imunisasi Menurut Kecamatan dan Jenis Imunisasi di Kabupaten Barru; Jumlah Wisatawan yang Berkunjung Menurut  Objek Wisata di Kabupaten Barru; Jumlah Hotel, Kamar dan Tempat Tidur yang Tersedia di Kabupaten Barru; Jumlah Hari Hujan di Kabupaten Barru; Jumlah Sarana Perdagangan di Kabupaten barru; Persentase Jumlah Penduduk Menurut Jenjang Pendidikan Tertinggi Yang Di Tamatkan Di Kabupaten Barru; Jumlah Surat Nikah yang Diterbitkan Menurut Kecamatan",/2/MjEwIzI=/jumlah-balita-yang-pernah-mendapat-imunisasi-menurut-kecamatan-dan-jenis-imunisasi-di-kabupaten-barru.html; /2/MTQ3IzI=/jumlah-wisatawan-yang-berkunjung-menurut--objek-wisata-di-kabupaten-barru.html; /2/MTc5IzI=/jumlah-hotel--kamar-dan-tempat-tidur-yang-tersedia-di-kabupaten-barru.html; /2/NDIjMg==/jumlah-hari-hujan-di-kabupaten-barru.html; /2/MTg0IzI=/jumlah-sarana-perdagangan-di-kabupaten-barru.html; /2/NDMjMg==/persentase-jumlah-penduduk-menurut-jenjang-pendidikan-tertinggi-yang-di-tamatkan-di-kabupaten-barru.html; /2/MjA0IzI=/jumlah-surat-nikah-yang-diterbitkan-menurut-kecamatan.html,1.0,0,Tidak ada
119,2019,Pujananting,7.0,Data Tersedia,2024-04-23 02:00:02,Jumlah Perusahaan yang mendapat surat ijin usaha di Kabupaten Barru,536.0,Harga-Harga,186.0,,MjEwIzI=; MTQ3IzI=; MTc5IzI=; NDIjMg==; MTg0IzI=; NDMjMg==; MjA0IzI=,"Jumlah Balita yang Pernah Mendapat Imunisasi Menurut Kecamatan dan Jenis Imunisasi di Kabupaten Barru; Jumlah Wisatawan yang Berkunjung Menurut  Objek Wisata di Kabupaten Barru; Jumlah Hotel, Kamar dan Tempat Tidur yang Tersedia di Kabupaten Barru; Jumlah Hari Hujan di Kabupaten Barru; Jumlah Sarana Perdagangan di Kabupaten barru; Persentase Jumlah Penduduk Menurut Jenjang Pendidikan Tertinggi Yang Di Tamatkan Di Kabupaten Barru; Jumlah Surat Nikah yang Diterbitkan Menurut Kecamatan",/2/MjEwIzI=/jumlah-balita-yang-pernah-mendapat-imunisasi-menurut-kecamatan-dan-jenis-imunisasi-di-kabupaten-barru.html; /2/MTQ3IzI=/jumlah-wisatawan-yang-berkunjung-menurut--objek-wisata-di-kabupaten-barru.html; /2/MTc5IzI=/jumlah-hotel--kamar-dan-tempat-tidur-yang-tersedia-di-kabupaten-barru.html; /2/NDIjMg==/jumlah-hari-hujan-di-kabupaten-barru.html; /2/MTg0IzI=/jumlah-sarana-perdagangan-di-kabupaten-barru.html; /2/NDMjMg==/persentase-jumlah-penduduk-menurut-jenjang-pendidikan-tertinggi-yang-di-tamatkan-di-kabupaten-barru.html; /2/MjA0IzI=/jumlah-surat-nikah-yang-diterbitkan-menurut-kecamatan.html,2.0,0,Tidak ada
119,2019,Tanete Rilau,41.0,Data Tersedia,2024-04-23 02:00:02,Jumlah Perusahaan yang mendapat surat ijin usaha di Kabupaten Barru,536.0,Harga-Harga,186.0,,MjEwIzI=; MTQ3IzI=; MTc5IzI=; NDIjMg==; MTg0IzI=; NDMjMg==; MjA0IzI=,"Jumlah Balita yang Pernah Mendapat Imunisasi Menurut Kecamatan dan Jenis Imunisasi di Kabupaten Barru; Jumlah Wisatawan yang Berkunjung Menurut  Objek Wisata di Kabupaten Barru; Jumlah Hotel, Kamar dan Tempat Tidur yang Tersedia di Kabupaten Barru; Jumlah Hari Hujan di Kabupaten Barru; Jumlah Sarana Perdagangan di Kabupaten barru; Persentase Jumlah Penduduk Menurut Jenjang Pendidikan Tertinggi Yang Di Tamatkan Di Kabupaten Barru; Jumlah Surat Nikah yang Diterbitkan Menurut Kecamatan",/2/MjEwIzI=/jumlah-balita-yang-pernah-mendapat-imunisasi-menurut-kecamatan-dan-jenis-imunisasi-di-kabupaten-barru.html; /2/MTQ3IzI=/jumlah-wisatawan-yang-berkunjung-menurut--objek-wisata-di-kabupaten-barru.html; /2/MTc5IzI=/jumlah-hotel--kamar-dan-tempat-tidur-yang-tersedia-di-kabupaten-barru.html; /2/NDIjMg==/jumlah-hari-hujan-di-kabupaten-barru.html; /2/MTg0IzI=/jumlah-sarana-perdagangan-di-kabupaten-barru.html; /2/NDMjMg==/persentase-jumlah-penduduk-menurut-jenjang-pendidikan-tertinggi-yang-di-tamatkan-di-kabupaten-barru.html; /2/MjA0IzI=/jumlah-surat-nikah-yang-diterbitkan-menurut-kecamatan.html,3.0,0,Tidak ada
119,2019,Barru,124.0,Data Tersedia,2024-04-23 02:00:02,Jumlah Perusahaan yang mendapat surat ijin usaha di Kabupaten Barru,536.0,Harga-Harga,186.0,,MjEwIzI=; MTQ3IzI=; MTc5IzI=; NDIjMg==; MTg0IzI=; NDMjMg==; MjA0IzI=,"Jumlah Balita yang Pernah Mendapat Imunisasi Menurut Kecamatan dan Jenis Imunisasi di Kabupaten Barru; Jumlah Wisatawan yang Berkunjung Menurut  Objek Wisata di Kabupaten Barru; Jumlah Hotel, Kamar dan Tempat Tidur yang Tersedia di Kabupaten Barru; Jumlah Hari Hujan di Kabupaten Barru; Jumlah Sarana Perdagangan di Kabupaten barru; Persentase Jumlah Penduduk Menurut Jenjang Pendidikan Tertinggi Yang Di Tamatkan Di Kabupaten Barru; Jumlah Surat Nikah yang Diterbitkan Menurut Kecamatan",/2/MjEwIzI=/jumlah-balita-yang-pernah-mendapat-imunisasi-menurut-kecamatan-dan-jenis-imunisasi-di-kabupaten-barru.html; /2/MTQ3IzI=/jumlah-wisatawan-yang-berkunjung-menurut--objek-wisata-di-kabupaten-barru.html; /2/MTc5IzI=/jumlah-hotel--kamar-dan-tempat-tidur-yang-tersedia-di-kabupaten-barru.html; /2/NDIjMg==/jumlah-hari-hujan-di-kabupaten-barru.html; /2/MTg0IzI=/jumlah-sarana-perdagangan-di-kabupaten-barru.html; /2/NDMjMg==/persentase-jumlah-penduduk-menurut-jenjang-pendidikan-tertinggi-yang-di-tamatkan-di-kabupaten-barru.html; /2/MjA0IzI=/jumlah-surat-nikah-yang-diterbitkan-menurut-kecamatan.html,4.0,0,Tidak ada
119,2019,Soppeng Riaja,20.0,Data Tersedia,2024-04-23 02:00:02,Jumlah Perusahaan yang mendapat surat ijin usaha di Kabupaten Barru,536.0,Harga-Harga,186.0,,MjEwIzI=; MTQ3IzI=; MTc5IzI=; NDIjMg==; MTg0IzI=; NDMjMg==; MjA0IzI=,"Jumlah Balita yang Pernah Mendapat Imunisasi Menurut Kecamatan dan Jenis Imunisasi di Kabupaten Barru; Jumlah Wisatawan yang Berkunjung Menurut  Objek Wisata di Kabupaten Barru; Jumlah Hotel, Kamar dan Tempat Tidur yang Tersedia di Kabupaten Barru; Jumlah Hari Hujan di Kabupaten Barru; Jumlah Sarana Perdagangan di Kabupaten barru; Persentase Jumlah Penduduk Menurut Jenjang Pendidikan Tertinggi Yang Di Tamatkan Di Kabupaten Barru; Jumlah Surat Nikah yang Diterbitkan Menurut Kecamatan",/2/MjEwIzI=/jumlah-balita-yang-pernah-mendapat-imunisasi-menurut-kecamatan-dan-jenis-imunisasi-di-kabupaten-barru.html; /2/MTQ3IzI=/jumlah-wisatawan-yang-berkunjung-menurut--objek-wisata-di-kabupaten-barru.html; /2/MTc5IzI=/jumlah-hotel--kamar-dan-tempat-tidur-yang-tersedia-di-kabupaten-barru.html; /2/NDIjMg==/jumlah-hari-hujan-di-kabupaten-barru.html; /2/MTg0IzI=/jumlah-sarana-perdagangan-di-kabupaten-barru.html; /2/NDMjMg==/persentase-jumlah-penduduk-menurut-jenjang-pendidikan-tertinggi-yang-di-tamatkan-di-kabupaten-barru.html; /2/MjA0IzI=/jumlah-surat-nikah-yang-diterbitkan-menurut-kecamatan.html,5.0,0,Tidak ada
119,2019,Balusu,23.0,Data Tersedia,2024-04-23 02:00:02,Jumlah Perusahaan yang mendapat surat ijin usaha di Kabupaten Barru,536.0,Harga-Harga,186.0,,MjEwIzI=; MTQ3IzI=; MTc5IzI=; NDIjMg==; MTg0IzI=; NDMjMg==; MjA0IzI=,"Jumlah Balita yang Pernah Mendapat Imunisasi Menurut Kecamatan dan Jenis Imunisasi di Kabupaten Barru; Jumlah Wisatawan yang Berkunjung Menurut  Objek Wisata di Kabupaten Barru; Jumlah Hotel, Kamar dan Tempat Tidur yang Tersedia di Kabupaten Barru; Jumlah Hari Hujan di Kabupaten Barru; Jumlah Sarana Perdagangan di Kabupaten barru; Persentase Jumlah Penduduk Menurut Jenjang Pendidikan Tertinggi Yang Di Tamatkan Di Kabupaten Barru; Jumlah Surat Nikah yang Diterbitkan Menurut Kecamatan",/2/MjEwIzI=/jumlah-balita-yang-pernah-mendapat-imunisasi-menurut-kecamatan-dan-jenis-imunisasi-di-kabupaten-barru.html; /2/MTQ3IzI=/jumlah-wisatawan-yang-berkunjung-menurut--objek-wisata-di-kabupaten-barru.html; /2/MTc5IzI=/jumlah-hotel--kamar-dan-tempat-tidur-yang-tersedia-di-kabupaten-barru.html; /2/NDIjMg==/jumlah-hari-hujan-di-kabupaten-barru.html; /2/MTg0IzI=/jumlah-sarana-perdagangan-di-kabupaten-barru.html; /2/NDMjMg==/persentase-jumlah-penduduk-menurut-jenjang-pendidikan-tertinggi-yang-di-tamatkan-di-kabupaten-barru.html; /2/MjA0IzI=/jumlah-surat-nikah-yang-diterbitkan-menurut-kecamatan.html,6.0,0,Tidak ada
119,2019,Mallusetasi,16.0,Data Tersedia,2024-04-23 02:00:02,Jumlah Perusahaan yang mendapat surat ijin usaha di Kabupaten Barru,536.0,Harga-Harga,186.0,,MjEwIzI=; MTQ3IzI=; MTc5IzI=; NDIjMg==; MTg0IzI=; NDMjMg==; MjA0IzI=,"Jumlah Balita yang Pernah Mendapat Imunisasi Menurut Kecamatan dan Jenis Imunisasi di Kabupaten Barru; Jumlah Wisatawan yang Berkunjung Menurut  Objek Wisata di Kabupaten Barru; Jumlah Hotel, Kamar dan Tempat Tidur yang Tersedia di Kabupaten Barru; Jumlah Hari Hujan di Kabupaten Barru; Jumlah Sarana Perdagangan di Kabupaten barru; Persentase Jumlah Penduduk Menurut Jenjang Pendidikan Tertinggi Yang Di Tamatkan Di Kabupaten Barru; Jumlah Surat Nikah yang Diterbitkan Menurut Kecamatan",/2/MjEwIzI=/jumlah-balita-yang-pernah-mendapat-imunisasi-menurut-kecamatan-dan-jenis-imunisasi-di-kabupaten-barru.html; /2/MTQ3IzI=/jumlah-wisatawan-yang-berkunjung-menurut--objek-wisata-di-kabupaten-barru.html; /2/MTc5IzI=/jumlah-hotel--kamar-dan-tempat-tidur-yang-tersedia-di-kabupaten-barru.html; /2/NDIjMg==/jumlah-hari-hujan-di-kabupaten-barru.html; /2/MTg0IzI=/jumlah-sarana-perdagangan-di-kabupaten-barru.html; /2/NDMjMg==/persentase-jumlah-penduduk-menurut-jenjang-pendidikan-tertinggi-yang-di-tamatkan-di-kabupaten-barru.html; /2/MjA0IzI=/jumlah-surat-nikah-yang-diterbitkan-menurut-kecamatan.html,7.0,0,Tidak ada
119,2019,Kabupaten Barru,248.0,Data Tersedia,2024-04-23 02:00:02,Jumlah Perusahaan yang mendapat surat ijin usaha di Kabupaten Barru,536.0,Harga-Harga,186.0,,MjEwIzI=; MTQ3IzI=; MTc5IzI=; NDIjMg==; MTg0IzI=; NDMjMg==; MjA0IzI=,"Jumlah Balita yang Pernah Mendapat Imunisasi Menurut Kecamatan dan Jenis Imunisasi di Kabupaten Barru; Jumlah Wisatawan yang Berkunjung Menurut  Objek Wisata di Kabupaten Barru; Jumlah Hotel, Kamar dan Tempat Tidur yang Tersedia di Kabupaten Barru; Jumlah Hari Hujan di Kabupaten Barru; Jumlah Sarana Perdagangan di Kabupaten barru; Persentase Jumlah Penduduk Menurut Jenjang Pendidikan Tertinggi Yang Di Tamatkan Di Kabupaten Barru; Jumlah Surat Nikah yang Diterbitkan Menurut Kecamatan",/2/MjEwIzI=/jumlah-balita-yang-pernah-mendapat-imunisasi-menurut-kecamatan-dan-jenis-imunisasi-di-kabupaten-barru.html; /2/MTQ3IzI=/jumlah-wisatawan-yang-berkunjung-menurut--objek-wisata-di-kabupaten-barru.html; /2/MTc5IzI=/jumlah-hotel--kamar-dan-tempat-tidur-yang-tersedia-di-kabupaten-barru.html; /2/NDIjMg==/jumlah-hari-hujan-di-kabupaten-barru.html; /2/MTg0IzI=/jumlah-sarana-perdagangan-di-kabupaten-barru.html; /2/NDMjMg==/persentase-jumlah-penduduk-menurut-jenjang-pendidikan-tertinggi-yang-di-tamatkan-di-kabupaten-barru.html; /2/MjA0IzI=/jumlah-surat-nikah-yang-diterbitkan-menurut-kecamatan.html,8.0,0,Tidak ada
120,2020,Tanete Riaja,11.0,Data Tersedia,2024-04-23 02:00:02,Jumlah Perusahaan yang mendapat surat ijin usaha di Kabupaten Barru,536.0,Harga-Harga,186.0,,MjEwIzI=; MTQ3IzI=; MTc5IzI=; NDIjMg==; MTg0IzI=; NDMjMg==; MjA0IzI=,"Jumlah Balita yang Pernah Mendapat Imunisasi Menurut Kecamatan dan Jenis Imunisasi di Kabupaten Barru; Jumlah Wisatawan yang Berkunjung Menurut  Objek Wisata di Kabupaten Barru; Jumlah Hotel, Kamar dan Tempat Tidur yang Tersedia di Kabupaten Barru; Jumlah Hari Hujan di Kabupaten Barru; Jumlah Sarana Perdagangan di Kabupaten barru; Persentase Jumlah Penduduk Menurut Jenjang Pendidikan Tertinggi Yang Di Tamatkan Di Kabupaten Barru; Jumlah Surat Nikah yang Diterbitkan Menurut Kecamatan",/2/MjEwIzI=/jumlah-balita-yang-pernah-mendapat-imunisasi-menurut-kecamatan-dan-jenis-imunisasi-di-kabupaten-barru.html; /2/MTQ3IzI=/jumlah-wisatawan-yang-berkunjung-menurut--objek-wisata-di-kabupaten-barru.html; /2/MTc5IzI=/jumlah-hotel--kamar-dan-tempat-tidur-yang-tersedia-di-kabupaten-barru.html; /2/NDIjMg==/jumlah-hari-hujan-di-kabupaten-barru.html; /2/MTg0IzI=/jumlah-sarana-perdagangan-di-kabupaten-barru.html; /2/NDMjMg==/persentase-jumlah-penduduk-menurut-jenjang-pendidikan-tertinggi-yang-di-tamatkan-di-kabupaten-barru.html; /2/MjA0IzI=/jumlah-surat-nikah-yang-diterbitkan-menurut-kecamatan.html,1.0,0,Tidak ada
120,2020,Pujananting,4.0,Data Tersedia,2024-04-23 02:00:02,Jumlah Perusahaan yang mendapat surat ijin usaha di Kabupaten Barru,536.0,Harga-Harga,186.0,,MjEwIzI=; MTQ3IzI=; MTc5IzI=; NDIjMg==; MTg0IzI=; NDMjMg==; MjA0IzI=,"Jumlah Balita yang Pernah Mendapat Imunisasi Menurut Kecamatan dan Jenis Imunisasi di Kabupaten Barru; Jumlah Wisatawan yang Berkunjung Menurut  Objek Wisata di Kabupaten Barru; Jumlah Hotel, Kamar dan Tempat Tidur yang Tersedia di Kabupaten Barru; Jumlah Hari Hujan di Kabupaten Barru; Jumlah Sarana Perdagangan di Kabupaten barru; Persentase Jumlah Penduduk Menurut Jenjang Pendidikan Tertinggi Yang Di Tamatkan Di Kabupaten Barru; Jumlah Surat Nikah yang Diterbitkan Menurut Kecamatan",/2/MjEwIzI=/jumlah-balita-yang-pernah-mendapat-imunisasi-menurut-kecamatan-dan-jenis-imunisasi-di-kabupaten-barru.html; /2/MTQ3IzI=/jumlah-wisatawan-yang-berkunjung-menurut--objek-wisata-di-kabupaten-barru.html; /2/MTc5IzI=/jumlah-hotel--kamar-dan-tempat-tidur-yang-tersedia-di-kabupaten-barru.html; /2/NDIjMg==/jumlah-hari-hujan-di-kabupaten-barru.html; /2/MTg0IzI=/jumlah-sarana-perdagangan-di-kabupaten-barru.html; /2/NDMjMg==/persentase-jumlah-penduduk-menurut-jenjang-pendidikan-tertinggi-yang-di-tamatkan-di-kabupaten-barru.html; /2/MjA0IzI=/jumlah-surat-nikah-yang-diterbitkan-menurut-kecamatan.html,2.0,0,Tidak ada
120,2020,Tanete Rilau,37.0,Data Tersedia,2024-04-23 02:00:02,Jumlah Perusahaan yang mendapat surat ijin usaha di Kabupaten Barru,536.0,Harga-Harga,186.0,,MjEwIzI=; MTQ3IzI=; MTc5IzI=; NDIjMg==; MTg0IzI=; NDMjMg==; MjA0IzI=,"Jumlah Balita yang Pernah Mendapat Imunisasi Menurut Kecamatan dan Jenis Imunisasi di Kabupaten Barru; Jumlah Wisatawan yang Berkunjung Menurut  Objek Wisata di Kabupaten Barru; Jumlah Hotel, Kamar dan Tempat Tidur yang Tersedia di Kabupaten Barru; Jumlah Hari Hujan di Kabupaten Barru; Jumlah Sarana Perdagangan di Kabupaten barru; Persentase Jumlah Penduduk Menurut Jenjang Pendidikan Tertinggi Yang Di Tamatkan Di Kabupaten Barru; Jumlah Surat Nikah yang Diterbitkan Menurut Kecamatan",/2/MjEwIzI=/jumlah-balita-yang-pernah-mendapat-imunisasi-menurut-kecamatan-dan-jenis-imunisasi-di-kabupaten-barru.html; /2/MTQ3IzI=/jumlah-wisatawan-yang-berkunjung-menurut--objek-wisata-di-kabupaten-barru.html; /2/MTc5IzI=/jumlah-hotel--kamar-dan-tempat-tidur-yang-tersedia-di-kabupaten-barru.html; /2/NDIjMg==/jumlah-hari-hujan-di-kabupaten-barru.html; /2/MTg0IzI=/jumlah-sarana-perdagangan-di-kabupaten-barru.html; /2/NDMjMg==/persentase-jumlah-penduduk-menurut-jenjang-pendidikan-tertinggi-yang-di-tamatkan-di-kabupaten-barru.html; /2/MjA0IzI=/jumlah-surat-nikah-yang-diterbitkan-menurut-kecamatan.html,3.0,0,Tidak ada
120,2020,Barru,91.0,Data Tersedia,2024-04-23 02:00:02,Jumlah Perusahaan yang mendapat surat ijin usaha di Kabupaten Barru,536.0,Harga-Harga,186.0,,MjEwIzI=; MTQ3IzI=; MTc5IzI=; NDIjMg==; MTg0IzI=; NDMjMg==; MjA0IzI=,"Jumlah Balita yang Pernah Mendapat Imunisasi Menurut Kecamatan dan Jenis Imunisasi di Kabupaten Barru; Jumlah Wisatawan yang Berkunjung Menurut  Objek Wisata di Kabupaten Barru; Jumlah Hotel, Kamar dan Tempat Tidur yang Tersedia di Kabupaten Barru; Jumlah Hari Hujan di Kabupaten Barru; Jumlah Sarana Perdagangan di Kabupaten barru; Persentase Jumlah Penduduk Menurut Jenjang Pendidikan Tertinggi Yang Di Tamatkan Di Kabupaten Barru; Jumlah Surat Nikah yang Diterbitkan Menurut Kecamatan",/2/MjEwIzI=/jumlah-balita-yang-pernah-mendapat-imunisasi-menurut-kecamatan-dan-jenis-imunisasi-di-kabupaten-barru.html; /2/MTQ3IzI=/jumlah-wisatawan-yang-berkunjung-menurut--objek-wisata-di-kabupaten-barru.html; /2/MTc5IzI=/jumlah-hotel--kamar-dan-tempat-tidur-yang-tersedia-di-kabupaten-barru.html; /2/NDIjMg==/jumlah-hari-hujan-di-kabupaten-barru.html; /2/MTg0IzI=/jumlah-sarana-perdagangan-di-kabupaten-barru.html; /2/NDMjMg==/persentase-jumlah-penduduk-menurut-jenjang-pendidikan-tertinggi-yang-di-tamatkan-di-kabupaten-barru.html; /2/MjA0IzI=/jumlah-surat-nikah-yang-diterbitkan-menurut-kecamatan.html,4.0,0,Tidak ada
120,2020,Soppeng Riaja,16.0,Data Tersedia,2024-04-23 02:00:02,Jumlah Perusahaan yang mendapat surat ijin usaha di Kabupaten Barru,536.0,Harga-Harga,186.0,,MjEwIzI=; MTQ3IzI=; MTc5IzI=; NDIjMg==; MTg0IzI=; NDMjMg==; MjA0IzI=,"Jumlah Balita yang Pernah Mendapat Imunisasi Menurut Kecamatan dan Jenis Imunisasi di Kabupaten Barru; Jumlah Wisatawan yang Berkunjung Menurut  Objek Wisata di Kabupaten Barru; Jumlah Hotel, Kamar dan Tempat Tidur yang Tersedia di Kabupaten Barru; Jumlah Hari Hujan di Kabupaten Barru; Jumlah Sarana Perdagangan di Kabupaten barru; Persentase Jumlah Penduduk Menurut Jenjang Pendidikan Tertinggi Yang Di Tamatkan Di Kabupaten Barru; Jumlah Surat Nikah yang Diterbitkan Menurut Kecamatan",/2/MjEwIzI=/jumlah-balita-yang-pernah-mendapat-imunisasi-menurut-kecamatan-dan-jenis-imunisasi-di-kabupaten-barru.html; /2/MTQ3IzI=/jumlah-wisatawan-yang-berkunjung-menurut--objek-wisata-di-kabupaten-barru.html; /2/MTc5IzI=/jumlah-hotel--kamar-dan-tempat-tidur-yang-tersedia-di-kabupaten-barru.html; /2/NDIjMg==/jumlah-hari-hujan-di-kabupaten-barru.html; /2/MTg0IzI=/jumlah-sarana-perdagangan-di-kabupaten-barru.html; /2/NDMjMg==/persentase-jumlah-penduduk-menurut-jenjang-pendidikan-tertinggi-yang-di-tamatkan-di-kabupaten-barru.html; /2/MjA0IzI=/jumlah-surat-nikah-yang-diterbitkan-menurut-kecamatan.html,5.0,0,Tidak ada
120,2020,Balusu,29.0,Data Tersedia,2024-04-23 02:00:02,Jumlah Perusahaan yang mendapat surat ijin usaha di Kabupaten Barru,536.0,Harga-Harga,186.0,,MjEwIzI=; MTQ3IzI=; MTc5IzI=; NDIjMg==; MTg0IzI=; NDMjMg==; MjA0IzI=,"Jumlah Balita yang Pernah Mendapat Imunisasi Menurut Kecamatan dan Jenis Imunisasi di Kabupaten Barru; Jumlah Wisatawan yang Berkunjung Menurut  Objek Wisata di Kabupaten Barru; Jumlah Hotel, Kamar dan Tempat Tidur yang Tersedia di Kabupaten Barru; Jumlah Hari Hujan di Kabupaten Barru; Jumlah Sarana Perdagangan di Kabupaten barru; Persentase Jumlah Penduduk Menurut Jenjang Pendidikan Tertinggi Yang Di Tamatkan Di Kabupaten Barru; Jumlah Surat Nikah yang Diterbitkan Menurut Kecamatan",/2/MjEwIzI=/jumlah-balita-yang-pernah-mendapat-imunisasi-menurut-kecamatan-dan-jenis-imunisasi-di-kabupaten-barru.html; /2/MTQ3IzI=/jumlah-wisatawan-yang-berkunjung-menurut--objek-wisata-di-kabupaten-barru.html; /2/MTc5IzI=/jumlah-hotel--kamar-dan-tempat-tidur-yang-tersedia-di-kabupaten-barru.html; /2/NDIjMg==/jumlah-hari-hujan-di-kabupaten-barru.html; /2/MTg0IzI=/jumlah-sarana-perdagangan-di-kabupaten-barru.html; /2/NDMjMg==/persentase-jumlah-penduduk-menurut-jenjang-pendidikan-tertinggi-yang-di-tamatkan-di-kabupaten-barru.html; /2/MjA0IzI=/jumlah-surat-nikah-yang-diterbitkan-menurut-kecamatan.html,6.0,0,Tidak ada
120,2020,Mallusetasi,19.0,Data Tersedia,2024-04-23 02:00:02,Jumlah Perusahaan yang mendapat surat ijin usaha di Kabupaten Barru,536.0,Harga-Harga,186.0,,MjEwIzI=; MTQ3IzI=; MTc5IzI=; NDIjMg==; MTg0IzI=; NDMjMg==; MjA0IzI=,"Jumlah Balita yang Pernah Mendapat Imunisasi Menurut Kecamatan dan Jenis Imunisasi di Kabupaten Barru; Jumlah Wisatawan yang Berkunjung Menurut  Objek Wisata di Kabupaten Barru; Jumlah Hotel, Kamar dan Tempat Tidur yang Tersedia di Kabupaten Barru; Jumlah Hari Hujan di Kabupaten Barru; Jumlah Sarana Perdagangan di Kabupaten barru; Persentase Jumlah Penduduk Menurut Jenjang Pendidikan Tertinggi Yang Di Tamatkan Di Kabupaten Barru; Jumlah Surat Nikah yang Diterbitkan Menurut Kecamatan",/2/MjEwIzI=/jumlah-balita-yang-pernah-mendapat-imunisasi-menurut-kecamatan-dan-jenis-imunisasi-di-kabupaten-barru.html; /2/MTQ3IzI=/jumlah-wisatawan-yang-berkunjung-menurut--objek-wisata-di-kabupaten-barru.html; /2/MTc5IzI=/jumlah-hotel--kamar-dan-tempat-tidur-yang-tersedia-di-kabupaten-barru.html; /2/NDIjMg==/jumlah-hari-hujan-di-kabupaten-barru.html; /2/MTg0IzI=/jumlah-sarana-perdagangan-di-kabupaten-barru.html; /2/NDMjMg==/persentase-jumlah-penduduk-menurut-jenjang-pendidikan-tertinggi-yang-di-tamatkan-di-kabupaten-barru.html; /2/MjA0IzI=/jumlah-surat-nikah-yang-diterbitkan-menurut-kecamatan.html,7.0,0,Tidak ada
120,2020,Kabupaten Barru,207.0,Data Tersedia,2024-04-23 02:00:02,Jumlah Perusahaan yang mendapat surat ijin usaha di Kabupaten Barru,536.0,Harga-Harga,186.0,,MjEwIzI=; MTQ3IzI=; MTc5IzI=; NDIjMg==; MTg0IzI=; NDMjMg==; MjA0IzI=,"Jumlah Balita yang Pernah Mendapat Imunisasi Menurut Kecamatan dan Jenis Imunisasi di Kabupaten Barru; Jumlah Wisatawan yang Berkunjung Menurut  Objek Wisata di Kabupaten Barru; Jumlah Hotel, Kamar dan Tempat Tidur yang Tersedia di Kabupaten Barru; Jumlah Hari Hujan di Kabupaten Barru; Jumlah Sarana Perdagangan di Kabupaten barru; Persentase Jumlah Penduduk Menurut Jenjang Pendidikan Tertinggi Yang Di Tamatkan Di Kabupaten Barru; Jumlah Surat Nikah yang Diterbitkan Menurut Kecamatan",/2/MjEwIzI=/jumlah-balita-yang-pernah-mendapat-imunisasi-menurut-kecamatan-dan-jenis-imunisasi-di-kabupaten-barru.html; /2/MTQ3IzI=/jumlah-wisatawan-yang-berkunjung-menurut--objek-wisata-di-kabupaten-barru.html; /2/MTc5IzI=/jumlah-hotel--kamar-dan-tempat-tidur-yang-tersedia-di-kabupaten-barru.html; /2/NDIjMg==/jumlah-hari-hujan-di-kabupaten-barru.html; /2/MTg0IzI=/jumlah-sarana-perdagangan-di-kabupaten-barru.html; /2/NDMjMg==/persentase-jumlah-penduduk-menurut-jenjang-pendidikan-tertinggi-yang-di-tamatkan-di-kabupaten-barru.html; /2/MjA0IzI=/jumlah-surat-nikah-yang-diterbitkan-menurut-kecamatan.html,8.0,0,Tidak ada
121,2021,Tanete Riaja,60.0,Data Tersedia,2024-04-23 02:00:02,Jumlah Perusahaan yang mendapat surat ijin usaha di Kabupaten Barru,536.0,Harga-Harga,186.0,,MjEwIzI=; MTQ3IzI=; MTc5IzI=; NDIjMg==; MTg0IzI=; NDMjMg==; MjA0IzI=,"Jumlah Balita yang Pernah Mendapat Imunisasi Menurut Kecamatan dan Jenis Imunisasi di Kabupaten Barru; Jumlah Wisatawan yang Berkunjung Menurut  Objek Wisata di Kabupaten Barru; Jumlah Hotel, Kamar dan Tempat Tidur yang Tersedia di Kabupaten Barru; Jumlah Hari Hujan di Kabupaten Barru; Jumlah Sarana Perdagangan di Kabupaten barru; Persentase Jumlah Penduduk Menurut Jenjang Pendidikan Tertinggi Yang Di Tamatkan Di Kabupaten Barru; Jumlah Surat Nikah yang Diterbitkan Menurut Kecamatan",/2/MjEwIzI=/jumlah-balita-yang-pernah-mendapat-imunisasi-menurut-kecamatan-dan-jenis-imunisasi-di-kabupaten-barru.html; /2/MTQ3IzI=/jumlah-wisatawan-yang-berkunjung-menurut--objek-wisata-di-kabupaten-barru.html; /2/MTc5IzI=/jumlah-hotel--kamar-dan-tempat-tidur-yang-tersedia-di-kabupaten-barru.html; /2/NDIjMg==/jumlah-hari-hujan-di-kabupaten-barru.html; /2/MTg0IzI=/jumlah-sarana-perdagangan-di-kabupaten-barru.html; /2/NDMjMg==/persentase-jumlah-penduduk-menurut-jenjang-pendidikan-tertinggi-yang-di-tamatkan-di-kabupaten-barru.html; /2/MjA0IzI=/jumlah-surat-nikah-yang-diterbitkan-menurut-kecamatan.html,1.0,0,Tidak ada
121,2021,Pujananting,62.0,Data Tersedia,2024-04-23 02:00:02,Jumlah Perusahaan yang mendapat surat ijin usaha di Kabupaten Barru,536.0,Harga-Harga,186.0,,MjEwIzI=; MTQ3IzI=; MTc5IzI=; NDIjMg==; MTg0IzI=; NDMjMg==; MjA0IzI=,"Jumlah Balita yang Pernah Mendapat Imunisasi Menurut Kecamatan dan Jenis Imunisasi di Kabupaten Barru; Jumlah Wisatawan yang Berkunjung Menurut  Objek Wisata di Kabupaten Barru; Jumlah Hotel, Kamar dan Tempat Tidur yang Tersedia di Kabupaten Barru; Jumlah Hari Hujan di Kabupaten Barru; Jumlah Sarana Perdagangan di Kabupaten barru; Persentase Jumlah Penduduk Menurut Jenjang Pendidikan Tertinggi Yang Di Tamatkan Di Kabupaten Barru; Jumlah Surat Nikah yang Diterbitkan Menurut Kecamatan",/2/MjEwIzI=/jumlah-balita-yang-pernah-mendapat-imunisasi-menurut-kecamatan-dan-jenis-imunisasi-di-kabupaten-barru.html; /2/MTQ3IzI=/jumlah-wisatawan-yang-berkunjung-menurut--objek-wisata-di-kabupaten-barru.html; /2/MTc5IzI=/jumlah-hotel--kamar-dan-tempat-tidur-yang-tersedia-di-kabupaten-barru.html; /2/NDIjMg==/jumlah-hari-hujan-di-kabupaten-barru.html; /2/MTg0IzI=/jumlah-sarana-perdagangan-di-kabupaten-barru.html; /2/NDMjMg==/persentase-jumlah-penduduk-menurut-jenjang-pendidikan-tertinggi-yang-di-tamatkan-di-kabupaten-barru.html; /2/MjA0IzI=/jumlah-surat-nikah-yang-diterbitkan-menurut-kecamatan.html,2.0,0,Tidak ada
121,2021,Tanete Rilau,159.0,Data Tersedia,2024-04-23 02:00:02,Jumlah Perusahaan yang mendapat surat ijin usaha di Kabupaten Barru,536.0,Harga-Harga,186.0,,MjEwIzI=; MTQ3IzI=; MTc5IzI=; NDIjMg==; MTg0IzI=; NDMjMg==; MjA0IzI=,"Jumlah Balita yang Pernah Mendapat Imunisasi Menurut Kecamatan dan Jenis Imunisasi di Kabupaten Barru; Jumlah Wisatawan yang Berkunjung Menurut  Objek Wisata di Kabupaten Barru; Jumlah Hotel, Kamar dan Tempat Tidur yang Tersedia di Kabupaten Barru; Jumlah Hari Hujan di Kabupaten Barru; Jumlah Sarana Perdagangan di Kabupaten barru; Persentase Jumlah Penduduk Menurut Jenjang Pendidikan Tertinggi Yang Di Tamatkan Di Kabupaten Barru; Jumlah Surat Nikah yang Diterbitkan Menurut Kecamatan",/2/MjEwIzI=/jumlah-balita-yang-pernah-mendapat-imunisasi-menurut-kecamatan-dan-jenis-imunisasi-di-kabupaten-barru.html; /2/MTQ3IzI=/jumlah-wisatawan-yang-berkunjung-menurut--objek-wisata-di-kabupaten-barru.html; /2/MTc5IzI=/jumlah-hotel--kamar-dan-tempat-tidur-yang-tersedia-di-kabupaten-barru.html; /2/NDIjMg==/jumlah-hari-hujan-di-kabupaten-barru.html; /2/MTg0IzI=/jumlah-sarana-perdagangan-di-kabupaten-barru.html; /2/NDMjMg==/persentase-jumlah-penduduk-menurut-jenjang-pendidikan-tertinggi-yang-di-tamatkan-di-kabupaten-barru.html; /2/MjA0IzI=/jumlah-surat-nikah-yang-diterbitkan-menurut-kecamatan.html,3.0,0,Tidak ada
121,2021,Barru,216.0,Data Tersedia,2024-04-23 02:00:02,Jumlah Perusahaan yang mendapat surat ijin usaha di Kabupaten Barru,536.0,Harga-Harga,186.0,,MjEwIzI=; MTQ3IzI=; MTc5IzI=; NDIjMg==; MTg0IzI=; NDMjMg==; MjA0IzI=,"Jumlah Balita yang Pernah Mendapat Imunisasi Menurut Kecamatan dan Jenis Imunisasi di Kabupaten Barru; Jumlah Wisatawan yang Berkunjung Menurut  Objek Wisata di Kabupaten Barru; Jumlah Hotel, Kamar dan Tempat Tidur yang Tersedia di Kabupaten Barru; Jumlah Hari Hujan di Kabupaten Barru; Jumlah Sarana Perdagangan di Kabupaten barru; Persentase Jumlah Penduduk Menurut Jenjang Pendidikan Tertinggi Yang Di Tamatkan Di Kabupaten Barru; Jumlah Surat Nikah yang Diterbitkan Menurut Kecamatan",/2/MjEwIzI=/jumlah-balita-yang-pernah-mendapat-imunisasi-menurut-kecamatan-dan-jenis-imunisasi-di-kabupaten-barru.html; /2/MTQ3IzI=/jumlah-wisatawan-yang-berkunjung-menurut--objek-wisata-di-kabupaten-barru.html; /2/MTc5IzI=/jumlah-hotel--kamar-dan-tempat-tidur-yang-tersedia-di-kabupaten-barru.html; /2/NDIjMg==/jumlah-hari-hujan-di-kabupaten-barru.html; /2/MTg0IzI=/jumlah-sarana-perdagangan-di-kabupaten-barru.html; /2/NDMjMg==/persentase-jumlah-penduduk-menurut-jenjang-pendidikan-tertinggi-yang-di-tamatkan-di-kabupaten-barru.html; /2/MjA0IzI=/jumlah-surat-nikah-yang-diterbitkan-menurut-kecamatan.html,4.0,0,Tidak ada
121,2021,Soppeng Riaja,89.0,Data Tersedia,2024-04-23 02:00:02,Jumlah Perusahaan yang mendapat surat ijin usaha di Kabupaten Barru,536.0,Harga-Harga,186.0,,MjEwIzI=; MTQ3IzI=; MTc5IzI=; NDIjMg==; MTg0IzI=; NDMjMg==; MjA0IzI=,"Jumlah Balita yang Pernah Mendapat Imunisasi Menurut Kecamatan dan Jenis Imunisasi di Kabupaten Barru; Jumlah Wisatawan yang Berkunjung Menurut  Objek Wisata di Kabupaten Barru; Jumlah Hotel, Kamar dan Tempat Tidur yang Tersedia di Kabupaten Barru; Jumlah Hari Hujan di Kabupaten Barru; Jumlah Sarana Perdagangan di Kabupaten barru; Persentase Jumlah Penduduk Menurut Jenjang Pendidikan Tertinggi Yang Di Tamatkan Di Kabupaten Barru; Jumlah Surat Nikah yang Diterbitkan Menurut Kecamatan",/2/MjEwIzI=/jumlah-balita-yang-pernah-mendapat-imunisasi-menurut-kecamatan-dan-jenis-imunisasi-di-kabupaten-barru.html; /2/MTQ3IzI=/jumlah-wisatawan-yang-berkunjung-menurut--objek-wisata-di-kabupaten-barru.html; /2/MTc5IzI=/jumlah-hotel--kamar-dan-tempat-tidur-yang-tersedia-di-kabupaten-barru.html; /2/NDIjMg==/jumlah-hari-hujan-di-kabupaten-barru.html; /2/MTg0IzI=/jumlah-sarana-perdagangan-di-kabupaten-barru.html; /2/NDMjMg==/persentase-jumlah-penduduk-menurut-jenjang-pendidikan-tertinggi-yang-di-tamatkan-di-kabupaten-barru.html; /2/MjA0IzI=/jumlah-surat-nikah-yang-diterbitkan-menurut-kecamatan.html,5.0,0,Tidak ada
121,2021,Balusu,114.0,Data Tersedia,2024-04-23 02:00:02,Jumlah Perusahaan yang mendapat surat ijin usaha di Kabupaten Barru,536.0,Harga-Harga,186.0,,MjEwIzI=; MTQ3IzI=; MTc5IzI=; NDIjMg==; MTg0IzI=; NDMjMg==; MjA0IzI=,"Jumlah Balita yang Pernah Mendapat Imunisasi Menurut Kecamatan dan Jenis Imunisasi di Kabupaten Barru; Jumlah Wisatawan yang Berkunjung Menurut  Objek Wisata di Kabupaten Barru; Jumlah Hotel, Kamar dan Tempat Tidur yang Tersedia di Kabupaten Barru; Jumlah Hari Hujan di Kabupaten Barru; Jumlah Sarana Perdagangan di Kabupaten barru; Persentase Jumlah Penduduk Menurut Jenjang Pendidikan Tertinggi Yang Di Tamatkan Di Kabupaten Barru; Jumlah Surat Nikah yang Diterbitkan Menurut Kecamatan",/2/MjEwIzI=/jumlah-balita-yang-pernah-mendapat-imunisasi-menurut-kecamatan-dan-jenis-imunisasi-di-kabupaten-barru.html; /2/MTQ3IzI=/jumlah-wisatawan-yang-berkunjung-menurut--objek-wisata-di-kabupaten-barru.html; /2/MTc5IzI=/jumlah-hotel--kamar-dan-tempat-tidur-yang-tersedia-di-kabupaten-barru.html; /2/NDIjMg==/jumlah-hari-hujan-di-kabupaten-barru.html; /2/MTg0IzI=/jumlah-sarana-perdagangan-di-kabupaten-barru.html; /2/NDMjMg==/persentase-jumlah-penduduk-menurut-jenjang-pendidikan-tertinggi-yang-di-tamatkan-di-kabupaten-barru.html; /2/MjA0IzI=/jumlah-surat-nikah-yang-diterbitkan-menurut-kecamatan.html,6.0,0,Tidak ada
121,2021,Mallusetasi,155.0,Data Tersedia,2024-04-23 02:00:02,Jumlah Perusahaan yang mendapat surat ijin usaha di Kabupaten Barru,536.0,Harga-Harga,186.0,,MjEwIzI=; MTQ3IzI=; MTc5IzI=; NDIjMg==; MTg0IzI=; NDMjMg==; MjA0IzI=,"Jumlah Balita yang Pernah Mendapat Imunisasi Menurut Kecamatan dan Jenis Imunisasi di Kabupaten Barru; Jumlah Wisatawan yang Berkunjung Menurut  Objek Wisata di Kabupaten Barru; Jumlah Hotel, Kamar dan Tempat Tidur yang Tersedia di Kabupaten Barru; Jumlah Hari Hujan di Kabupaten Barru; Jumlah Sarana Perdagangan di Kabupaten barru; Persentase Jumlah Penduduk Menurut Jenjang Pendidikan Tertinggi Yang Di Tamatkan Di Kabupaten Barru; Jumlah Surat Nikah yang Diterbitkan Menurut Kecamatan",/2/MjEwIzI=/jumlah-balita-yang-pernah-mendapat-imunisasi-menurut-kecamatan-dan-jenis-imunisasi-di-kabupaten-barru.html; /2/MTQ3IzI=/jumlah-wisatawan-yang-berkunjung-menurut--objek-wisata-di-kabupaten-barru.html; /2/MTc5IzI=/jumlah-hotel--kamar-dan-tempat-tidur-yang-tersedia-di-kabupaten-barru.html; /2/NDIjMg==/jumlah-hari-hujan-di-kabupaten-barru.html; /2/MTg0IzI=/jumlah-sarana-perdagangan-di-kabupaten-barru.html; /2/NDMjMg==/persentase-jumlah-penduduk-menurut-jenjang-pendidikan-tertinggi-yang-di-tamatkan-di-kabupaten-barru.html; /2/MjA0IzI=/jumlah-surat-nikah-yang-diterbitkan-menurut-kecamatan.html,7.0,0,Tidak ada
121,2021,Kabupaten Barru,855.0,Data Tersedia,2024-04-23 02:00:02,Jumlah Perusahaan yang mendapat surat ijin usaha di Kabupaten Barru,536.0,Harga-Harga,186.0,,MjEwIzI=; MTQ3IzI=; MTc5IzI=; NDIjMg==; MTg0IzI=; NDMjMg==; MjA0IzI=,"Jumlah Balita yang Pernah Mendapat Imunisasi Menurut Kecamatan dan Jenis Imunisasi di Kabupaten Barru; Jumlah Wisatawan yang Berkunjung Menurut  Objek Wisata di Kabupaten Barru; Jumlah Hotel, Kamar dan Tempat Tidur yang Tersedia di Kabupaten Barru; Jumlah Hari Hujan di Kabupaten Barru; Jumlah Sarana Perdagangan di Kabupaten barru; Persentase Jumlah Penduduk Menurut Jenjang Pendidikan Tertinggi Yang Di Tamatkan Di Kabupaten Barru; Jumlah Surat Nikah yang Diterbitkan Menurut Kecamatan",/2/MjEwIzI=/jumlah-balita-yang-pernah-mendapat-imunisasi-menurut-kecamatan-dan-jenis-imunisasi-di-kabupaten-barru.html; /2/MTQ3IzI=/jumlah-wisatawan-yang-berkunjung-menurut--objek-wisata-di-kabupaten-barru.html; /2/MTc5IzI=/jumlah-hotel--kamar-dan-tempat-tidur-yang-tersedia-di-kabupaten-barru.html; /2/NDIjMg==/jumlah-hari-hujan-di-kabupaten-barru.html; /2/MTg0IzI=/jumlah-sarana-perdagangan-di-kabupaten-barru.html; /2/NDMjMg==/persentase-jumlah-penduduk-menurut-jenjang-pendidikan-tertinggi-yang-di-tamatkan-di-kabupaten-barru.html; /2/MjA0IzI=/jumlah-surat-nikah-yang-diterbitkan-menurut-kecamatan.html,8.0,0,Tidak ada
122,2022,Tanete Riaja,13.0,Data Tersedia,2024-04-23 02:00:02,Jumlah Perusahaan yang mendapat surat ijin usaha di Kabupaten Barru,536.0,Harga-Harga,186.0,,MjEwIzI=; MTQ3IzI=; MTc5IzI=; NDIjMg==; MTg0IzI=; NDMjMg==; MjA0IzI=,"Jumlah Balita yang Pernah Mendapat Imunisasi Menurut Kecamatan dan Jenis Imunisasi di Kabupaten Barru; Jumlah Wisatawan yang Berkunjung Menurut  Objek Wisata di Kabupaten Barru; Jumlah Hotel, Kamar dan Tempat Tidur yang Tersedia di Kabupaten Barru; Jumlah Hari Hujan di Kabupaten Barru; Jumlah Sarana Perdagangan di Kabupaten barru; Persentase Jumlah Penduduk Menurut Jenjang Pendidikan Tertinggi Yang Di Tamatkan Di Kabupaten Barru; Jumlah Surat Nikah yang Diterbitkan Menurut Kecamatan",/2/MjEwIzI=/jumlah-balita-yang-pernah-mendapat-imunisasi-menurut-kecamatan-dan-jenis-imunisasi-di-kabupaten-barru.html; /2/MTQ3IzI=/jumlah-wisatawan-yang-berkunjung-menurut--objek-wisata-di-kabupaten-barru.html; /2/MTc5IzI=/jumlah-hotel--kamar-dan-tempat-tidur-yang-tersedia-di-kabupaten-barru.html; /2/NDIjMg==/jumlah-hari-hujan-di-kabupaten-barru.html; /2/MTg0IzI=/jumlah-sarana-perdagangan-di-kabupaten-barru.html; /2/NDMjMg==/persentase-jumlah-penduduk-menurut-jenjang-pendidikan-tertinggi-yang-di-tamatkan-di-kabupaten-barru.html; /2/MjA0IzI=/jumlah-surat-nikah-yang-diterbitkan-menurut-kecamatan.html,1.0,0,Tidak ada
122,2022,Pujananting,8.0,Data Tersedia,2024-04-23 02:00:02,Jumlah Perusahaan yang mendapat surat ijin usaha di Kabupaten Barru,536.0,Harga-Harga,186.0,,MjEwIzI=; MTQ3IzI=; MTc5IzI=; NDIjMg==; MTg0IzI=; NDMjMg==; MjA0IzI=,"Jumlah Balita yang Pernah Mendapat Imunisasi Menurut Kecamatan dan Jenis Imunisasi di Kabupaten Barru; Jumlah Wisatawan yang Berkunjung Menurut  Objek Wisata di Kabupaten Barru; Jumlah Hotel, Kamar dan Tempat Tidur yang Tersedia di Kabupaten Barru; Jumlah Hari Hujan di Kabupaten Barru; Jumlah Sarana Perdagangan di Kabupaten barru; Persentase Jumlah Penduduk Menurut Jenjang Pendidikan Tertinggi Yang Di Tamatkan Di Kabupaten Barru; Jumlah Surat Nikah yang Diterbitkan Menurut Kecamatan",/2/MjEwIzI=/jumlah-balita-yang-pernah-mendapat-imunisasi-menurut-kecamatan-dan-jenis-imunisasi-di-kabupaten-barru.html; /2/MTQ3IzI=/jumlah-wisatawan-yang-berkunjung-menurut--objek-wisata-di-kabupaten-barru.html; /2/MTc5IzI=/jumlah-hotel--kamar-dan-tempat-tidur-yang-tersedia-di-kabupaten-barru.html; /2/NDIjMg==/jumlah-hari-hujan-di-kabupaten-barru.html; /2/MTg0IzI=/jumlah-sarana-perdagangan-di-kabupaten-barru.html; /2/NDMjMg==/persentase-jumlah-penduduk-menurut-jenjang-pendidikan-tertinggi-yang-di-tamatkan-di-kabupaten-barru.html; /2/MjA0IzI=/jumlah-surat-nikah-yang-diterbitkan-menurut-kecamatan.html,2.0,0,Tidak ada
122,2022,Tanete Rilau,24.0,Data Tersedia,2024-04-23 02:00:02,Jumlah Perusahaan yang mendapat surat ijin usaha di Kabupaten Barru,536.0,Harga-Harga,186.0,,MjEwIzI=; MTQ3IzI=; MTc5IzI=; NDIjMg==; MTg0IzI=; NDMjMg==; MjA0IzI=,"Jumlah Balita yang Pernah Mendapat Imunisasi Menurut Kecamatan dan Jenis Imunisasi di Kabupaten Barru; Jumlah Wisatawan yang Berkunjung Menurut  Objek Wisata di Kabupaten Barru; Jumlah Hotel, Kamar dan Tempat Tidur yang Tersedia di Kabupaten Barru; Jumlah Hari Hujan di Kabupaten Barru; Jumlah Sarana Perdagangan di Kabupaten barru; Persentase Jumlah Penduduk Menurut Jenjang Pendidikan Tertinggi Yang Di Tamatkan Di Kabupaten Barru; Jumlah Surat Nikah yang Diterbitkan Menurut Kecamatan",/2/MjEwIzI=/jumlah-balita-yang-pernah-mendapat-imunisasi-menurut-kecamatan-dan-jenis-imunisasi-di-kabupaten-barru.html; /2/MTQ3IzI=/jumlah-wisatawan-yang-berkunjung-menurut--objek-wisata-di-kabupaten-barru.html; /2/MTc5IzI=/jumlah-hotel--kamar-dan-tempat-tidur-yang-tersedia-di-kabupaten-barru.html; /2/NDIjMg==/jumlah-hari-hujan-di-kabupaten-barru.html; /2/MTg0IzI=/jumlah-sarana-perdagangan-di-kabupaten-barru.html; /2/NDMjMg==/persentase-jumlah-penduduk-menurut-jenjang-pendidikan-tertinggi-yang-di-tamatkan-di-kabupaten-barru.html; /2/MjA0IzI=/jumlah-surat-nikah-yang-diterbitkan-menurut-kecamatan.html,3.0,0,Tidak ada
122,2022,Barru,83.0,Data Tersedia,2024-04-23 02:00:02,Jumlah Perusahaan yang mendapat surat ijin usaha di Kabupaten Barru,536.0,Harga-Harga,186.0,,MjEwIzI=; MTQ3IzI=; MTc5IzI=; NDIjMg==; MTg0IzI=; NDMjMg==; MjA0IzI=,"Jumlah Balita yang Pernah Mendapat Imunisasi Menurut Kecamatan dan Jenis Imunisasi di Kabupaten Barru; Jumlah Wisatawan yang Berkunjung Menurut  Objek Wisata di Kabupaten Barru; Jumlah Hotel, Kamar dan Tempat Tidur yang Tersedia di Kabupaten Barru; Jumlah Hari Hujan di Kabupaten Barru; Jumlah Sarana Perdagangan di Kabupaten barru; Persentase Jumlah Penduduk Menurut Jenjang Pendidikan Tertinggi Yang Di Tamatkan Di Kabupaten Barru; Jumlah Surat Nikah yang Diterbitkan Menurut Kecamatan",/2/MjEwIzI=/jumlah-balita-yang-pernah-mendapat-imunisasi-menurut-kecamatan-dan-jenis-imunisasi-di-kabupaten-barru.html; /2/MTQ3IzI=/jumlah-wisatawan-yang-berkunjung-menurut--objek-wisata-di-kabupaten-barru.html; /2/MTc5IzI=/jumlah-hotel--kamar-dan-tempat-tidur-yang-tersedia-di-kabupaten-barru.html; /2/NDIjMg==/jumlah-hari-hujan-di-kabupaten-barru.html; /2/MTg0IzI=/jumlah-sarana-perdagangan-di-kabupaten-barru.html; /2/NDMjMg==/persentase-jumlah-penduduk-menurut-jenjang-pendidikan-tertinggi-yang-di-tamatkan-di-kabupaten-barru.html; /2/MjA0IzI=/jumlah-surat-nikah-yang-diterbitkan-menurut-kecamatan.html,4.0,0,Tidak ada
122,2022,Soppeng Riaja,14.0,Data Tersedia,2024-04-23 02:00:02,Jumlah Perusahaan yang mendapat surat ijin usaha di Kabupaten Barru,536.0,Harga-Harga,186.0,,MjEwIzI=; MTQ3IzI=; MTc5IzI=; NDIjMg==; MTg0IzI=; NDMjMg==; MjA0IzI=,"Jumlah Balita yang Pernah Mendapat Imunisasi Menurut Kecamatan dan Jenis Imunisasi di Kabupaten Barru; Jumlah Wisatawan yang Berkunjung Menurut  Objek Wisata di Kabupaten Barru; Jumlah Hotel, Kamar dan Tempat Tidur yang Tersedia di Kabupaten Barru; Jumlah Hari Hujan di Kabupaten Barru; Jumlah Sarana Perdagangan di Kabupaten barru; Persentase Jumlah Penduduk Menurut Jenjang Pendidikan Tertinggi Yang Di Tamatkan Di Kabupaten Barru; Jumlah Surat Nikah yang Diterbitkan Menurut Kecamatan",/2/MjEwIzI=/jumlah-balita-yang-pernah-mendapat-imunisasi-menurut-kecamatan-dan-jenis-imunisasi-di-kabupaten-barru.html; /2/MTQ3IzI=/jumlah-wisatawan-yang-berkunjung-menurut--objek-wisata-di-kabupaten-barru.html; /2/MTc5IzI=/jumlah-hotel--kamar-dan-tempat-tidur-yang-tersedia-di-kabupaten-barru.html; /2/NDIjMg==/jumlah-hari-hujan-di-kabupaten-barru.html; /2/MTg0IzI=/jumlah-sarana-perdagangan-di-kabupaten-barru.html; /2/NDMjMg==/persentase-jumlah-penduduk-menurut-jenjang-pendidikan-tertinggi-yang-di-tamatkan-di-kabupaten-barru.html; /2/MjA0IzI=/jumlah-surat-nikah-yang-diterbitkan-menurut-kecamatan.html,5.0,0,Tidak ada
122,2022,Balusu,18.0,Data Tersedia,2024-04-23 02:00:02,Jumlah Perusahaan yang mendapat surat ijin usaha di Kabupaten Barru,536.0,Harga-Harga,186.0,,MjEwIzI=; MTQ3IzI=; MTc5IzI=; NDIjMg==; MTg0IzI=; NDMjMg==; MjA0IzI=,"Jumlah Balita yang Pernah Mendapat Imunisasi Menurut Kecamatan dan Jenis Imunisasi di Kabupaten Barru; Jumlah Wisatawan yang Berkunjung Menurut  Objek Wisata di Kabupaten Barru; Jumlah Hotel, Kamar dan Tempat Tidur yang Tersedia di Kabupaten Barru; Jumlah Hari Hujan di Kabupaten Barru; Jumlah Sarana Perdagangan di Kabupaten barru; Persentase Jumlah Penduduk Menurut Jenjang Pendidikan Tertinggi Yang Di Tamatkan Di Kabupaten Barru; Jumlah Surat Nikah yang Diterbitkan Menurut Kecamatan",/2/MjEwIzI=/jumlah-balita-yang-pernah-mendapat-imunisasi-menurut-kecamatan-dan-jenis-imunisasi-di-kabupaten-barru.html; /2/MTQ3IzI=/jumlah-wisatawan-yang-berkunjung-menurut--objek-wisata-di-kabupaten-barru.html; /2/MTc5IzI=/jumlah-hotel--kamar-dan-tempat-tidur-yang-tersedia-di-kabupaten-barru.html; /2/NDIjMg==/jumlah-hari-hujan-di-kabupaten-barru.html; /2/MTg0IzI=/jumlah-sarana-perdagangan-di-kabupaten-barru.html; /2/NDMjMg==/persentase-jumlah-penduduk-menurut-jenjang-pendidikan-tertinggi-yang-di-tamatkan-di-kabupaten-barru.html; /2/MjA0IzI=/jumlah-surat-nikah-yang-diterbitkan-menurut-kecamatan.html,6.0,0,Tidak ada
122,2022,Mallusetasi,30.0,Data Tersedia,2024-04-23 02:00:02,Jumlah Perusahaan yang mendapat surat ijin usaha di Kabupaten Barru,536.0,Harga-Harga,186.0,,MjEwIzI=; MTQ3IzI=; MTc5IzI=; NDIjMg==; MTg0IzI=; NDMjMg==; MjA0IzI=,"Jumlah Balita yang Pernah Mendapat Imunisasi Menurut Kecamatan dan Jenis Imunisasi di Kabupaten Barru; Jumlah Wisatawan yang Berkunjung Menurut  Objek Wisata di Kabupaten Barru; Jumlah Hotel, Kamar dan Tempat Tidur yang Tersedia di Kabupaten Barru; Jumlah Hari Hujan di Kabupaten Barru; Jumlah Sarana Perdagangan di Kabupaten barru; Persentase Jumlah Penduduk Menurut Jenjang Pendidikan Tertinggi Yang Di Tamatkan Di Kabupaten Barru; Jumlah Surat Nikah yang Diterbitkan Menurut Kecamatan",/2/MjEwIzI=/jumlah-balita-yang-pernah-mendapat-imunisasi-menurut-kecamatan-dan-jenis-imunisasi-di-kabupaten-barru.html; /2/MTQ3IzI=/jumlah-wisatawan-yang-berkunjung-menurut--objek-wisata-di-kabupaten-barru.html; /2/MTc5IzI=/jumlah-hotel--kamar-dan-tempat-tidur-yang-tersedia-di-kabupaten-barru.html; /2/NDIjMg==/jumlah-hari-hujan-di-kabupaten-barru.html; /2/MTg0IzI=/jumlah-sarana-perdagangan-di-kabupaten-barru.html; /2/NDMjMg==/persentase-jumlah-penduduk-menurut-jenjang-pendidikan-tertinggi-yang-di-tamatkan-di-kabupaten-barru.html; /2/MjA0IzI=/jumlah-surat-nikah-yang-diterbitkan-menurut-kecamatan.html,7.0,0,Tidak ada
122,2022,Kabupaten Barru,190.0,Data Tersedia,2024-04-23 02:00:02,Jumlah Perusahaan yang mendapat surat ijin usaha di Kabupaten Barru,536.0,Harga-Harga,186.0,,MjEwIzI=; MTQ3IzI=; MTc5IzI=; NDIjMg==; MTg0IzI=; NDMjMg==; MjA0IzI=,"Jumlah Balita yang Pernah Mendapat Imunisasi Menurut Kecamatan dan Jenis Imunisasi di Kabupaten Barru; Jumlah Wisatawan yang Berkunjung Menurut  Objek Wisata di Kabupaten Barru; Jumlah Hotel, Kamar dan Tempat Tidur yang Tersedia di Kabupaten Barru; Jumlah Hari Hujan di Kabupaten Barru; Jumlah Sarana Perdagangan di Kabupaten barru; Persentase Jumlah Penduduk Menurut Jenjang Pendidikan Tertinggi Yang Di Tamatkan Di Kabupaten Barru; Jumlah Surat Nikah yang Diterbitkan Menurut Kecamatan",/2/MjEwIzI=/jumlah-balita-yang-pernah-mendapat-imunisasi-menurut-kecamatan-dan-jenis-imunisasi-di-kabupaten-barru.html; /2/MTQ3IzI=/jumlah-wisatawan-yang-berkunjung-menurut--objek-wisata-di-kabupaten-barru.html; /2/MTc5IzI=/jumlah-hotel--kamar-dan-tempat-tidur-yang-tersedia-di-kabupaten-barru.html; /2/NDIjMg==/jumlah-hari-hujan-di-kabupaten-barru.html; /2/MTg0IzI=/jumlah-sarana-perdagangan-di-kabupaten-barru.html; /2/NDMjMg==/persentase-jumlah-penduduk-menurut-jenjang-pendidikan-tertinggi-yang-di-tamatkan-di-kabupaten-barru.html; /2/MjA0IzI=/jumlah-surat-nikah-yang-diterbitkan-menurut-kecamatan.html,8.0,0,Tidak ada
123,2023,Tanete Riaja,4.0,Data Tersedia,2024-04-23 02:00:02,Jumlah Perusahaan yang mendapat surat ijin usaha di Kabupaten Barru,536.0,Harga-Harga,186.0,,MjEwIzI=; MTQ3IzI=; MTc5IzI=; NDIjMg==; MTg0IzI=; NDMjMg==; MjA0IzI=,"Jumlah Balita yang Pernah Mendapat Imunisasi Menurut Kecamatan dan Jenis Imunisasi di Kabupaten Barru; Jumlah Wisatawan yang Berkunjung Menurut  Objek Wisata di Kabupaten Barru; Jumlah Hotel, Kamar dan Tempat Tidur yang Tersedia di Kabupaten Barru; Jumlah Hari Hujan di Kabupaten Barru; Jumlah Sarana Perdagangan di Kabupaten barru; Persentase Jumlah Penduduk Menurut Jenjang Pendidikan Tertinggi Yang Di Tamatkan Di Kabupaten Barru; Jumlah Surat Nikah yang Diterbitkan Menurut Kecamatan",/2/MjEwIzI=/jumlah-balita-yang-pernah-mendapat-imunisasi-menurut-kecamatan-dan-jenis-imunisasi-di-kabupaten-barru.html; /2/MTQ3IzI=/jumlah-wisatawan-yang-berkunjung-menurut--objek-wisata-di-kabupaten-barru.html; /2/MTc5IzI=/jumlah-hotel--kamar-dan-tempat-tidur-yang-tersedia-di-kabupaten-barru.html; /2/NDIjMg==/jumlah-hari-hujan-di-kabupaten-barru.html; /2/MTg0IzI=/jumlah-sarana-perdagangan-di-kabupaten-barru.html; /2/NDMjMg==/persentase-jumlah-penduduk-menurut-jenjang-pendidikan-tertinggi-yang-di-tamatkan-di-kabupaten-barru.html; /2/MjA0IzI=/jumlah-surat-nikah-yang-diterbitkan-menurut-kecamatan.html,1.0,0,Tidak ada
123,2023,Pujananting,1.0,Data Tersedia,2024-04-23 02:00:02,Jumlah Perusahaan yang mendapat surat ijin usaha di Kabupaten Barru,536.0,Harga-Harga,186.0,,MjEwIzI=; MTQ3IzI=; MTc5IzI=; NDIjMg==; MTg0IzI=; NDMjMg==; MjA0IzI=,"Jumlah Balita yang Pernah Mendapat Imunisasi Menurut Kecamatan dan Jenis Imunisasi di Kabupaten Barru; Jumlah Wisatawan yang Berkunjung Menurut  Objek Wisata di Kabupaten Barru; Jumlah Hotel, Kamar dan Tempat Tidur yang Tersedia di Kabupaten Barru; Jumlah Hari Hujan di Kabupaten Barru; Jumlah Sarana Perdagangan di Kabupaten barru; Persentase Jumlah Penduduk Menurut Jenjang Pendidikan Tertinggi Yang Di Tamatkan Di Kabupaten Barru; Jumlah Surat Nikah yang Diterbitkan Menurut Kecamatan",/2/MjEwIzI=/jumlah-balita-yang-pernah-mendapat-imunisasi-menurut-kecamatan-dan-jenis-imunisasi-di-kabupaten-barru.html; /2/MTQ3IzI=/jumlah-wisatawan-yang-berkunjung-menurut--objek-wisata-di-kabupaten-barru.html; /2/MTc5IzI=/jumlah-hotel--kamar-dan-tempat-tidur-yang-tersedia-di-kabupaten-barru.html; /2/NDIjMg==/jumlah-hari-hujan-di-kabupaten-barru.html; /2/MTg0IzI=/jumlah-sarana-perdagangan-di-kabupaten-barru.html; /2/NDMjMg==/persentase-jumlah-penduduk-menurut-jenjang-pendidikan-tertinggi-yang-di-tamatkan-di-kabupaten-barru.html; /2/MjA0IzI=/jumlah-surat-nikah-yang-diterbitkan-menurut-kecamatan.html,2.0,0,Tidak ada
123,2023,Tanete Rilau,19.0,Data Tersedia,2024-04-23 02:00:02,Jumlah Perusahaan yang mendapat surat ijin usaha di Kabupaten Barru,536.0,Harga-Harga,186.0,,MjEwIzI=; MTQ3IzI=; MTc5IzI=; NDIjMg==; MTg0IzI=; NDMjMg==; MjA0IzI=,"Jumlah Balita yang Pernah Mendapat Imunisasi Menurut Kecamatan dan Jenis Imunisasi di Kabupaten Barru; Jumlah Wisatawan yang Berkunjung Menurut  Objek Wisata di Kabupaten Barru; Jumlah Hotel, Kamar dan Tempat Tidur yang Tersedia di Kabupaten Barru; Jumlah Hari Hujan di Kabupaten Barru; Jumlah Sarana Perdagangan di Kabupaten barru; Persentase Jumlah Penduduk Menurut Jenjang Pendidikan Tertinggi Yang Di Tamatkan Di Kabupaten Barru; Jumlah Surat Nikah yang Diterbitkan Menurut Kecamatan",/2/MjEwIzI=/jumlah-balita-yang-pernah-mendapat-imunisasi-menurut-kecamatan-dan-jenis-imunisasi-di-kabupaten-barru.html; /2/MTQ3IzI=/jumlah-wisatawan-yang-berkunjung-menurut--objek-wisata-di-kabupaten-barru.html; /2/MTc5IzI=/jumlah-hotel--kamar-dan-tempat-tidur-yang-tersedia-di-kabupaten-barru.html; /2/NDIjMg==/jumlah-hari-hujan-di-kabupaten-barru.html; /2/MTg0IzI=/jumlah-sarana-perdagangan-di-kabupaten-barru.html; /2/NDMjMg==/persentase-jumlah-penduduk-menurut-jenjang-pendidikan-tertinggi-yang-di-tamatkan-di-kabupaten-barru.html; /2/MjA0IzI=/jumlah-surat-nikah-yang-diterbitkan-menurut-kecamatan.html,3.0,0,Tidak ada
123,2023,Barru,42.0,Data Tersedia,2024-04-23 02:00:02,Jumlah Perusahaan yang mendapat surat ijin usaha di Kabupaten Barru,536.0,Harga-Harga,186.0,,MjEwIzI=; MTQ3IzI=; MTc5IzI=; NDIjMg==; MTg0IzI=; NDMjMg==; MjA0IzI=,"Jumlah Balita yang Pernah Mendapat Imunisasi Menurut Kecamatan dan Jenis Imunisasi di Kabupaten Barru; Jumlah Wisatawan yang Berkunjung Menurut  Objek Wisata di Kabupaten Barru; Jumlah Hotel, Kamar dan Tempat Tidur yang Tersedia di Kabupaten Barru; Jumlah Hari Hujan di Kabupaten Barru; Jumlah Sarana Perdagangan di Kabupaten barru; Persentase Jumlah Penduduk Menurut Jenjang Pendidikan Tertinggi Yang Di Tamatkan Di Kabupaten Barru; Jumlah Surat Nikah yang Diterbitkan Menurut Kecamatan",/2/MjEwIzI=/jumlah-balita-yang-pernah-mendapat-imunisasi-menurut-kecamatan-dan-jenis-imunisasi-di-kabupaten-barru.html; /2/MTQ3IzI=/jumlah-wisatawan-yang-berkunjung-menurut--objek-wisata-di-kabupaten-barru.html; /2/MTc5IzI=/jumlah-hotel--kamar-dan-tempat-tidur-yang-tersedia-di-kabupaten-barru.html; /2/NDIjMg==/jumlah-hari-hujan-di-kabupaten-barru.html; /2/MTg0IzI=/jumlah-sarana-perdagangan-di-kabupaten-barru.html; /2/NDMjMg==/persentase-jumlah-penduduk-menurut-jenjang-pendidikan-tertinggi-yang-di-tamatkan-di-kabupaten-barru.html; /2/MjA0IzI=/jumlah-surat-nikah-yang-diterbitkan-menurut-kecamatan.html,4.0,0,Tidak ada
123,2023,Soppeng Riaja,8.0,Data Tersedia,2024-04-23 02:00:02,Jumlah Perusahaan yang mendapat surat ijin usaha di Kabupaten Barru,536.0,Harga-Harga,186.0,,MjEwIzI=; MTQ3IzI=; MTc5IzI=; NDIjMg==; MTg0IzI=; NDMjMg==; MjA0IzI=,"Jumlah Balita yang Pernah Mendapat Imunisasi Menurut Kecamatan dan Jenis Imunisasi di Kabupaten Barru; Jumlah Wisatawan yang Berkunjung Menurut  Objek Wisata di Kabupaten Barru; Jumlah Hotel, Kamar dan Tempat Tidur yang Tersedia di Kabupaten Barru; Jumlah Hari Hujan di Kabupaten Barru; Jumlah Sarana Perdagangan di Kabupaten barru; Persentase Jumlah Penduduk Menurut Jenjang Pendidikan Tertinggi Yang Di Tamatkan Di Kabupaten Barru; Jumlah Surat Nikah yang Diterbitkan Menurut Kecamatan",/2/MjEwIzI=/jumlah-balita-yang-pernah-mendapat-imunisasi-menurut-kecamatan-dan-jenis-imunisasi-di-kabupaten-barru.html; /2/MTQ3IzI=/jumlah-wisatawan-yang-berkunjung-menurut--objek-wisata-di-kabupaten-barru.html; /2/MTc5IzI=/jumlah-hotel--kamar-dan-tempat-tidur-yang-tersedia-di-kabupaten-barru.html; /2/NDIjMg==/jumlah-hari-hujan-di-kabupaten-barru.html; /2/MTg0IzI=/jumlah-sarana-perdagangan-di-kabupaten-barru.html; /2/NDMjMg==/persentase-jumlah-penduduk-menurut-jenjang-pendidikan-tertinggi-yang-di-tamatkan-di-kabupaten-barru.html; /2/MjA0IzI=/jumlah-surat-nikah-yang-diterbitkan-menurut-kecamatan.html,5.0,0,Tidak ada
123,2023,Balusu,8.0,Data Tersedia,2024-04-23 02:00:02,Jumlah Perusahaan yang mendapat surat ijin usaha di Kabupaten Barru,536.0,Harga-Harga,186.0,,MjEwIzI=; MTQ3IzI=; MTc5IzI=; NDIjMg==; MTg0IzI=; NDMjMg==; MjA0IzI=,"Jumlah Balita yang Pernah Mendapat Imunisasi Menurut Kecamatan dan Jenis Imunisasi di Kabupaten Barru; Jumlah Wisatawan yang Berkunjung Menurut  Objek Wisata di Kabupaten Barru; Jumlah Hotel, Kamar dan Tempat Tidur yang Tersedia di Kabupaten Barru; Jumlah Hari Hujan di Kabupaten Barru; Jumlah Sarana Perdagangan di Kabupaten barru; Persentase Jumlah Penduduk Menurut Jenjang Pendidikan Tertinggi Yang Di Tamatkan Di Kabupaten Barru; Jumlah Surat Nikah yang Diterbitkan Menurut Kecamatan",/2/MjEwIzI=/jumlah-balita-yang-pernah-mendapat-imunisasi-menurut-kecamatan-dan-jenis-imunisasi-di-kabupaten-barru.html; /2/MTQ3IzI=/jumlah-wisatawan-yang-berkunjung-menurut--objek-wisata-di-kabupaten-barru.html; /2/MTc5IzI=/jumlah-hotel--kamar-dan-tempat-tidur-yang-tersedia-di-kabupaten-barru.html; /2/NDIjMg==/jumlah-hari-hujan-di-kabupaten-barru.html; /2/MTg0IzI=/jumlah-sarana-perdagangan-di-kabupaten-barru.html; /2/NDMjMg==/persentase-jumlah-penduduk-menurut-jenjang-pendidikan-tertinggi-yang-di-tamatkan-di-kabupaten-barru.html; /2/MjA0IzI=/jumlah-surat-nikah-yang-diterbitkan-menurut-kecamatan.html,6.0,0,Tidak ada
123,2023,Mallusetasi,7.0,Data Tersedia,2024-04-23 02:00:02,Jumlah Perusahaan yang mendapat surat ijin usaha di Kabupaten Barru,536.0,Harga-Harga,186.0,,MjEwIzI=; MTQ3IzI=; MTc5IzI=; NDIjMg==; MTg0IzI=; NDMjMg==; MjA0IzI=,"Jumlah Balita yang Pernah Mendapat Imunisasi Menurut Kecamatan dan Jenis Imunisasi di Kabupaten Barru; Jumlah Wisatawan yang Berkunjung Menurut  Objek Wisata di Kabupaten Barru; Jumlah Hotel, Kamar dan Tempat Tidur yang Tersedia di Kabupaten Barru; Jumlah Hari Hujan di Kabupaten Barru; Jumlah Sarana Perdagangan di Kabupaten barru; Persentase Jumlah Penduduk Menurut Jenjang Pendidikan Tertinggi Yang Di Tamatkan Di Kabupaten Barru; Jumlah Surat Nikah yang Diterbitkan Menurut Kecamatan",/2/MjEwIzI=/jumlah-balita-yang-pernah-mendapat-imunisasi-menurut-kecamatan-dan-jenis-imunisasi-di-kabupaten-barru.html; /2/MTQ3IzI=/jumlah-wisatawan-yang-berkunjung-menurut--objek-wisata-di-kabupaten-barru.html; /2/MTc5IzI=/jumlah-hotel--kamar-dan-tempat-tidur-yang-tersedia-di-kabupaten-barru.html; /2/NDIjMg==/jumlah-hari-hujan-di-kabupaten-barru.html; /2/MTg0IzI=/jumlah-sarana-perdagangan-di-kabupaten-barru.html; /2/NDMjMg==/persentase-jumlah-penduduk-menurut-jenjang-pendidikan-tertinggi-yang-di-tamatkan-di-kabupaten-barru.html; /2/MjA0IzI=/jumlah-surat-nikah-yang-diterbitkan-menurut-kecamatan.html,7.0,0,Tidak ada
123,2023,Kabupaten Barru,89.0,Data Tersedia,2024-04-23 02:00:02,Jumlah Perusahaan yang mendapat surat ijin usaha di Kabupaten Barru,536.0,Harga-Harga,186.0,,MjEwIzI=; MTQ3IzI=; MTc5IzI=; NDIjMg==; MTg0IzI=; NDMjMg==; MjA0IzI=,"Jumlah Balita yang Pernah Mendapat Imunisasi Menurut Kecamatan dan Jenis Imunisasi di Kabupaten Barru; Jumlah Wisatawan yang Berkunjung Menurut  Objek Wisata di Kabupaten Barru; Jumlah Hotel, Kamar dan Tempat Tidur yang Tersedia di Kabupaten Barru; Jumlah Hari Hujan di Kabupaten Barru; Jumlah Sarana Perdagangan di Kabupaten barru; Persentase Jumlah Penduduk Menurut Jenjang Pendidikan Tertinggi Yang Di Tamatkan Di Kabupaten Barru; Jumlah Surat Nikah yang Diterbitkan Menurut Kecamatan",/2/MjEwIzI=/jumlah-balita-yang-pernah-mendapat-imunisasi-menurut-kecamatan-dan-jenis-imunisasi-di-kabupaten-barru.html; /2/MTQ3IzI=/jumlah-wisatawan-yang-berkunjung-menurut--objek-wisata-di-kabupaten-barru.html; /2/MTc5IzI=/jumlah-hotel--kamar-dan-tempat-tidur-yang-tersedia-di-kabupaten-barru.html; /2/NDIjMg==/jumlah-hari-hujan-di-kabupaten-barru.html; /2/MTg0IzI=/jumlah-sarana-perdagangan-di-kabupaten-barru.html; /2/NDMjMg==/persentase-jumlah-penduduk-menurut-jenjang-pendidikan-tertinggi-yang-di-tamatkan-di-kabupaten-barru.html; /2/MjA0IzI=/jumlah-surat-nikah-yang-diterbitkan-menurut-kecamatan.html,8.0,0,Tidak ada
124,,,,Data Tidak Ditemukan,,,,,,,,,,,,
125,,,,Data Tidak Ditemukan,,,,,,,,,,,,
