id_tahun,tahun,vervar_label,nilai,status,last_update,var_label,subject_id,subject_label,var_id,var_unit,related_ids,related_titles,related_links,vervar_id,turvar_id,turvar_label
100,,,,Data Tidak Ditemukan,,,,,,,,,,,,
101,,,,Data Tidak Ditemukan,,,,,,,,,,,,
102,,,,Data Tidak Ditemukan,,,,,,,,,,,,
103,,,,Data Tidak Ditemukan,,,,,,,,,,,,
104,,,,Data Tidak Ditemukan,,,,,,,,,,,,
105,,,,Data Tidak Ditemukan,,,,,,,,,,,,
106,,,,Data Tidak Ditemukan,,,,,,,,,,,,
107,,,,Data Tidak Ditemukan,,,,,,,,,,,,
108,,,,Data Tidak Ditemukan,,,,,,,,,,,,
109,,,,Data Tidak Ditemukan,,,,,,,,,,,,
110,,,,Data Tidak Ditemukan,,,,,,,,,,,,
111,,,,Data Tidak Ditemukan,,,,,,,,,,,,
112,,,,Data Tidak Ditemukan,,,,,,,,,,,,
113,,,,Data Tidak Ditemukan,,,,,,,,,,,,
114,,,,Data Tidak Ditemukan,,,,,,,,,,,,
115,,,,Data Tidak Ditemukan,,,,,,,,,,,,
116,,,,Data Tidak Ditemukan,,,,,,,,,,,,
117,,,,Data Tidak Ditemukan,,,,,,,,,,,,
118,,Januari,,Data Tidak Ditemukan,2024-03-04 09:44:31,Suhu Udara,539.0,Lingkungan,99.0,Celcius,MTA1IzI=; MTAxIzI=,Tekanan Udara; Kelembaban Udara,/2/MTA1IzI=/tekanan-udara.html; /2/MTAxIzI=/kelembaban-udara.html,1.0,37.0,Maks
118,,Januari,,Data Tidak Ditemukan,2024-03-04 09:44:31,Suhu Udara,539.0,Lingkungan,99.0,Celcius,MTA1IzI=; MTAxIzI=,Tekanan Udara; Kelembaban Udara,/2/MTA1IzI=/tekanan-udara.html; /2/MTAxIzI=/kelembaban-udara.html,1.0,38.0,Min
118,,Januari,,Data Tidak Ditemukan,2024-03-04 09:44:31,Suhu Udara,539.0,Lingkungan,99.0,Celcius,MTA1IzI=; MTAxIzI=,Tekanan Udara; Kelembaban Udara,/2/MTA1IzI=/tekanan-udara.html; /2/MTAxIzI=/kelembaban-udara.html,1.0,39.0,Rata-Rata
118,,Februari,,Data Tidak Ditemukan,2024-03-04 09:44:31,Suhu Udara,539.0,Lingkungan,99.0,Celcius,MTA1IzI=; MTAxIzI=,Tekanan Udara; Kelembaban Udara,/2/MTA1IzI=/tekanan-udara.html; /2/MTAxIzI=/kelembaban-udara.html,2.0,37.0,Maks
118,,Februari,,Data Tidak Ditemukan,2024-03-04 09:44:31,Suhu Udara,539.0,Lingkungan,99.0,Celcius,MTA1IzI=; MTAxIzI=,Tekanan Udara; Kelembaban Udara,/2/MTA1IzI=/tekanan-udara.html; /2/MTAxIzI=/kelembaban-udara.html,2.0,38.0,Min
118,,Februari,,Data Tidak Ditemukan,2024-03-04 09:44:31,Suhu Udara,539.0,Lingkungan,99.0,Celcius,MTA1IzI=; MTAxIzI=,Tekanan Udara; Kelembaban Udara,/2/MTA1IzI=/tekanan-udara.html; /2/MTAxIzI=/kelembaban-udara.html,2.0,39.0,Rata-Rata
118,,Maret,,Data Tidak Ditemukan,2024-03-04 09:44:31,Suhu Udara,539.0,Lingkungan,99.0,Celcius,MTA1IzI=; MTAxIzI=,Tekanan Udara; Kelembaban Udara,/2/MTA1IzI=/tekanan-udara.html; /2/MTAxIzI=/kelembaban-udara.html,3.0,37.0,Maks
118,,Maret,,Data Tidak Ditemukan,2024-03-04 09:44:31,Suhu Udara,539.0,Lingkungan,99.0,Celcius,MTA1IzI=; MTAxIzI=,Tekanan Udara; Kelembaban Udara,/2/MTA1IzI=/tekanan-udara.html; /2/MTAxIzI=/kelembaban-udara.html,3.0,38.0,Min
118,,Maret,,Data Tidak Ditemukan,2024-03-04 09:44:31,Suhu Udara,539.0,Lingkungan,99.0,Celcius,MTA1IzI=; MTAxIzI=,Tekanan Udara; Kelembaban Udara,/2/MTA1IzI=/tekanan-udara.html; /2/MTAxIzI=/kelembaban-udara.html,3.0,39.0,Rata-Rata
118,,April,,Data Tidak Ditemukan,2024-03-04 09:44:31,Suhu Udara,539.0,Lingkungan,99.0,Celcius,MTA1IzI=; MTAxIzI=,Tekanan Udara; Kelembaban Udara,/2/MTA1IzI=/tekanan-udara.html; /2/MTAxIzI=/kelembaban-udara.html,4.0,37.0,Maks
118,,April,,Data Tidak Ditemukan,2024-03-04 09:44:31,Suhu Udara,539.0,Lingkungan,99.0,Celcius,MTA1IzI=; MTAxIzI=,Tekanan Udara; Kelembaban Udara,/2/MTA1IzI=/tekanan-udara.html; /2/MTAxIzI=/kelembaban-udara.html,4.0,38.0,Min
118,,April,,Data Tidak Ditemukan,2024-03-04 09:44:31,Suhu Udara,539.0,Lingkungan,99.0,Celcius,MTA1IzI=; MTAxIzI=,Tekanan Udara; Kelembaban Udara,/2/MTA1IzI=/tekanan-udara.html; /2/MTAxIzI=/kelembaban-udara.html,4.0,39.0,Rata-Rata
118,,Mei,,Data Tidak Ditemukan,2024-03-04 09:44:31,Suhu Udara,539.0,Lingkungan,99.0,Celcius,MTA1IzI=; MTAxIzI=,Tekanan Udara; Kelembaban Udara,/2/MTA1IzI=/tekanan-udara.html; /2/MTAxIzI=/kelembaban-udara.html,5.0,37.0,Maks
118,,Mei,,Data Tidak Ditemukan,2024-03-04 09:44:31,Suhu Udara,539.0,Lingkungan,99.0,Celcius,MTA1IzI=; MTAxIzI=,Tekanan Udara; Kelembaban Udara,/2/MTA1IzI=/tekanan-udara.html; /2/MTAxIzI=/kelembaban-udara.html,5.0,38.0,Min
118,,Mei,,Data Tidak Ditemukan,2024-03-04 09:44:31,Suhu Udara,539.0,Lingkungan,99.0,Celcius,MTA1IzI=; MTAxIzI=,Tekanan Udara; Kelembaban Udara,/2/MTA1IzI=/tekanan-udara.html; /2/MTAxIzI=/kelembaban-udara.html,5.0,39.0,Rata-Rata
118,,Juni,,Data Tidak Ditemukan,2024-03-04 09:44:31,Suhu Udara,539.0,Lingkungan,99.0,Celcius,MTA1IzI=; MTAxIzI=,Tekanan Udara; Kelembaban Udara,/2/MTA1IzI=/tekanan-udara.html; /2/MTAxIzI=/kelembaban-udara.html,6.0,37.0,Maks
118,,Juni,,Data Tidak Ditemukan,2024-03-04 09:44:31,Suhu Udara,539.0,Lingkungan,99.0,Celcius,MTA1IzI=; MTAxIzI=,Tekanan Udara; Kelembaban Udara,/2/MTA1IzI=/tekanan-udara.html; /2/MTAxIzI=/kelembaban-udara.html,6.0,38.0,Min
118,,Juni,,Data Tidak Ditemukan,2024-03-04 09:44:31,Suhu Udara,539.0,Lingkungan,99.0,Celcius,MTA1IzI=; MTAxIzI=,Tekanan Udara; Kelembaban Udara,/2/MTA1IzI=/tekanan-udara.html; /2/MTAxIzI=/kelembaban-udara.html,6.0,39.0,Rata-Rata
118,,Juli,,Data Tidak Ditemukan,2024-03-04 09:44:31,Suhu Udara,539.0,Lingkungan,99.0,Celcius,MTA1IzI=; MTAxIzI=,Tekanan Udara; Kelembaban Udara,/2/MTA1IzI=/tekanan-udara.html; /2/MTAxIzI=/kelembaban-udara.html,7.0,37.0,Maks
118,,Juli,,Data Tidak Ditemukan,2024-03-04 09:44:31,Suhu Udara,539.0,Lingkungan,99.0,Celcius,MTA1IzI=; MTAxIzI=,Tekanan Udara; Kelembaban Udara,/2/MTA1IzI=/tekanan-udara.html; /2/MTAxIzI=/kelembaban-udara.html,7.0,38.0,Min
118,,Juli,,Data Tidak Ditemukan,2024-03-04 09:44:31,Suhu Udara,539.0,Lingkungan,99.0,Celcius,MTA1IzI=; MTAxIzI=,Tekanan Udara; Kelembaban Udara,/2/MTA1IzI=/tekanan-udara.html; /2/MTAxIzI=/kelembaban-udara.html,7.0,39.0,Rata-Rata
118,,Agustus,,Data Tidak Ditemukan,2024-03-04 09:44:31,Suhu Udara,539.0,Lingkungan,99.0,Celcius,MTA1IzI=; MTAxIzI=,Tekanan Udara; Kelembaban Udara,/2/MTA1IzI=/tekanan-udara.html; /2/MTAxIzI=/kelembaban-udara.html,8.0,37.0,Maks
118,,Agustus,,Data Tidak Ditemukan,2024-03-04 09:44:31,Suhu Udara,539.0,Lingkungan,99.0,Celcius,MTA1IzI=; MTAxIzI=,Tekanan Udara; Kelembaban Udara,/2/MTA1IzI=/tekanan-udara.html; /2/MTAxIzI=/kelembaban-udara.html,8.0,38.0,Min
118,,Agustus,,Data Tidak Ditemukan,2024-03-04 09:44:31,Suhu Udara,539.0,Lingkungan,99.0,Celcius,MTA1IzI=; MTAxIzI=,Tekanan Udara; Kelembaban Udara,/2/MTA1IzI=/tekanan-udara.html; /2/MTAxIzI=/kelembaban-udara.html,8.0,39.0,Rata-Rata
118,,September,,Data Tidak Ditemukan,2024-03-04 09:44:31,Suhu Udara,539.0,Lingkungan,99.0,Celcius,MTA1IzI=; MTAxIzI=,Tekanan Udara; Kelembaban Udara,/2/MTA1IzI=/tekanan-udara.html; /2/MTAxIzI=/kelembaban-udara.html,9.0,37.0,Maks
118,,September,,Data Tidak Ditemukan,2024-03-04 09:44:31,Suhu Udara,539.0,Lingkungan,99.0,Celcius,MTA1IzI=; MTAxIzI=,Tekanan Udara; Kelembaban Udara,/2/MTA1IzI=/tekanan-udara.html; /2/MTAxIzI=/kelembaban-udara.html,9.0,38.0,Min
118,,September,,Data Tidak Ditemukan,2024-03-04 09:44:31,Suhu Udara,539.0,Lingkungan,99.0,Celcius,MTA1IzI=; MTAxIzI=,Tekanan Udara; Kelembaban Udara,/2/MTA1IzI=/tekanan-udara.html; /2/MTAxIzI=/kelembaban-udara.html,9.0,39.0,Rata-Rata
118,,Oktober,,Data Tidak Ditemukan,2024-03-04 09:44:31,Suhu Udara,539.0,Lingkungan,99.0,Celcius,MTA1IzI=; MTAxIzI=,Tekanan Udara; Kelembaban Udara,/2/MTA1IzI=/tekanan-udara.html; /2/MTAxIzI=/kelembaban-udara.html,10.0,37.0,Maks
118,,Oktober,,Data Tidak Ditemukan,2024-03-04 09:44:31,Suhu Udara,539.0,Lingkungan,99.0,Celcius,MTA1IzI=; MTAxIzI=,Tekanan Udara; Kelembaban Udara,/2/MTA1IzI=/tekanan-udara.html; /2/MTAxIzI=/kelembaban-udara.html,10.0,38.0,Min
118,,Oktober,,Data Tidak Ditemukan,2024-03-04 09:44:31,Suhu Udara,539.0,Lingkungan,99.0,Celcius,MTA1IzI=; MTAxIzI=,Tekanan Udara; Kelembaban Udara,/2/MTA1IzI=/tekanan-udara.html; /2/MTAxIzI=/kelembaban-udara.html,10.0,39.0,Rata-Rata
118,,November,,Data Tidak Ditemukan,2024-03-04 09:44:31,Suhu Udara,539.0,Lingkungan,99.0,Celcius,MTA1IzI=; MTAxIzI=,Tekanan Udara; Kelembaban Udara,/2/MTA1IzI=/tekanan-udara.html; /2/MTAxIzI=/kelembaban-udara.html,11.0,37.0,Maks
118,,November,,Data Tidak Ditemukan,2024-03-04 09:44:31,Suhu Udara,539.0,Lingkungan,99.0,Celcius,MTA1IzI=; MTAxIzI=,Tekanan Udara; Kelembaban Udara,/2/MTA1IzI=/tekanan-udara.html; /2/MTAxIzI=/kelembaban-udara.html,11.0,38.0,Min
118,,November,,Data Tidak Ditemukan,2024-03-04 09:44:31,Suhu Udara,539.0,Lingkungan,99.0,Celcius,MTA1IzI=; MTAxIzI=,Tekanan Udara; Kelembaban Udara,/2/MTA1IzI=/tekanan-udara.html; /2/MTAxIzI=/kelembaban-udara.html,11.0,39.0,Rata-Rata
118,,Desember,,Data Tidak Ditemukan,2024-03-04 09:44:31,Suhu Udara,539.0,Lingkungan,99.0,Celcius,MTA1IzI=; MTAxIzI=,Tekanan Udara; Kelembaban Udara,/2/MTA1IzI=/tekanan-udara.html; /2/MTAxIzI=/kelembaban-udara.html,12.0,37.0,Maks
118,,Desember,,Data Tidak Ditemukan,2024-03-04 09:44:31,Suhu Udara,539.0,Lingkungan,99.0,Celcius,MTA1IzI=; MTAxIzI=,Tekanan Udara; Kelembaban Udara,/2/MTA1IzI=/tekanan-udara.html; /2/MTAxIzI=/kelembaban-udara.html,12.0,38.0,Min
118,,Desember,,Data Tidak Ditemukan,2024-03-04 09:44:31,Suhu Udara,539.0,Lingkungan,99.0,Celcius,MTA1IzI=; MTAxIzI=,Tekanan Udara; Kelembaban Udara,/2/MTA1IzI=/tekanan-udara.html; /2/MTAxIzI=/kelembaban-udara.html,12.0,39.0,Rata-Rata
119,2019,Januari,27.2,Data Tersedia,2024-03-04 09:44:31,Suhu Udara,539.0,Lingkungan,99.0,Celcius,MTA1IzI=; MTAxIzI=,Tekanan Udara; Kelembaban Udara,/2/MTA1IzI=/tekanan-udara.html; /2/MTAxIzI=/kelembaban-udara.html,1.0,37.0,Maks
119,2019,Januari,24.0,Data Tersedia,2024-03-04 09:44:31,Suhu Udara,539.0,Lingkungan,99.0,Celcius,MTA1IzI=; MTAxIzI=,Tekanan Udara; Kelembaban Udara,/2/MTA1IzI=/tekanan-udara.html; /2/MTAxIzI=/kelembaban-udara.html,1.0,38.0,Min
119,2019,Januari,27.0,Data Tersedia,2024-03-04 09:44:31,Suhu Udara,539.0,Lingkungan,99.0,Celcius,MTA1IzI=; MTAxIzI=,Tekanan Udara; Kelembaban Udara,/2/MTA1IzI=/tekanan-udara.html; /2/MTAxIzI=/kelembaban-udara.html,1.0,39.0,Rata-Rata
119,2019,Februari,27.4,Data Tersedia,2024-03-04 09:44:31,Suhu Udara,539.0,Lingkungan,99.0,Celcius,MTA1IzI=; MTAxIzI=,Tekanan Udara; Kelembaban Udara,/2/MTA1IzI=/tekanan-udara.html; /2/MTAxIzI=/kelembaban-udara.html,2.0,37.0,Maks
119,2019,Februari,24.1,Data Tersedia,2024-03-04 09:44:31,Suhu Udara,539.0,Lingkungan,99.0,Celcius,MTA1IzI=; MTAxIzI=,Tekanan Udara; Kelembaban Udara,/2/MTA1IzI=/tekanan-udara.html; /2/MTAxIzI=/kelembaban-udara.html,2.0,38.0,Min
119,2019,Februari,27.1,Data Tersedia,2024-03-04 09:44:31,Suhu Udara,539.0,Lingkungan,99.0,Celcius,MTA1IzI=; MTAxIzI=,Tekanan Udara; Kelembaban Udara,/2/MTA1IzI=/tekanan-udara.html; /2/MTAxIzI=/kelembaban-udara.html,2.0,39.0,Rata-Rata
119,2019,Maret,27.3,Data Tersedia,2024-03-04 09:44:31,Suhu Udara,539.0,Lingkungan,99.0,Celcius,MTA1IzI=; MTAxIzI=,Tekanan Udara; Kelembaban Udara,/2/MTA1IzI=/tekanan-udara.html; /2/MTAxIzI=/kelembaban-udara.html,3.0,37.0,Maks
119,2019,Maret,24.1,Data Tersedia,2024-03-04 09:44:31,Suhu Udara,539.0,Lingkungan,99.0,Celcius,MTA1IzI=; MTAxIzI=,Tekanan Udara; Kelembaban Udara,/2/MTA1IzI=/tekanan-udara.html; /2/MTAxIzI=/kelembaban-udara.html,3.0,38.0,Min
119,2019,Maret,27.1,Data Tersedia,2024-03-04 09:44:31,Suhu Udara,539.0,Lingkungan,99.0,Celcius,MTA1IzI=; MTAxIzI=,Tekanan Udara; Kelembaban Udara,/2/MTA1IzI=/tekanan-udara.html; /2/MTAxIzI=/kelembaban-udara.html,3.0,39.0,Rata-Rata
119,2019,April,28.1,Data Tersedia,2024-03-04 09:44:31,Suhu Udara,539.0,Lingkungan,99.0,Celcius,MTA1IzI=; MTAxIzI=,Tekanan Udara; Kelembaban Udara,/2/MTA1IzI=/tekanan-udara.html; /2/MTAxIzI=/kelembaban-udara.html,4.0,37.0,Maks
119,2019,April,24.8,Data Tersedia,2024-03-04 09:44:31,Suhu Udara,539.0,Lingkungan,99.0,Celcius,MTA1IzI=; MTAxIzI=,Tekanan Udara; Kelembaban Udara,/2/MTA1IzI=/tekanan-udara.html; /2/MTAxIzI=/kelembaban-udara.html,4.0,38.0,Min
119,2019,April,27.8,Data Tersedia,2024-03-04 09:44:31,Suhu Udara,539.0,Lingkungan,99.0,Celcius,MTA1IzI=; MTAxIzI=,Tekanan Udara; Kelembaban Udara,/2/MTA1IzI=/tekanan-udara.html; /2/MTAxIzI=/kelembaban-udara.html,4.0,39.0,Rata-Rata
119,2019,Mei,28.0,Data Tersedia,2024-03-04 09:44:31,Suhu Udara,539.0,Lingkungan,99.0,Celcius,MTA1IzI=; MTAxIzI=,Tekanan Udara; Kelembaban Udara,/2/MTA1IzI=/tekanan-udara.html; /2/MTAxIzI=/kelembaban-udara.html,5.0,37.0,Maks
119,2019,Mei,23.6,Data Tersedia,2024-03-04 09:44:31,Suhu Udara,539.0,Lingkungan,99.0,Celcius,MTA1IzI=; MTAxIzI=,Tekanan Udara; Kelembaban Udara,/2/MTA1IzI=/tekanan-udara.html; /2/MTAxIzI=/kelembaban-udara.html,5.0,38.0,Min
119,2019,Mei,27.8,Data Tersedia,2024-03-04 09:44:31,Suhu Udara,539.0,Lingkungan,99.0,Celcius,MTA1IzI=; MTAxIzI=,Tekanan Udara; Kelembaban Udara,/2/MTA1IzI=/tekanan-udara.html; /2/MTAxIzI=/kelembaban-udara.html,5.0,39.0,Rata-Rata
119,2019,Juni,26.9,Data Tersedia,2024-03-04 09:44:31,Suhu Udara,539.0,Lingkungan,99.0,Celcius,MTA1IzI=; MTAxIzI=,Tekanan Udara; Kelembaban Udara,/2/MTA1IzI=/tekanan-udara.html; /2/MTAxIzI=/kelembaban-udara.html,6.0,37.0,Maks
119,2019,Juni,23.3,Data Tersedia,2024-03-04 09:44:31,Suhu Udara,539.0,Lingkungan,99.0,Celcius,MTA1IzI=; MTAxIzI=,Tekanan Udara; Kelembaban Udara,/2/MTA1IzI=/tekanan-udara.html; /2/MTAxIzI=/kelembaban-udara.html,6.0,38.0,Min
119,2019,Juni,26.6,Data Tersedia,2024-03-04 09:44:31,Suhu Udara,539.0,Lingkungan,99.0,Celcius,MTA1IzI=; MTAxIzI=,Tekanan Udara; Kelembaban Udara,/2/MTA1IzI=/tekanan-udara.html; /2/MTAxIzI=/kelembaban-udara.html,6.0,39.0,Rata-Rata
119,2019,Juli,26.7,Data Tersedia,2024-03-04 09:44:31,Suhu Udara,539.0,Lingkungan,99.0,Celcius,MTA1IzI=; MTAxIzI=,Tekanan Udara; Kelembaban Udara,/2/MTA1IzI=/tekanan-udara.html; /2/MTAxIzI=/kelembaban-udara.html,7.0,37.0,Maks
119,2019,Juli,24.2,Data Tersedia,2024-03-04 09:44:31,Suhu Udara,539.0,Lingkungan,99.0,Celcius,MTA1IzI=; MTAxIzI=,Tekanan Udara; Kelembaban Udara,/2/MTA1IzI=/tekanan-udara.html; /2/MTAxIzI=/kelembaban-udara.html,7.0,38.0,Min
119,2019,Juli,26.3,Data Tersedia,2024-03-04 09:44:31,Suhu Udara,539.0,Lingkungan,99.0,Celcius,MTA1IzI=; MTAxIzI=,Tekanan Udara; Kelembaban Udara,/2/MTA1IzI=/tekanan-udara.html; /2/MTAxIzI=/kelembaban-udara.html,7.0,39.0,Rata-Rata
119,2019,Agustus,27.6,Data Tersedia,2024-03-04 09:44:31,Suhu Udara,539.0,Lingkungan,99.0,Celcius,MTA1IzI=; MTAxIzI=,Tekanan Udara; Kelembaban Udara,/2/MTA1IzI=/tekanan-udara.html; /2/MTAxIzI=/kelembaban-udara.html,8.0,37.0,Maks
119,2019,Agustus,24.6,Data Tersedia,2024-03-04 09:44:31,Suhu Udara,539.0,Lingkungan,99.0,Celcius,MTA1IzI=; MTAxIzI=,Tekanan Udara; Kelembaban Udara,/2/MTA1IzI=/tekanan-udara.html; /2/MTAxIzI=/kelembaban-udara.html,8.0,38.0,Min
119,2019,Agustus,27.2,Data Tersedia,2024-03-04 09:44:31,Suhu Udara,539.0,Lingkungan,99.0,Celcius,MTA1IzI=; MTAxIzI=,Tekanan Udara; Kelembaban Udara,/2/MTA1IzI=/tekanan-udara.html; /2/MTAxIzI=/kelembaban-udara.html,8.0,39.0,Rata-Rata
119,2019,September,28.0,Data Tersedia,2024-03-04 09:44:31,Suhu Udara,539.0,Lingkungan,99.0,Celcius,MTA1IzI=; MTAxIzI=,Tekanan Udara; Kelembaban Udara,/2/MTA1IzI=/tekanan-udara.html; /2/MTAxIzI=/kelembaban-udara.html,9.0,37.0,Maks
119,2019,September,25.6,Data Tersedia,2024-03-04 09:44:31,Suhu Udara,539.0,Lingkungan,99.0,Celcius,MTA1IzI=; MTAxIzI=,Tekanan Udara; Kelembaban Udara,/2/MTA1IzI=/tekanan-udara.html; /2/MTAxIzI=/kelembaban-udara.html,9.0,38.0,Min
119,2019,September,27.6,Data Tersedia,2024-03-04 09:44:31,Suhu Udara,539.0,Lingkungan,99.0,Celcius,MTA1IzI=; MTAxIzI=,Tekanan Udara; Kelembaban Udara,/2/MTA1IzI=/tekanan-udara.html; /2/MTAxIzI=/kelembaban-udara.html,9.0,39.0,Rata-Rata
119,2019,Oktober,29.0,Data Tersedia,2024-03-04 09:44:31,Suhu Udara,539.0,Lingkungan,99.0,Celcius,MTA1IzI=; MTAxIzI=,Tekanan Udara; Kelembaban Udara,/2/MTA1IzI=/tekanan-udara.html; /2/MTAxIzI=/kelembaban-udara.html,10.0,37.0,Maks
119,2019,Oktober,25.6,Data Tersedia,2024-03-04 09:44:31,Suhu Udara,539.0,Lingkungan,99.0,Celcius,MTA1IzI=; MTAxIzI=,Tekanan Udara; Kelembaban Udara,/2/MTA1IzI=/tekanan-udara.html; /2/MTAxIzI=/kelembaban-udara.html,10.0,38.0,Min
119,2019,Oktober,28.6,Data Tersedia,2024-03-04 09:44:31,Suhu Udara,539.0,Lingkungan,99.0,Celcius,MTA1IzI=; MTAxIzI=,Tekanan Udara; Kelembaban Udara,/2/MTA1IzI=/tekanan-udara.html; /2/MTAxIzI=/kelembaban-udara.html,10.0,39.0,Rata-Rata
119,2019,November,28.4,Data Tersedia,2024-03-04 09:44:31,Suhu Udara,539.0,Lingkungan,99.0,Celcius,MTA1IzI=; MTAxIzI=,Tekanan Udara; Kelembaban Udara,/2/MTA1IzI=/tekanan-udara.html; /2/MTAxIzI=/kelembaban-udara.html,11.0,37.0,Maks
119,2019,November,25.0,Data Tersedia,2024-03-04 09:44:31,Suhu Udara,539.0,Lingkungan,99.0,Celcius,MTA1IzI=; MTAxIzI=,Tekanan Udara; Kelembaban Udara,/2/MTA1IzI=/tekanan-udara.html; /2/MTAxIzI=/kelembaban-udara.html,11.0,38.0,Min
119,2019,November,28.0,Data Tersedia,2024-03-04 09:44:31,Suhu Udara,539.0,Lingkungan,99.0,Celcius,MTA1IzI=; MTAxIzI=,Tekanan Udara; Kelembaban Udara,/2/MTA1IzI=/tekanan-udara.html; /2/MTAxIzI=/kelembaban-udara.html,11.0,39.0,Rata-Rata
119,2019,Desember,27.8,Data Tersedia,2024-03-04 09:44:31,Suhu Udara,539.0,Lingkungan,99.0,Celcius,MTA1IzI=; MTAxIzI=,Tekanan Udara; Kelembaban Udara,/2/MTA1IzI=/tekanan-udara.html; /2/MTAxIzI=/kelembaban-udara.html,12.0,37.0,Maks
119,2019,Desember,24.6,Data Tersedia,2024-03-04 09:44:31,Suhu Udara,539.0,Lingkungan,99.0,Celcius,MTA1IzI=; MTAxIzI=,Tekanan Udara; Kelembaban Udara,/2/MTA1IzI=/tekanan-udara.html; /2/MTAxIzI=/kelembaban-udara.html,12.0,38.0,Min
119,2019,Desember,27.6,Data Tersedia,2024-03-04 09:44:31,Suhu Udara,539.0,Lingkungan,99.0,Celcius,MTA1IzI=; MTAxIzI=,Tekanan Udara; Kelembaban Udara,/2/MTA1IzI=/tekanan-udara.html; /2/MTAxIzI=/kelembaban-udara.html,12.0,39.0,Rata-Rata
120,2020,Januari,,Data Tidak Ditemukan,2024-03-04 09:44:31,Suhu Udara,539.0,Lingkungan,99.0,Celcius,MTA1IzI=; MTAxIzI=,Tekanan Udara; Kelembaban Udara,/2/MTA1IzI=/tekanan-udara.html; /2/MTAxIzI=/kelembaban-udara.html,1.0,37.0,Maks
120,2020,Januari,,Data Tidak Ditemukan,2024-03-04 09:44:31,Suhu Udara,539.0,Lingkungan,99.0,Celcius,MTA1IzI=; MTAxIzI=,Tekanan Udara; Kelembaban Udara,/2/MTA1IzI=/tekanan-udara.html; /2/MTAxIzI=/kelembaban-udara.html,1.0,38.0,Min
120,2020,Januari,,Data Tidak Ditemukan,2024-03-04 09:44:31,Suhu Udara,539.0,Lingkungan,99.0,Celcius,MTA1IzI=; MTAxIzI=,Tekanan Udara; Kelembaban Udara,/2/MTA1IzI=/tekanan-udara.html; /2/MTAxIzI=/kelembaban-udara.html,1.0,39.0,Rata-Rata
120,2020,Februari,,Data Tidak Ditemukan,2024-03-04 09:44:31,Suhu Udara,539.0,Lingkungan,99.0,Celcius,MTA1IzI=; MTAxIzI=,Tekanan Udara; Kelembaban Udara,/2/MTA1IzI=/tekanan-udara.html; /2/MTAxIzI=/kelembaban-udara.html,2.0,37.0,Maks
120,2020,Februari,,Data Tidak Ditemukan,2024-03-04 09:44:31,Suhu Udara,539.0,Lingkungan,99.0,Celcius,MTA1IzI=; MTAxIzI=,Tekanan Udara; Kelembaban Udara,/2/MTA1IzI=/tekanan-udara.html; /2/MTAxIzI=/kelembaban-udara.html,2.0,38.0,Min
120,2020,Februari,,Data Tidak Ditemukan,2024-03-04 09:44:31,Suhu Udara,539.0,Lingkungan,99.0,Celcius,MTA1IzI=; MTAxIzI=,Tekanan Udara; Kelembaban Udara,/2/MTA1IzI=/tekanan-udara.html; /2/MTAxIzI=/kelembaban-udara.html,2.0,39.0,Rata-Rata
120,2020,Maret,,Data Tidak Ditemukan,2024-03-04 09:44:31,Suhu Udara,539.0,Lingkungan,99.0,Celcius,MTA1IzI=; MTAxIzI=,Tekanan Udara; Kelembaban Udara,/2/MTA1IzI=/tekanan-udara.html; /2/MTAxIzI=/kelembaban-udara.html,3.0,37.0,Maks
120,2020,Maret,,Data Tidak Ditemukan,2024-03-04 09:44:31,Suhu Udara,539.0,Lingkungan,99.0,Celcius,MTA1IzI=; MTAxIzI=,Tekanan Udara; Kelembaban Udara,/2/MTA1IzI=/tekanan-udara.html; /2/MTAxIzI=/kelembaban-udara.html,3.0,38.0,Min
120,2020,Maret,,Data Tidak Ditemukan,2024-03-04 09:44:31,Suhu Udara,539.0,Lingkungan,99.0,Celcius,MTA1IzI=; MTAxIzI=,Tekanan Udara; Kelembaban Udara,/2/MTA1IzI=/tekanan-udara.html; /2/MTAxIzI=/kelembaban-udara.html,3.0,39.0,Rata-Rata
120,2020,April,,Data Tidak Ditemukan,2024-03-04 09:44:31,Suhu Udara,539.0,Lingkungan,99.0,Celcius,MTA1IzI=; MTAxIzI=,Tekanan Udara; Kelembaban Udara,/2/MTA1IzI=/tekanan-udara.html; /2/MTAxIzI=/kelembaban-udara.html,4.0,37.0,Maks
120,2020,April,,Data Tidak Ditemukan,2024-03-04 09:44:31,Suhu Udara,539.0,Lingkungan,99.0,Celcius,MTA1IzI=; MTAxIzI=,Tekanan Udara; Kelembaban Udara,/2/MTA1IzI=/tekanan-udara.html; /2/MTAxIzI=/kelembaban-udara.html,4.0,38.0,Min
120,2020,April,,Data Tidak Ditemukan,2024-03-04 09:44:31,Suhu Udara,539.0,Lingkungan,99.0,Celcius,MTA1IzI=; MTAxIzI=,Tekanan Udara; Kelembaban Udara,/2/MTA1IzI=/tekanan-udara.html; /2/MTAxIzI=/kelembaban-udara.html,4.0,39.0,Rata-Rata
120,2020,Mei,,Data Tidak Ditemukan,2024-03-04 09:44:31,Suhu Udara,539.0,Lingkungan,99.0,Celcius,MTA1IzI=; MTAxIzI=,Tekanan Udara; Kelembaban Udara,/2/MTA1IzI=/tekanan-udara.html; /2/MTAxIzI=/kelembaban-udara.html,5.0,37.0,Maks
120,2020,Mei,,Data Tidak Ditemukan,2024-03-04 09:44:31,Suhu Udara,539.0,Lingkungan,99.0,Celcius,MTA1IzI=; MTAxIzI=,Tekanan Udara; Kelembaban Udara,/2/MTA1IzI=/tekanan-udara.html; /2/MTAxIzI=/kelembaban-udara.html,5.0,38.0,Min
120,2020,Mei,,Data Tidak Ditemukan,2024-03-04 09:44:31,Suhu Udara,539.0,Lingkungan,99.0,Celcius,MTA1IzI=; MTAxIzI=,Tekanan Udara; Kelembaban Udara,/2/MTA1IzI=/tekanan-udara.html; /2/MTAxIzI=/kelembaban-udara.html,5.0,39.0,Rata-Rata
120,2020,Juni,,Data Tidak Ditemukan,2024-03-04 09:44:31,Suhu Udara,539.0,Lingkungan,99.0,Celcius,MTA1IzI=; MTAxIzI=,Tekanan Udara; Kelembaban Udara,/2/MTA1IzI=/tekanan-udara.html; /2/MTAxIzI=/kelembaban-udara.html,6.0,37.0,Maks
120,2020,Juni,,Data Tidak Ditemukan,2024-03-04 09:44:31,Suhu Udara,539.0,Lingkungan,99.0,Celcius,MTA1IzI=; MTAxIzI=,Tekanan Udara; Kelembaban Udara,/2/MTA1IzI=/tekanan-udara.html; /2/MTAxIzI=/kelembaban-udara.html,6.0,38.0,Min
120,2020,Juni,,Data Tidak Ditemukan,2024-03-04 09:44:31,Suhu Udara,539.0,Lingkungan,99.0,Celcius,MTA1IzI=; MTAxIzI=,Tekanan Udara; Kelembaban Udara,/2/MTA1IzI=/tekanan-udara.html; /2/MTAxIzI=/kelembaban-udara.html,6.0,39.0,Rata-Rata
120,2020,Juli,34.0,Data Tersedia,2024-03-04 09:44:31,Suhu Udara,539.0,Lingkungan,99.0,Celcius,MTA1IzI=; MTAxIzI=,Tekanan Udara; Kelembaban Udara,/2/MTA1IzI=/tekanan-udara.html; /2/MTAxIzI=/kelembaban-udara.html,7.0,37.0,Maks
120,2020,Juli,22.0,Data Tersedia,2024-03-04 09:44:31,Suhu Udara,539.0,Lingkungan,99.0,Celcius,MTA1IzI=; MTAxIzI=,Tekanan Udara; Kelembaban Udara,/2/MTA1IzI=/tekanan-udara.html; /2/MTAxIzI=/kelembaban-udara.html,7.0,38.0,Min
120,2020,Juli,26.4,Data Tersedia,2024-03-04 09:44:31,Suhu Udara,539.0,Lingkungan,99.0,Celcius,MTA1IzI=; MTAxIzI=,Tekanan Udara; Kelembaban Udara,/2/MTA1IzI=/tekanan-udara.html; /2/MTAxIzI=/kelembaban-udara.html,7.0,39.0,Rata-Rata
120,2020,Agustus,32.2,Data Tersedia,2024-03-04 09:44:31,Suhu Udara,539.0,Lingkungan,99.0,Celcius,MTA1IzI=; MTAxIzI=,Tekanan Udara; Kelembaban Udara,/2/MTA1IzI=/tekanan-udara.html; /2/MTAxIzI=/kelembaban-udara.html,8.0,37.0,Maks
120,2020,Agustus,23.2,Data Tersedia,2024-03-04 09:44:31,Suhu Udara,539.0,Lingkungan,99.0,Celcius,MTA1IzI=; MTAxIzI=,Tekanan Udara; Kelembaban Udara,/2/MTA1IzI=/tekanan-udara.html; /2/MTAxIzI=/kelembaban-udara.html,8.0,38.0,Min
120,2020,Agustus,27.2,Data Tersedia,2024-03-04 09:44:31,Suhu Udara,539.0,Lingkungan,99.0,Celcius,MTA1IzI=; MTAxIzI=,Tekanan Udara; Kelembaban Udara,/2/MTA1IzI=/tekanan-udara.html; /2/MTAxIzI=/kelembaban-udara.html,8.0,39.0,Rata-Rata
120,2020,September,31.3,Data Tersedia,2024-03-04 09:44:31,Suhu Udara,539.0,Lingkungan,99.0,Celcius,MTA1IzI=; MTAxIzI=,Tekanan Udara; Kelembaban Udara,/2/MTA1IzI=/tekanan-udara.html; /2/MTAxIzI=/kelembaban-udara.html,9.0,37.0,Maks
120,2020,September,23.5,Data Tersedia,2024-03-04 09:44:31,Suhu Udara,539.0,Lingkungan,99.0,Celcius,MTA1IzI=; MTAxIzI=,Tekanan Udara; Kelembaban Udara,/2/MTA1IzI=/tekanan-udara.html; /2/MTAxIzI=/kelembaban-udara.html,9.0,38.0,Min
120,2020,September,28.2,Data Tersedia,2024-03-04 09:44:31,Suhu Udara,539.0,Lingkungan,99.0,Celcius,MTA1IzI=; MTAxIzI=,Tekanan Udara; Kelembaban Udara,/2/MTA1IzI=/tekanan-udara.html; /2/MTAxIzI=/kelembaban-udara.html,9.0,39.0,Rata-Rata
120,2020,Oktober,33.9,Data Tersedia,2024-03-04 09:44:31,Suhu Udara,539.0,Lingkungan,99.0,Celcius,MTA1IzI=; MTAxIzI=,Tekanan Udara; Kelembaban Udara,/2/MTA1IzI=/tekanan-udara.html; /2/MTAxIzI=/kelembaban-udara.html,10.0,37.0,Maks
120,2020,Oktober,22.1,Data Tersedia,2024-03-04 09:44:31,Suhu Udara,539.0,Lingkungan,99.0,Celcius,MTA1IzI=; MTAxIzI=,Tekanan Udara; Kelembaban Udara,/2/MTA1IzI=/tekanan-udara.html; /2/MTAxIzI=/kelembaban-udara.html,10.0,38.0,Min
120,2020,Oktober,27.8,Data Tersedia,2024-03-04 09:44:31,Suhu Udara,539.0,Lingkungan,99.0,Celcius,MTA1IzI=; MTAxIzI=,Tekanan Udara; Kelembaban Udara,/2/MTA1IzI=/tekanan-udara.html; /2/MTAxIzI=/kelembaban-udara.html,10.0,39.0,Rata-Rata
120,2020,November,33.2,Data Tersedia,2024-03-04 09:44:31,Suhu Udara,539.0,Lingkungan,99.0,Celcius,MTA1IzI=; MTAxIzI=,Tekanan Udara; Kelembaban Udara,/2/MTA1IzI=/tekanan-udara.html; /2/MTAxIzI=/kelembaban-udara.html,11.0,37.0,Maks
120,2020,November,23.5,Data Tersedia,2024-03-04 09:44:31,Suhu Udara,539.0,Lingkungan,99.0,Celcius,MTA1IzI=; MTAxIzI=,Tekanan Udara; Kelembaban Udara,/2/MTA1IzI=/tekanan-udara.html; /2/MTAxIzI=/kelembaban-udara.html,11.0,38.0,Min
120,2020,November,27.6,Data Tersedia,2024-03-04 09:44:31,Suhu Udara,539.0,Lingkungan,99.0,Celcius,MTA1IzI=; MTAxIzI=,Tekanan Udara; Kelembaban Udara,/2/MTA1IzI=/tekanan-udara.html; /2/MTAxIzI=/kelembaban-udara.html,11.0,39.0,Rata-Rata
120,2020,Desember,32.8,Data Tersedia,2024-03-04 09:44:31,Suhu Udara,539.0,Lingkungan,99.0,Celcius,MTA1IzI=; MTAxIzI=,Tekanan Udara; Kelembaban Udara,/2/MTA1IzI=/tekanan-udara.html; /2/MTAxIzI=/kelembaban-udara.html,12.0,37.0,Maks
120,2020,Desember,23.7,Data Tersedia,2024-03-04 09:44:31,Suhu Udara,539.0,Lingkungan,99.0,Celcius,MTA1IzI=; MTAxIzI=,Tekanan Udara; Kelembaban Udara,/2/MTA1IzI=/tekanan-udara.html; /2/MTAxIzI=/kelembaban-udara.html,12.0,38.0,Min
120,2020,Desember,26.8,Data Tersedia,2024-03-04 09:44:31,Suhu Udara,539.0,Lingkungan,99.0,Celcius,MTA1IzI=; MTAxIzI=,Tekanan Udara; Kelembaban Udara,/2/MTA1IzI=/tekanan-udara.html; /2/MTAxIzI=/kelembaban-udara.html,12.0,39.0,Rata-Rata
121,2021,Januari,31.2,Data Tersedia,2024-03-04 09:44:31,Suhu Udara,539.0,Lingkungan,99.0,Celcius,MTA1IzI=; MTAxIzI=,Tekanan Udara; Kelembaban Udara,/2/MTA1IzI=/tekanan-udara.html; /2/MTAxIzI=/kelembaban-udara.html,1.0,37.0,Maks
121,2021,Januari,22.8,Data Tersedia,2024-03-04 09:44:31,Suhu Udara,539.0,Lingkungan,99.0,Celcius,MTA1IzI=; MTAxIzI=,Tekanan Udara; Kelembaban Udara,/2/MTA1IzI=/tekanan-udara.html; /2/MTAxIzI=/kelembaban-udara.html,1.0,38.0,Min
121,2021,Januari,27.2,Data Tersedia,2024-03-04 09:44:31,Suhu Udara,539.0,Lingkungan,99.0,Celcius,MTA1IzI=; MTAxIzI=,Tekanan Udara; Kelembaban Udara,/2/MTA1IzI=/tekanan-udara.html; /2/MTAxIzI=/kelembaban-udara.html,1.0,39.0,Rata-Rata
121,2021,Februari,31.9,Data Tersedia,2024-03-04 09:44:31,Suhu Udara,539.0,Lingkungan,99.0,Celcius,MTA1IzI=; MTAxIzI=,Tekanan Udara; Kelembaban Udara,/2/MTA1IzI=/tekanan-udara.html; /2/MTAxIzI=/kelembaban-udara.html,2.0,37.0,Maks
121,2021,Februari,23.2,Data Tersedia,2024-03-04 09:44:31,Suhu Udara,539.0,Lingkungan,99.0,Celcius,MTA1IzI=; MTAxIzI=,Tekanan Udara; Kelembaban Udara,/2/MTA1IzI=/tekanan-udara.html; /2/MTAxIzI=/kelembaban-udara.html,2.0,38.0,Min
121,2021,Februari,27.5,Data Tersedia,2024-03-04 09:44:31,Suhu Udara,539.0,Lingkungan,99.0,Celcius,MTA1IzI=; MTAxIzI=,Tekanan Udara; Kelembaban Udara,/2/MTA1IzI=/tekanan-udara.html; /2/MTAxIzI=/kelembaban-udara.html,2.0,39.0,Rata-Rata
121,2021,Maret,32.6,Data Tersedia,2024-03-04 09:44:31,Suhu Udara,539.0,Lingkungan,99.0,Celcius,MTA1IzI=; MTAxIzI=,Tekanan Udara; Kelembaban Udara,/2/MTA1IzI=/tekanan-udara.html; /2/MTAxIzI=/kelembaban-udara.html,3.0,37.0,Maks
121,2021,Maret,22.7,Data Tersedia,2024-03-04 09:44:31,Suhu Udara,539.0,Lingkungan,99.0,Celcius,MTA1IzI=; MTAxIzI=,Tekanan Udara; Kelembaban Udara,/2/MTA1IzI=/tekanan-udara.html; /2/MTAxIzI=/kelembaban-udara.html,3.0,38.0,Min
121,2021,Maret,27.8,Data Tersedia,2024-03-04 09:44:31,Suhu Udara,539.0,Lingkungan,99.0,Celcius,MTA1IzI=; MTAxIzI=,Tekanan Udara; Kelembaban Udara,/2/MTA1IzI=/tekanan-udara.html; /2/MTAxIzI=/kelembaban-udara.html,3.0,39.0,Rata-Rata
121,2021,April,32.2,Data Tersedia,2024-03-04 09:44:31,Suhu Udara,539.0,Lingkungan,99.0,Celcius,MTA1IzI=; MTAxIzI=,Tekanan Udara; Kelembaban Udara,/2/MTA1IzI=/tekanan-udara.html; /2/MTAxIzI=/kelembaban-udara.html,4.0,37.0,Maks
121,2021,April,23.2,Data Tersedia,2024-03-04 09:44:31,Suhu Udara,539.0,Lingkungan,99.0,Celcius,MTA1IzI=; MTAxIzI=,Tekanan Udara; Kelembaban Udara,/2/MTA1IzI=/tekanan-udara.html; /2/MTAxIzI=/kelembaban-udara.html,4.0,38.0,Min
121,2021,April,28.5,Data Tersedia,2024-03-04 09:44:31,Suhu Udara,539.0,Lingkungan,99.0,Celcius,MTA1IzI=; MTAxIzI=,Tekanan Udara; Kelembaban Udara,/2/MTA1IzI=/tekanan-udara.html; /2/MTAxIzI=/kelembaban-udara.html,4.0,39.0,Rata-Rata
121,2021,Mei,34.0,Data Tersedia,2024-03-04 09:44:31,Suhu Udara,539.0,Lingkungan,99.0,Celcius,MTA1IzI=; MTAxIzI=,Tekanan Udara; Kelembaban Udara,/2/MTA1IzI=/tekanan-udara.html; /2/MTAxIzI=/kelembaban-udara.html,5.0,37.0,Maks
121,2021,Mei,23.4,Data Tersedia,2024-03-04 09:44:31,Suhu Udara,539.0,Lingkungan,99.0,Celcius,MTA1IzI=; MTAxIzI=,Tekanan Udara; Kelembaban Udara,/2/MTA1IzI=/tekanan-udara.html; /2/MTAxIzI=/kelembaban-udara.html,5.0,38.0,Min
121,2021,Mei,29.4,Data Tersedia,2024-03-04 09:44:31,Suhu Udara,539.0,Lingkungan,99.0,Celcius,MTA1IzI=; MTAxIzI=,Tekanan Udara; Kelembaban Udara,/2/MTA1IzI=/tekanan-udara.html; /2/MTAxIzI=/kelembaban-udara.html,5.0,39.0,Rata-Rata
121,2021,Juni,34.5,Data Tersedia,2024-03-04 09:44:31,Suhu Udara,539.0,Lingkungan,99.0,Celcius,MTA1IzI=; MTAxIzI=,Tekanan Udara; Kelembaban Udara,/2/MTA1IzI=/tekanan-udara.html; /2/MTAxIzI=/kelembaban-udara.html,6.0,37.0,Maks
121,2021,Juni,22.4,Data Tersedia,2024-03-04 09:44:31,Suhu Udara,539.0,Lingkungan,99.0,Celcius,MTA1IzI=; MTAxIzI=,Tekanan Udara; Kelembaban Udara,/2/MTA1IzI=/tekanan-udara.html; /2/MTAxIzI=/kelembaban-udara.html,6.0,38.0,Min
121,2021,Juni,28.8,Data Tersedia,2024-03-04 09:44:31,Suhu Udara,539.0,Lingkungan,99.0,Celcius,MTA1IzI=; MTAxIzI=,Tekanan Udara; Kelembaban Udara,/2/MTA1IzI=/tekanan-udara.html; /2/MTAxIzI=/kelembaban-udara.html,6.0,39.0,Rata-Rata
121,2021,Juli,34.0,Data Tersedia,2024-03-04 09:44:31,Suhu Udara,539.0,Lingkungan,99.0,Celcius,MTA1IzI=; MTAxIzI=,Tekanan Udara; Kelembaban Udara,/2/MTA1IzI=/tekanan-udara.html; /2/MTAxIzI=/kelembaban-udara.html,7.0,37.0,Maks
121,2021,Juli,20.5,Data Tersedia,2024-03-04 09:44:31,Suhu Udara,539.0,Lingkungan,99.0,Celcius,MTA1IzI=; MTAxIzI=,Tekanan Udara; Kelembaban Udara,/2/MTA1IzI=/tekanan-udara.html; /2/MTAxIzI=/kelembaban-udara.html,7.0,38.0,Min
121,2021,Juli,28.3,Data Tersedia,2024-03-04 09:44:31,Suhu Udara,539.0,Lingkungan,99.0,Celcius,MTA1IzI=; MTAxIzI=,Tekanan Udara; Kelembaban Udara,/2/MTA1IzI=/tekanan-udara.html; /2/MTAxIzI=/kelembaban-udara.html,7.0,39.0,Rata-Rata
121,2021,Agustus,34.3,Data Tersedia,2024-03-04 09:44:31,Suhu Udara,539.0,Lingkungan,99.0,Celcius,MTA1IzI=; MTAxIzI=,Tekanan Udara; Kelembaban Udara,/2/MTA1IzI=/tekanan-udara.html; /2/MTAxIzI=/kelembaban-udara.html,8.0,37.0,Maks
121,2021,Agustus,22.7,Data Tersedia,2024-03-04 09:44:31,Suhu Udara,539.0,Lingkungan,99.0,Celcius,MTA1IzI=; MTAxIzI=,Tekanan Udara; Kelembaban Udara,/2/MTA1IzI=/tekanan-udara.html; /2/MTAxIzI=/kelembaban-udara.html,8.0,38.0,Min
121,2021,Agustus,29.5,Data Tersedia,2024-03-04 09:44:31,Suhu Udara,539.0,Lingkungan,99.0,Celcius,MTA1IzI=; MTAxIzI=,Tekanan Udara; Kelembaban Udara,/2/MTA1IzI=/tekanan-udara.html; /2/MTAxIzI=/kelembaban-udara.html,8.0,39.0,Rata-Rata
121,2021,September,34.6,Data Tersedia,2024-03-04 09:44:31,Suhu Udara,539.0,Lingkungan,99.0,Celcius,MTA1IzI=; MTAxIzI=,Tekanan Udara; Kelembaban Udara,/2/MTA1IzI=/tekanan-udara.html; /2/MTAxIzI=/kelembaban-udara.html,9.0,37.0,Maks
121,2021,September,22.3,Data Tersedia,2024-03-04 09:44:31,Suhu Udara,539.0,Lingkungan,99.0,Celcius,MTA1IzI=; MTAxIzI=,Tekanan Udara; Kelembaban Udara,/2/MTA1IzI=/tekanan-udara.html; /2/MTAxIzI=/kelembaban-udara.html,9.0,38.0,Min
121,2021,September,29.4,Data Tersedia,2024-03-04 09:44:31,Suhu Udara,539.0,Lingkungan,99.0,Celcius,MTA1IzI=; MTAxIzI=,Tekanan Udara; Kelembaban Udara,/2/MTA1IzI=/tekanan-udara.html; /2/MTAxIzI=/kelembaban-udara.html,9.0,39.0,Rata-Rata
121,2021,Oktober,33.5,Data Tersedia,2024-03-04 09:44:31,Suhu Udara,539.0,Lingkungan,99.0,Celcius,MTA1IzI=; MTAxIzI=,Tekanan Udara; Kelembaban Udara,/2/MTA1IzI=/tekanan-udara.html; /2/MTAxIzI=/kelembaban-udara.html,10.0,37.0,Maks
121,2021,Oktober,23.6,Data Tersedia,2024-03-04 09:44:31,Suhu Udara,539.0,Lingkungan,99.0,Celcius,MTA1IzI=; MTAxIzI=,Tekanan Udara; Kelembaban Udara,/2/MTA1IzI=/tekanan-udara.html; /2/MTAxIzI=/kelembaban-udara.html,10.0,38.0,Min
121,2021,Oktober,29.0,Data Tersedia,2024-03-04 09:44:31,Suhu Udara,539.0,Lingkungan,99.0,Celcius,MTA1IzI=; MTAxIzI=,Tekanan Udara; Kelembaban Udara,/2/MTA1IzI=/tekanan-udara.html; /2/MTAxIzI=/kelembaban-udara.html,10.0,39.0,Rata-Rata
121,2021,November,32.6,Data Tersedia,2024-03-04 09:44:31,Suhu Udara,539.0,Lingkungan,99.0,Celcius,MTA1IzI=; MTAxIzI=,Tekanan Udara; Kelembaban Udara,/2/MTA1IzI=/tekanan-udara.html; /2/MTAxIzI=/kelembaban-udara.html,11.0,37.0,Maks
121,2021,November,23.6,Data Tersedia,2024-03-04 09:44:31,Suhu Udara,539.0,Lingkungan,99.0,Celcius,MTA1IzI=; MTAxIzI=,Tekanan Udara; Kelembaban Udara,/2/MTA1IzI=/tekanan-udara.html; /2/MTAxIzI=/kelembaban-udara.html,11.0,38.0,Min
121,2021,November,28.3,Data Tersedia,2024-03-04 09:44:31,Suhu Udara,539.0,Lingkungan,99.0,Celcius,MTA1IzI=; MTAxIzI=,Tekanan Udara; Kelembaban Udara,/2/MTA1IzI=/tekanan-udara.html; /2/MTAxIzI=/kelembaban-udara.html,11.0,39.0,Rata-Rata
121,2021,Desember,32.6,Data Tersedia,2024-03-04 09:44:31,Suhu Udara,539.0,Lingkungan,99.0,Celcius,MTA1IzI=; MTAxIzI=,Tekanan Udara; Kelembaban Udara,/2/MTA1IzI=/tekanan-udara.html; /2/MTAxIzI=/kelembaban-udara.html,12.0,37.0,Maks
121,2021,Desember,23.0,Data Tersedia,2024-03-04 09:44:31,Suhu Udara,539.0,Lingkungan,99.0,Celcius,MTA1IzI=; MTAxIzI=,Tekanan Udara; Kelembaban Udara,/2/MTA1IzI=/tekanan-udara.html; /2/MTAxIzI=/kelembaban-udara.html,12.0,38.0,Min
121,2021,Desember,27.7,Data Tersedia,2024-03-04 09:44:31,Suhu Udara,539.0,Lingkungan,99.0,Celcius,MTA1IzI=; MTAxIzI=,Tekanan Udara; Kelembaban Udara,/2/MTA1IzI=/tekanan-udara.html; /2/MTAxIzI=/kelembaban-udara.html,12.0,39.0,Rata-Rata
122,2022,Januari,32.6,Data Tersedia,2024-03-04 09:44:31,Suhu Udara,539.0,Lingkungan,99.0,Celcius,MTA1IzI=; MTAxIzI=,Tekanan Udara; Kelembaban Udara,/2/MTA1IzI=/tekanan-udara.html; /2/MTAxIzI=/kelembaban-udara.html,1.0,37.0,Maks
122,2022,Januari,22.6,Data Tersedia,2024-03-04 09:44:31,Suhu Udara,539.0,Lingkungan,99.0,Celcius,MTA1IzI=; MTAxIzI=,Tekanan Udara; Kelembaban Udara,/2/MTA1IzI=/tekanan-udara.html; /2/MTAxIzI=/kelembaban-udara.html,1.0,38.0,Min
122,2022,Januari,26.4,Data Tersedia,2024-03-04 09:44:31,Suhu Udara,539.0,Lingkungan,99.0,Celcius,MTA1IzI=; MTAxIzI=,Tekanan Udara; Kelembaban Udara,/2/MTA1IzI=/tekanan-udara.html; /2/MTAxIzI=/kelembaban-udara.html,1.0,39.0,Rata-Rata
122,2022,Februari,32.9,Data Tersedia,2024-03-04 09:44:31,Suhu Udara,539.0,Lingkungan,99.0,Celcius,MTA1IzI=; MTAxIzI=,Tekanan Udara; Kelembaban Udara,/2/MTA1IzI=/tekanan-udara.html; /2/MTAxIzI=/kelembaban-udara.html,2.0,37.0,Maks
122,2022,Februari,22.0,Data Tersedia,2024-03-04 09:44:31,Suhu Udara,539.0,Lingkungan,99.0,Celcius,MTA1IzI=; MTAxIzI=,Tekanan Udara; Kelembaban Udara,/2/MTA1IzI=/tekanan-udara.html; /2/MTAxIzI=/kelembaban-udara.html,2.0,38.0,Min
122,2022,Februari,26.4,Data Tersedia,2024-03-04 09:44:31,Suhu Udara,539.0,Lingkungan,99.0,Celcius,MTA1IzI=; MTAxIzI=,Tekanan Udara; Kelembaban Udara,/2/MTA1IzI=/tekanan-udara.html; /2/MTAxIzI=/kelembaban-udara.html,2.0,39.0,Rata-Rata
122,2022,Maret,34.0,Data Tersedia,2024-03-04 09:44:31,Suhu Udara,539.0,Lingkungan,99.0,Celcius,MTA1IzI=; MTAxIzI=,Tekanan Udara; Kelembaban Udara,/2/MTA1IzI=/tekanan-udara.html; /2/MTAxIzI=/kelembaban-udara.html,3.0,37.0,Maks
122,2022,Maret,22.9,Data Tersedia,2024-03-04 09:44:31,Suhu Udara,539.0,Lingkungan,99.0,Celcius,MTA1IzI=; MTAxIzI=,Tekanan Udara; Kelembaban Udara,/2/MTA1IzI=/tekanan-udara.html; /2/MTAxIzI=/kelembaban-udara.html,3.0,38.0,Min
122,2022,Maret,27.0,Data Tersedia,2024-03-04 09:44:31,Suhu Udara,539.0,Lingkungan,99.0,Celcius,MTA1IzI=; MTAxIzI=,Tekanan Udara; Kelembaban Udara,/2/MTA1IzI=/tekanan-udara.html; /2/MTAxIzI=/kelembaban-udara.html,3.0,39.0,Rata-Rata
122,2022,April,35.0,Data Tersedia,2024-03-04 09:44:31,Suhu Udara,539.0,Lingkungan,99.0,Celcius,MTA1IzI=; MTAxIzI=,Tekanan Udara; Kelembaban Udara,/2/MTA1IzI=/tekanan-udara.html; /2/MTAxIzI=/kelembaban-udara.html,4.0,37.0,Maks
122,2022,April,21.6,Data Tersedia,2024-03-04 09:44:31,Suhu Udara,539.0,Lingkungan,99.0,Celcius,MTA1IzI=; MTAxIzI=,Tekanan Udara; Kelembaban Udara,/2/MTA1IzI=/tekanan-udara.html; /2/MTAxIzI=/kelembaban-udara.html,4.0,38.0,Min
122,2022,April,27.3,Data Tersedia,2024-03-04 09:44:31,Suhu Udara,539.0,Lingkungan,99.0,Celcius,MTA1IzI=; MTAxIzI=,Tekanan Udara; Kelembaban Udara,/2/MTA1IzI=/tekanan-udara.html; /2/MTAxIzI=/kelembaban-udara.html,4.0,39.0,Rata-Rata
122,2022,Mei,35.0,Data Tersedia,2024-03-04 09:44:31,Suhu Udara,539.0,Lingkungan,99.0,Celcius,MTA1IzI=; MTAxIzI=,Tekanan Udara; Kelembaban Udara,/2/MTA1IzI=/tekanan-udara.html; /2/MTAxIzI=/kelembaban-udara.html,5.0,37.0,Maks
122,2022,Mei,22.6,Data Tersedia,2024-03-04 09:44:31,Suhu Udara,539.0,Lingkungan,99.0,Celcius,MTA1IzI=; MTAxIzI=,Tekanan Udara; Kelembaban Udara,/2/MTA1IzI=/tekanan-udara.html; /2/MTAxIzI=/kelembaban-udara.html,5.0,38.0,Min
122,2022,Mei,27.4,Data Tersedia,2024-03-04 09:44:31,Suhu Udara,539.0,Lingkungan,99.0,Celcius,MTA1IzI=; MTAxIzI=,Tekanan Udara; Kelembaban Udara,/2/MTA1IzI=/tekanan-udara.html; /2/MTAxIzI=/kelembaban-udara.html,5.0,39.0,Rata-Rata
122,2022,Juni,34.4,Data Tersedia,2024-03-04 09:44:31,Suhu Udara,539.0,Lingkungan,99.0,Celcius,MTA1IzI=; MTAxIzI=,Tekanan Udara; Kelembaban Udara,/2/MTA1IzI=/tekanan-udara.html; /2/MTAxIzI=/kelembaban-udara.html,6.0,37.0,Maks
122,2022,Juni,21.9,Data Tersedia,2024-03-04 09:44:31,Suhu Udara,539.0,Lingkungan,99.0,Celcius,MTA1IzI=; MTAxIzI=,Tekanan Udara; Kelembaban Udara,/2/MTA1IzI=/tekanan-udara.html; /2/MTAxIzI=/kelembaban-udara.html,6.0,38.0,Min
122,2022,Juni,26.8,Data Tersedia,2024-03-04 09:44:31,Suhu Udara,539.0,Lingkungan,99.0,Celcius,MTA1IzI=; MTAxIzI=,Tekanan Udara; Kelembaban Udara,/2/MTA1IzI=/tekanan-udara.html; /2/MTAxIzI=/kelembaban-udara.html,6.0,39.0,Rata-Rata
122,2022,Juli,34.4,Data Tersedia,2024-03-04 09:44:31,Suhu Udara,539.0,Lingkungan,99.0,Celcius,MTA1IzI=; MTAxIzI=,Tekanan Udara; Kelembaban Udara,/2/MTA1IzI=/tekanan-udara.html; /2/MTAxIzI=/kelembaban-udara.html,7.0,37.0,Maks
122,2022,Juli,20.6,Data Tersedia,2024-03-04 09:44:31,Suhu Udara,539.0,Lingkungan,99.0,Celcius,MTA1IzI=; MTAxIzI=,Tekanan Udara; Kelembaban Udara,/2/MTA1IzI=/tekanan-udara.html; /2/MTAxIzI=/kelembaban-udara.html,7.0,38.0,Min
122,2022,Juli,27.3,Data Tersedia,2024-03-04 09:44:31,Suhu Udara,539.0,Lingkungan,99.0,Celcius,MTA1IzI=; MTAxIzI=,Tekanan Udara; Kelembaban Udara,/2/MTA1IzI=/tekanan-udara.html; /2/MTAxIzI=/kelembaban-udara.html,7.0,39.0,Rata-Rata
122,2022,Agustus,34.0,Data Tersedia,2024-03-04 09:44:31,Suhu Udara,539.0,Lingkungan,99.0,Celcius,MTA1IzI=; MTAxIzI=,Tekanan Udara; Kelembaban Udara,/2/MTA1IzI=/tekanan-udara.html; /2/MTAxIzI=/kelembaban-udara.html,8.0,37.0,Maks
122,2022,Agustus,20.7,Data Tersedia,2024-03-04 09:44:31,Suhu Udara,539.0,Lingkungan,99.0,Celcius,MTA1IzI=; MTAxIzI=,Tekanan Udara; Kelembaban Udara,/2/MTA1IzI=/tekanan-udara.html; /2/MTAxIzI=/kelembaban-udara.html,8.0,38.0,Min
122,2022,Agustus,27.3,Data Tersedia,2024-03-04 09:44:31,Suhu Udara,539.0,Lingkungan,99.0,Celcius,MTA1IzI=; MTAxIzI=,Tekanan Udara; Kelembaban Udara,/2/MTA1IzI=/tekanan-udara.html; /2/MTAxIzI=/kelembaban-udara.html,8.0,39.0,Rata-Rata
122,2022,September,35.0,Data Tersedia,2024-03-04 09:44:31,Suhu Udara,539.0,Lingkungan,99.0,Celcius,MTA1IzI=; MTAxIzI=,Tekanan Udara; Kelembaban Udara,/2/MTA1IzI=/tekanan-udara.html; /2/MTAxIzI=/kelembaban-udara.html,9.0,37.0,Maks
122,2022,September,21.6,Data Tersedia,2024-03-04 09:44:31,Suhu Udara,539.0,Lingkungan,99.0,Celcius,MTA1IzI=; MTAxIzI=,Tekanan Udara; Kelembaban Udara,/2/MTA1IzI=/tekanan-udara.html; /2/MTAxIzI=/kelembaban-udara.html,9.0,38.0,Min
122,2022,September,27.6,Data Tersedia,2024-03-04 09:44:31,Suhu Udara,539.0,Lingkungan,99.0,Celcius,MTA1IzI=; MTAxIzI=,Tekanan Udara; Kelembaban Udara,/2/MTA1IzI=/tekanan-udara.html; /2/MTAxIzI=/kelembaban-udara.html,9.0,39.0,Rata-Rata
122,2022,Oktober,34.6,Data Tersedia,2024-03-04 09:44:31,Suhu Udara,539.0,Lingkungan,99.0,Celcius,MTA1IzI=; MTAxIzI=,Tekanan Udara; Kelembaban Udara,/2/MTA1IzI=/tekanan-udara.html; /2/MTAxIzI=/kelembaban-udara.html,10.0,37.0,Maks
122,2022,Oktober,22.9,Data Tersedia,2024-03-04 09:44:31,Suhu Udara,539.0,Lingkungan,99.0,Celcius,MTA1IzI=; MTAxIzI=,Tekanan Udara; Kelembaban Udara,/2/MTA1IzI=/tekanan-udara.html; /2/MTAxIzI=/kelembaban-udara.html,10.0,38.0,Min
122,2022,Oktober,26.9,Data Tersedia,2024-03-04 09:44:31,Suhu Udara,539.0,Lingkungan,99.0,Celcius,MTA1IzI=; MTAxIzI=,Tekanan Udara; Kelembaban Udara,/2/MTA1IzI=/tekanan-udara.html; /2/MTAxIzI=/kelembaban-udara.html,10.0,39.0,Rata-Rata
122,2022,November,33.6,Data Tersedia,2024-03-04 09:44:31,Suhu Udara,539.0,Lingkungan,99.0,Celcius,MTA1IzI=; MTAxIzI=,Tekanan Udara; Kelembaban Udara,/2/MTA1IzI=/tekanan-udara.html; /2/MTAxIzI=/kelembaban-udara.html,11.0,37.0,Maks
122,2022,November,22.8,Data Tersedia,2024-03-04 09:44:31,Suhu Udara,539.0,Lingkungan,99.0,Celcius,MTA1IzI=; MTAxIzI=,Tekanan Udara; Kelembaban Udara,/2/MTA1IzI=/tekanan-udara.html; /2/MTAxIzI=/kelembaban-udara.html,11.0,38.0,Min
122,2022,November,26.8,Data Tersedia,2024-03-04 09:44:31,Suhu Udara,539.0,Lingkungan,99.0,Celcius,MTA1IzI=; MTAxIzI=,Tekanan Udara; Kelembaban Udara,/2/MTA1IzI=/tekanan-udara.html; /2/MTAxIzI=/kelembaban-udara.html,11.0,39.0,Rata-Rata
122,2022,Desember,33.0,Data Tersedia,2024-03-04 09:44:31,Suhu Udara,539.0,Lingkungan,99.0,Celcius,MTA1IzI=; MTAxIzI=,Tekanan Udara; Kelembaban Udara,/2/MTA1IzI=/tekanan-udara.html; /2/MTAxIzI=/kelembaban-udara.html,12.0,37.0,Maks
122,2022,Desember,21.9,Data Tersedia,2024-03-04 09:44:31,Suhu Udara,539.0,Lingkungan,99.0,Celcius,MTA1IzI=; MTAxIzI=,Tekanan Udara; Kelembaban Udara,/2/MTA1IzI=/tekanan-udara.html; /2/MTAxIzI=/kelembaban-udara.html,12.0,38.0,Min
122,2022,Desember,26.1,Data Tersedia,2024-03-04 09:44:31,Suhu Udara,539.0,Lingkungan,99.0,Celcius,MTA1IzI=; MTAxIzI=,Tekanan Udara; Kelembaban Udara,/2/MTA1IzI=/tekanan-udara.html; /2/MTAxIzI=/kelembaban-udara.html,12.0,39.0,Rata-Rata
123,2023,Januari,30.2,Data Tersedia,2024-03-04 09:44:31,Suhu Udara,539.0,Lingkungan,99.0,Celcius,MTA1IzI=; MTAxIzI=,Tekanan Udara; Kelembaban Udara,/2/MTA1IzI=/tekanan-udara.html; /2/MTAxIzI=/kelembaban-udara.html,1.0,37.0,Maks
123,2023,Januari,23.7,Data Tersedia,2024-03-04 09:44:31,Suhu Udara,539.0,Lingkungan,99.0,Celcius,MTA1IzI=; MTAxIzI=,Tekanan Udara; Kelembaban Udara,/2/MTA1IzI=/tekanan-udara.html; /2/MTAxIzI=/kelembaban-udara.html,1.0,38.0,Min
123,2023,Januari,26.3,Data Tersedia,2024-03-04 09:44:31,Suhu Udara,539.0,Lingkungan,99.0,Celcius,MTA1IzI=; MTAxIzI=,Tekanan Udara; Kelembaban Udara,/2/MTA1IzI=/tekanan-udara.html; /2/MTAxIzI=/kelembaban-udara.html,1.0,39.0,Rata-Rata
123,2023,Februari,30.2,Data Tersedia,2024-03-04 09:44:31,Suhu Udara,539.0,Lingkungan,99.0,Celcius,MTA1IzI=; MTAxIzI=,Tekanan Udara; Kelembaban Udara,/2/MTA1IzI=/tekanan-udara.html; /2/MTAxIzI=/kelembaban-udara.html,2.0,37.0,Maks
123,2023,Februari,23.5,Data Tersedia,2024-03-04 09:44:31,Suhu Udara,539.0,Lingkungan,99.0,Celcius,MTA1IzI=; MTAxIzI=,Tekanan Udara; Kelembaban Udara,/2/MTA1IzI=/tekanan-udara.html; /2/MTAxIzI=/kelembaban-udara.html,2.0,38.0,Min
123,2023,Februari,26.1,Data Tersedia,2024-03-04 09:44:31,Suhu Udara,539.0,Lingkungan,99.0,Celcius,MTA1IzI=; MTAxIzI=,Tekanan Udara; Kelembaban Udara,/2/MTA1IzI=/tekanan-udara.html; /2/MTAxIzI=/kelembaban-udara.html,2.0,39.0,Rata-Rata
123,2023,Maret,31.4,Data Tersedia,2024-03-04 09:44:31,Suhu Udara,539.0,Lingkungan,99.0,Celcius,MTA1IzI=; MTAxIzI=,Tekanan Udara; Kelembaban Udara,/2/MTA1IzI=/tekanan-udara.html; /2/MTAxIzI=/kelembaban-udara.html,3.0,37.0,Maks
123,2023,Maret,23.8,Data Tersedia,2024-03-04 09:44:31,Suhu Udara,539.0,Lingkungan,99.0,Celcius,MTA1IzI=; MTAxIzI=,Tekanan Udara; Kelembaban Udara,/2/MTA1IzI=/tekanan-udara.html; /2/MTAxIzI=/kelembaban-udara.html,3.0,38.0,Min
123,2023,Maret,26.7,Data Tersedia,2024-03-04 09:44:31,Suhu Udara,539.0,Lingkungan,99.0,Celcius,MTA1IzI=; MTAxIzI=,Tekanan Udara; Kelembaban Udara,/2/MTA1IzI=/tekanan-udara.html; /2/MTAxIzI=/kelembaban-udara.html,3.0,39.0,Rata-Rata
123,2023,April,32.1,Data Tersedia,2024-03-04 09:44:31,Suhu Udara,539.0,Lingkungan,99.0,Celcius,MTA1IzI=; MTAxIzI=,Tekanan Udara; Kelembaban Udara,/2/MTA1IzI=/tekanan-udara.html; /2/MTAxIzI=/kelembaban-udara.html,4.0,37.0,Maks
123,2023,April,24.1,Data Tersedia,2024-03-04 09:44:31,Suhu Udara,539.0,Lingkungan,99.0,Celcius,MTA1IzI=; MTAxIzI=,Tekanan Udara; Kelembaban Udara,/2/MTA1IzI=/tekanan-udara.html; /2/MTAxIzI=/kelembaban-udara.html,4.0,38.0,Min
123,2023,April,27.1,Data Tersedia,2024-03-04 09:44:31,Suhu Udara,539.0,Lingkungan,99.0,Celcius,MTA1IzI=; MTAxIzI=,Tekanan Udara; Kelembaban Udara,/2/MTA1IzI=/tekanan-udara.html; /2/MTAxIzI=/kelembaban-udara.html,4.0,39.0,Rata-Rata
123,2023,Mei,33.1,Data Tersedia,2024-03-04 09:44:31,Suhu Udara,539.0,Lingkungan,99.0,Celcius,MTA1IzI=; MTAxIzI=,Tekanan Udara; Kelembaban Udara,/2/MTA1IzI=/tekanan-udara.html; /2/MTAxIzI=/kelembaban-udara.html,5.0,37.0,Maks
123,2023,Mei,24.2,Data Tersedia,2024-03-04 09:44:31,Suhu Udara,539.0,Lingkungan,99.0,Celcius,MTA1IzI=; MTAxIzI=,Tekanan Udara; Kelembaban Udara,/2/MTA1IzI=/tekanan-udara.html; /2/MTAxIzI=/kelembaban-udara.html,5.0,38.0,Min
123,2023,Mei,27.8,Data Tersedia,2024-03-04 09:44:31,Suhu Udara,539.0,Lingkungan,99.0,Celcius,MTA1IzI=; MTAxIzI=,Tekanan Udara; Kelembaban Udara,/2/MTA1IzI=/tekanan-udara.html; /2/MTAxIzI=/kelembaban-udara.html,5.0,39.0,Rata-Rata
123,2023,Juni,32.9,Data Tersedia,2024-03-04 09:44:31,Suhu Udara,539.0,Lingkungan,99.0,Celcius,MTA1IzI=; MTAxIzI=,Tekanan Udara; Kelembaban Udara,/2/MTA1IzI=/tekanan-udara.html; /2/MTAxIzI=/kelembaban-udara.html,6.0,37.0,Maks
123,2023,Juni,23.7,Data Tersedia,2024-03-04 09:44:31,Suhu Udara,539.0,Lingkungan,99.0,Celcius,MTA1IzI=; MTAxIzI=,Tekanan Udara; Kelembaban Udara,/2/MTA1IzI=/tekanan-udara.html; /2/MTAxIzI=/kelembaban-udara.html,6.0,38.0,Min
123,2023,Juni,27.3,Data Tersedia,2024-03-04 09:44:31,Suhu Udara,539.0,Lingkungan,99.0,Celcius,MTA1IzI=; MTAxIzI=,Tekanan Udara; Kelembaban Udara,/2/MTA1IzI=/tekanan-udara.html; /2/MTAxIzI=/kelembaban-udara.html,6.0,39.0,Rata-Rata
123,2023,Juli,32.7,Data Tersedia,2024-03-04 09:44:31,Suhu Udara,539.0,Lingkungan,99.0,Celcius,MTA1IzI=; MTAxIzI=,Tekanan Udara; Kelembaban Udara,/2/MTA1IzI=/tekanan-udara.html; /2/MTAxIzI=/kelembaban-udara.html,7.0,37.0,Maks
123,2023,Juli,22.7,Data Tersedia,2024-03-04 09:44:31,Suhu Udara,539.0,Lingkungan,99.0,Celcius,MTA1IzI=; MTAxIzI=,Tekanan Udara; Kelembaban Udara,/2/MTA1IzI=/tekanan-udara.html; /2/MTAxIzI=/kelembaban-udara.html,7.0,38.0,Min
123,2023,Juli,26.8,Data Tersedia,2024-03-04 09:44:31,Suhu Udara,539.0,Lingkungan,99.0,Celcius,MTA1IzI=; MTAxIzI=,Tekanan Udara; Kelembaban Udara,/2/MTA1IzI=/tekanan-udara.html; /2/MTAxIzI=/kelembaban-udara.html,7.0,39.0,Rata-Rata
123,2023,Agustus,33.9,Data Tersedia,2024-03-04 09:44:31,Suhu Udara,539.0,Lingkungan,99.0,Celcius,MTA1IzI=; MTAxIzI=,Tekanan Udara; Kelembaban Udara,/2/MTA1IzI=/tekanan-udara.html; /2/MTAxIzI=/kelembaban-udara.html,8.0,37.0,Maks
123,2023,Agustus,22.0,Data Tersedia,2024-03-04 09:44:31,Suhu Udara,539.0,Lingkungan,99.0,Celcius,MTA1IzI=; MTAxIzI=,Tekanan Udara; Kelembaban Udara,/2/MTA1IzI=/tekanan-udara.html; /2/MTAxIzI=/kelembaban-udara.html,8.0,38.0,Min
123,2023,Agustus,27.1,Data Tersedia,2024-03-04 09:44:31,Suhu Udara,539.0,Lingkungan,99.0,Celcius,MTA1IzI=; MTAxIzI=,Tekanan Udara; Kelembaban Udara,/2/MTA1IzI=/tekanan-udara.html; /2/MTAxIzI=/kelembaban-udara.html,8.0,39.0,Rata-Rata
123,2023,September,35.3,Data Tersedia,2024-03-04 09:44:31,Suhu Udara,539.0,Lingkungan,99.0,Celcius,MTA1IzI=; MTAxIzI=,Tekanan Udara; Kelembaban Udara,/2/MTA1IzI=/tekanan-udara.html; /2/MTAxIzI=/kelembaban-udara.html,9.0,37.0,Maks
123,2023,September,22.4,Data Tersedia,2024-03-04 09:44:31,Suhu Udara,539.0,Lingkungan,99.0,Celcius,MTA1IzI=; MTAxIzI=,Tekanan Udara; Kelembaban Udara,/2/MTA1IzI=/tekanan-udara.html; /2/MTAxIzI=/kelembaban-udara.html,9.0,38.0,Min
123,2023,September,28.3,Data Tersedia,2024-03-04 09:44:31,Suhu Udara,539.0,Lingkungan,99.0,Celcius,MTA1IzI=; MTAxIzI=,Tekanan Udara; Kelembaban Udara,/2/MTA1IzI=/tekanan-udara.html; /2/MTAxIzI=/kelembaban-udara.html,9.0,39.0,Rata-Rata
123,2023,Oktober,35.9,Data Tersedia,2024-03-04 09:44:31,Suhu Udara,539.0,Lingkungan,99.0,Celcius,MTA1IzI=; MTAxIzI=,Tekanan Udara; Kelembaban Udara,/2/MTA1IzI=/tekanan-udara.html; /2/MTAxIzI=/kelembaban-udara.html,10.0,37.0,Maks
123,2023,Oktober,23.2,Data Tersedia,2024-03-04 09:44:31,Suhu Udara,539.0,Lingkungan,99.0,Celcius,MTA1IzI=; MTAxIzI=,Tekanan Udara; Kelembaban Udara,/2/MTA1IzI=/tekanan-udara.html; /2/MTAxIzI=/kelembaban-udara.html,10.0,38.0,Min
123,2023,Oktober,28.9,Data Tersedia,2024-03-04 09:44:31,Suhu Udara,539.0,Lingkungan,99.0,Celcius,MTA1IzI=; MTAxIzI=,Tekanan Udara; Kelembaban Udara,/2/MTA1IzI=/tekanan-udara.html; /2/MTAxIzI=/kelembaban-udara.html,10.0,39.0,Rata-Rata
123,2023,November,34.1,Data Tersedia,2024-03-04 09:44:31,Suhu Udara,539.0,Lingkungan,99.0,Celcius,MTA1IzI=; MTAxIzI=,Tekanan Udara; Kelembaban Udara,/2/MTA1IzI=/tekanan-udara.html; /2/MTAxIzI=/kelembaban-udara.html,11.0,37.0,Maks
123,2023,November,24.4,Data Tersedia,2024-03-04 09:44:31,Suhu Udara,539.0,Lingkungan,99.0,Celcius,MTA1IzI=; MTAxIzI=,Tekanan Udara; Kelembaban Udara,/2/MTA1IzI=/tekanan-udara.html; /2/MTAxIzI=/kelembaban-udara.html,11.0,38.0,Min
123,2023,November,28.3,Data Tersedia,2024-03-04 09:44:31,Suhu Udara,539.0,Lingkungan,99.0,Celcius,MTA1IzI=; MTAxIzI=,Tekanan Udara; Kelembaban Udara,/2/MTA1IzI=/tekanan-udara.html; /2/MTAxIzI=/kelembaban-udara.html,11.0,39.0,Rata-Rata
123,2023,Desember,32.3,Data Tersedia,2024-03-04 09:44:31,Suhu Udara,539.0,Lingkungan,99.0,Celcius,MTA1IzI=; MTAxIzI=,Tekanan Udara; Kelembaban Udara,/2/MTA1IzI=/tekanan-udara.html; /2/MTAxIzI=/kelembaban-udara.html,12.0,37.0,Maks
123,2023,Desember,24.6,Data Tersedia,2024-03-04 09:44:31,Suhu Udara,539.0,Lingkungan,99.0,Celcius,MTA1IzI=; MTAxIzI=,Tekanan Udara; Kelembaban Udara,/2/MTA1IzI=/tekanan-udara.html; /2/MTAxIzI=/kelembaban-udara.html,12.0,38.0,Min
123,2023,Desember,27.6,Data Tersedia,2024-03-04 09:44:31,Suhu Udara,539.0,Lingkungan,99.0,Celcius,MTA1IzI=; MTAxIzI=,Tekanan Udara; Kelembaban Udara,/2/MTA1IzI=/tekanan-udara.html; /2/MTAxIzI=/kelembaban-udara.html,12.0,39.0,Rata-Rata
124,,,,Data Tidak Ditemukan,,,,,,,,,,,,
125,,,,Data Tidak Ditemukan,,,,,,,,,,,,
