id_tahun,tahun,vervar_label,nilai,status,last_update,var_label,subject_id,subject_label,var_id,var_unit,related_ids,related_titles,related_links,vervar_id,turvar_id,turvar_label
100,,,,Data Tidak Ditemukan,,,,,,,,,,,,
101,,,,Data Tidak Ditemukan,,,,,,,,,,,,
102,,,,Data Tidak Ditemukan,,,,,,,,,,,,
103,,,,Data Tidak Ditemukan,,,,,,,,,,,,
104,,,,Data Tidak Ditemukan,,,,,,,,,,,,
105,,,,Data Tidak Ditemukan,,,,,,,,,,,,
106,,,,Data Tidak Ditemukan,,,,,,,,,,,,
107,,,,Data Tidak Ditemukan,,,,,,,,,,,,
108,,,,Data Tidak Ditemukan,,,,,,,,,,,,
109,,,,Data Tidak Ditemukan,,,,,,,,,,,,
110,,,,Data Tidak Ditemukan,,,,,,,,,,,,
111,,,,Data Tidak Ditemukan,,,,,,,,,,,,
112,,,,Data Tidak Ditemukan,,,,,,,,,,,,
113,,,,Data Tidak Ditemukan,,,,,,,,,,,,
114,,,,Data Tidak Ditemukan,,,,,,,,,,,,
115,,,,Data Tidak Ditemukan,,,,,,,,,,,,
116,,,,Data Tidak Ditemukan,,,,,,,,,,,,
117,,,,Data Tidak Ditemukan,,,,,,,,,,,,
118,,,,Data Tidak Ditemukan,,,,,,,,,,,,
119,,,,Data Tidak Ditemukan,,,,,,,,,,,,
120,,Tanete Riaja,,Data Tidak Ditemukan,2024-04-17 01:07:18,Jumlah Pelanggan Air yang disalurkan,558.0,Energi,178.0,,MTM5IzI=; MTQwIzI=; MTQxIzI=; MTczIzI=; MjA0IzI=; MTcyIzI=; MTYzIzI=,Jumlah Pelanggan Listrik; Jumlah Pelanggan Air; Jumlah Pelanggan Air; Jumlah Perkara Yang Diterima/Diputuskan  Pengadilan Agama ; Jumlah Surat Nikah yang Diterbitkan Menurut Kecamatan; Jumlah Perkara Yang Diterima/Diputuskan  Pengadilan Agama ; Jumlah Ternak Yang Dipotong menurut Jenis Ternak,/2/MTM5IzI=/jumlah-pelanggan-listrik.html; /2/MTQwIzI=/jumlah-pelanggan-air.html; /2/MTQxIzI=/jumlah-pelanggan-air.html; /2/MTczIzI=/jumlah-perkara-yang-diterima-diputuskan--pengadilan-agama-.html; /2/MjA0IzI=/jumlah-surat-nikah-yang-diterbitkan-menurut-kecamatan.html; /2/MTcyIzI=/jumlah-perkara-yang-diterima-diputuskan--pengadilan-agama-.html; /2/MTYzIzI=/jumlah-ternak-yang-dipotong-menurut-jenis-ternak.html,1.0,75.0,Pelanggan
120,,Tanete Riaja,,Data Tidak Ditemukan,2024-04-17 01:07:18,Jumlah Pelanggan Air yang disalurkan,558.0,Energi,178.0,,MTM5IzI=; MTQwIzI=; MTQxIzI=; MTczIzI=; MjA0IzI=; MTcyIzI=; MTYzIzI=,Jumlah Pelanggan Listrik; Jumlah Pelanggan Air; Jumlah Pelanggan Air; Jumlah Perkara Yang Diterima/Diputuskan  Pengadilan Agama ; Jumlah Surat Nikah yang Diterbitkan Menurut Kecamatan; Jumlah Perkara Yang Diterima/Diputuskan  Pengadilan Agama ; Jumlah Ternak Yang Dipotong menurut Jenis Ternak,/2/MTM5IzI=/jumlah-pelanggan-listrik.html; /2/MTQwIzI=/jumlah-pelanggan-air.html; /2/MTQxIzI=/jumlah-pelanggan-air.html; /2/MTczIzI=/jumlah-perkara-yang-diterima-diputuskan--pengadilan-agama-.html; /2/MjA0IzI=/jumlah-surat-nikah-yang-diterbitkan-menurut-kecamatan.html; /2/MTcyIzI=/jumlah-perkara-yang-diterima-diputuskan--pengadilan-agama-.html; /2/MTYzIzI=/jumlah-ternak-yang-dipotong-menurut-jenis-ternak.html,1.0,76.0,Air Disalurkan
120,,Tanete Riaja,,Data Tidak Ditemukan,2024-04-17 01:07:18,Jumlah Pelanggan Air yang disalurkan,558.0,Energi,178.0,,MTM5IzI=; MTQwIzI=; MTQxIzI=; MTczIzI=; MjA0IzI=; MTcyIzI=; MTYzIzI=,Jumlah Pelanggan Listrik; Jumlah Pelanggan Air; Jumlah Pelanggan Air; Jumlah Perkara Yang Diterima/Diputuskan  Pengadilan Agama ; Jumlah Surat Nikah yang Diterbitkan Menurut Kecamatan; Jumlah Perkara Yang Diterima/Diputuskan  Pengadilan Agama ; Jumlah Ternak Yang Dipotong menurut Jenis Ternak,/2/MTM5IzI=/jumlah-pelanggan-listrik.html; /2/MTQwIzI=/jumlah-pelanggan-air.html; /2/MTQxIzI=/jumlah-pelanggan-air.html; /2/MTczIzI=/jumlah-perkara-yang-diterima-diputuskan--pengadilan-agama-.html; /2/MjA0IzI=/jumlah-surat-nikah-yang-diterbitkan-menurut-kecamatan.html; /2/MTcyIzI=/jumlah-perkara-yang-diterima-diputuskan--pengadilan-agama-.html; /2/MTYzIzI=/jumlah-ternak-yang-dipotong-menurut-jenis-ternak.html,1.0,77.0,Nilai
120,,Pujananting,,Data Tidak Ditemukan,2024-04-17 01:07:18,Jumlah Pelanggan Air yang disalurkan,558.0,Energi,178.0,,MTM5IzI=; MTQwIzI=; MTQxIzI=; MTczIzI=; MjA0IzI=; MTcyIzI=; MTYzIzI=,Jumlah Pelanggan Listrik; Jumlah Pelanggan Air; Jumlah Pelanggan Air; Jumlah Perkara Yang Diterima/Diputuskan  Pengadilan Agama ; Jumlah Surat Nikah yang Diterbitkan Menurut Kecamatan; Jumlah Perkara Yang Diterima/Diputuskan  Pengadilan Agama ; Jumlah Ternak Yang Dipotong menurut Jenis Ternak,/2/MTM5IzI=/jumlah-pelanggan-listrik.html; /2/MTQwIzI=/jumlah-pelanggan-air.html; /2/MTQxIzI=/jumlah-pelanggan-air.html; /2/MTczIzI=/jumlah-perkara-yang-diterima-diputuskan--pengadilan-agama-.html; /2/MjA0IzI=/jumlah-surat-nikah-yang-diterbitkan-menurut-kecamatan.html; /2/MTcyIzI=/jumlah-perkara-yang-diterima-diputuskan--pengadilan-agama-.html; /2/MTYzIzI=/jumlah-ternak-yang-dipotong-menurut-jenis-ternak.html,2.0,75.0,Pelanggan
120,,Pujananting,,Data Tidak Ditemukan,2024-04-17 01:07:18,Jumlah Pelanggan Air yang disalurkan,558.0,Energi,178.0,,MTM5IzI=; MTQwIzI=; MTQxIzI=; MTczIzI=; MjA0IzI=; MTcyIzI=; MTYzIzI=,Jumlah Pelanggan Listrik; Jumlah Pelanggan Air; Jumlah Pelanggan Air; Jumlah Perkara Yang Diterima/Diputuskan  Pengadilan Agama ; Jumlah Surat Nikah yang Diterbitkan Menurut Kecamatan; Jumlah Perkara Yang Diterima/Diputuskan  Pengadilan Agama ; Jumlah Ternak Yang Dipotong menurut Jenis Ternak,/2/MTM5IzI=/jumlah-pelanggan-listrik.html; /2/MTQwIzI=/jumlah-pelanggan-air.html; /2/MTQxIzI=/jumlah-pelanggan-air.html; /2/MTczIzI=/jumlah-perkara-yang-diterima-diputuskan--pengadilan-agama-.html; /2/MjA0IzI=/jumlah-surat-nikah-yang-diterbitkan-menurut-kecamatan.html; /2/MTcyIzI=/jumlah-perkara-yang-diterima-diputuskan--pengadilan-agama-.html; /2/MTYzIzI=/jumlah-ternak-yang-dipotong-menurut-jenis-ternak.html,2.0,76.0,Air Disalurkan
120,,Pujananting,,Data Tidak Ditemukan,2024-04-17 01:07:18,Jumlah Pelanggan Air yang disalurkan,558.0,Energi,178.0,,MTM5IzI=; MTQwIzI=; MTQxIzI=; MTczIzI=; MjA0IzI=; MTcyIzI=; MTYzIzI=,Jumlah Pelanggan Listrik; Jumlah Pelanggan Air; Jumlah Pelanggan Air; Jumlah Perkara Yang Diterima/Diputuskan  Pengadilan Agama ; Jumlah Surat Nikah yang Diterbitkan Menurut Kecamatan; Jumlah Perkara Yang Diterima/Diputuskan  Pengadilan Agama ; Jumlah Ternak Yang Dipotong menurut Jenis Ternak,/2/MTM5IzI=/jumlah-pelanggan-listrik.html; /2/MTQwIzI=/jumlah-pelanggan-air.html; /2/MTQxIzI=/jumlah-pelanggan-air.html; /2/MTczIzI=/jumlah-perkara-yang-diterima-diputuskan--pengadilan-agama-.html; /2/MjA0IzI=/jumlah-surat-nikah-yang-diterbitkan-menurut-kecamatan.html; /2/MTcyIzI=/jumlah-perkara-yang-diterima-diputuskan--pengadilan-agama-.html; /2/MTYzIzI=/jumlah-ternak-yang-dipotong-menurut-jenis-ternak.html,2.0,77.0,Nilai
120,,Tanete Rilau,,Data Tidak Ditemukan,2024-04-17 01:07:18,Jumlah Pelanggan Air yang disalurkan,558.0,Energi,178.0,,MTM5IzI=; MTQwIzI=; MTQxIzI=; MTczIzI=; MjA0IzI=; MTcyIzI=; MTYzIzI=,Jumlah Pelanggan Listrik; Jumlah Pelanggan Air; Jumlah Pelanggan Air; Jumlah Perkara Yang Diterima/Diputuskan  Pengadilan Agama ; Jumlah Surat Nikah yang Diterbitkan Menurut Kecamatan; Jumlah Perkara Yang Diterima/Diputuskan  Pengadilan Agama ; Jumlah Ternak Yang Dipotong menurut Jenis Ternak,/2/MTM5IzI=/jumlah-pelanggan-listrik.html; /2/MTQwIzI=/jumlah-pelanggan-air.html; /2/MTQxIzI=/jumlah-pelanggan-air.html; /2/MTczIzI=/jumlah-perkara-yang-diterima-diputuskan--pengadilan-agama-.html; /2/MjA0IzI=/jumlah-surat-nikah-yang-diterbitkan-menurut-kecamatan.html; /2/MTcyIzI=/jumlah-perkara-yang-diterima-diputuskan--pengadilan-agama-.html; /2/MTYzIzI=/jumlah-ternak-yang-dipotong-menurut-jenis-ternak.html,3.0,75.0,Pelanggan
120,,Tanete Rilau,,Data Tidak Ditemukan,2024-04-17 01:07:18,Jumlah Pelanggan Air yang disalurkan,558.0,Energi,178.0,,MTM5IzI=; MTQwIzI=; MTQxIzI=; MTczIzI=; MjA0IzI=; MTcyIzI=; MTYzIzI=,Jumlah Pelanggan Listrik; Jumlah Pelanggan Air; Jumlah Pelanggan Air; Jumlah Perkara Yang Diterima/Diputuskan  Pengadilan Agama ; Jumlah Surat Nikah yang Diterbitkan Menurut Kecamatan; Jumlah Perkara Yang Diterima/Diputuskan  Pengadilan Agama ; Jumlah Ternak Yang Dipotong menurut Jenis Ternak,/2/MTM5IzI=/jumlah-pelanggan-listrik.html; /2/MTQwIzI=/jumlah-pelanggan-air.html; /2/MTQxIzI=/jumlah-pelanggan-air.html; /2/MTczIzI=/jumlah-perkara-yang-diterima-diputuskan--pengadilan-agama-.html; /2/MjA0IzI=/jumlah-surat-nikah-yang-diterbitkan-menurut-kecamatan.html; /2/MTcyIzI=/jumlah-perkara-yang-diterima-diputuskan--pengadilan-agama-.html; /2/MTYzIzI=/jumlah-ternak-yang-dipotong-menurut-jenis-ternak.html,3.0,76.0,Air Disalurkan
120,,Tanete Rilau,,Data Tidak Ditemukan,2024-04-17 01:07:18,Jumlah Pelanggan Air yang disalurkan,558.0,Energi,178.0,,MTM5IzI=; MTQwIzI=; MTQxIzI=; MTczIzI=; MjA0IzI=; MTcyIzI=; MTYzIzI=,Jumlah Pelanggan Listrik; Jumlah Pelanggan Air; Jumlah Pelanggan Air; Jumlah Perkara Yang Diterima/Diputuskan  Pengadilan Agama ; Jumlah Surat Nikah yang Diterbitkan Menurut Kecamatan; Jumlah Perkara Yang Diterima/Diputuskan  Pengadilan Agama ; Jumlah Ternak Yang Dipotong menurut Jenis Ternak,/2/MTM5IzI=/jumlah-pelanggan-listrik.html; /2/MTQwIzI=/jumlah-pelanggan-air.html; /2/MTQxIzI=/jumlah-pelanggan-air.html; /2/MTczIzI=/jumlah-perkara-yang-diterima-diputuskan--pengadilan-agama-.html; /2/MjA0IzI=/jumlah-surat-nikah-yang-diterbitkan-menurut-kecamatan.html; /2/MTcyIzI=/jumlah-perkara-yang-diterima-diputuskan--pengadilan-agama-.html; /2/MTYzIzI=/jumlah-ternak-yang-dipotong-menurut-jenis-ternak.html,3.0,77.0,Nilai
120,,Barru,,Data Tidak Ditemukan,2024-04-17 01:07:18,Jumlah Pelanggan Air yang disalurkan,558.0,Energi,178.0,,MTM5IzI=; MTQwIzI=; MTQxIzI=; MTczIzI=; MjA0IzI=; MTcyIzI=; MTYzIzI=,Jumlah Pelanggan Listrik; Jumlah Pelanggan Air; Jumlah Pelanggan Air; Jumlah Perkara Yang Diterima/Diputuskan  Pengadilan Agama ; Jumlah Surat Nikah yang Diterbitkan Menurut Kecamatan; Jumlah Perkara Yang Diterima/Diputuskan  Pengadilan Agama ; Jumlah Ternak Yang Dipotong menurut Jenis Ternak,/2/MTM5IzI=/jumlah-pelanggan-listrik.html; /2/MTQwIzI=/jumlah-pelanggan-air.html; /2/MTQxIzI=/jumlah-pelanggan-air.html; /2/MTczIzI=/jumlah-perkara-yang-diterima-diputuskan--pengadilan-agama-.html; /2/MjA0IzI=/jumlah-surat-nikah-yang-diterbitkan-menurut-kecamatan.html; /2/MTcyIzI=/jumlah-perkara-yang-diterima-diputuskan--pengadilan-agama-.html; /2/MTYzIzI=/jumlah-ternak-yang-dipotong-menurut-jenis-ternak.html,4.0,75.0,Pelanggan
120,,Barru,,Data Tidak Ditemukan,2024-04-17 01:07:18,Jumlah Pelanggan Air yang disalurkan,558.0,Energi,178.0,,MTM5IzI=; MTQwIzI=; MTQxIzI=; MTczIzI=; MjA0IzI=; MTcyIzI=; MTYzIzI=,Jumlah Pelanggan Listrik; Jumlah Pelanggan Air; Jumlah Pelanggan Air; Jumlah Perkara Yang Diterima/Diputuskan  Pengadilan Agama ; Jumlah Surat Nikah yang Diterbitkan Menurut Kecamatan; Jumlah Perkara Yang Diterima/Diputuskan  Pengadilan Agama ; Jumlah Ternak Yang Dipotong menurut Jenis Ternak,/2/MTM5IzI=/jumlah-pelanggan-listrik.html; /2/MTQwIzI=/jumlah-pelanggan-air.html; /2/MTQxIzI=/jumlah-pelanggan-air.html; /2/MTczIzI=/jumlah-perkara-yang-diterima-diputuskan--pengadilan-agama-.html; /2/MjA0IzI=/jumlah-surat-nikah-yang-diterbitkan-menurut-kecamatan.html; /2/MTcyIzI=/jumlah-perkara-yang-diterima-diputuskan--pengadilan-agama-.html; /2/MTYzIzI=/jumlah-ternak-yang-dipotong-menurut-jenis-ternak.html,4.0,76.0,Air Disalurkan
120,,Barru,,Data Tidak Ditemukan,2024-04-17 01:07:18,Jumlah Pelanggan Air yang disalurkan,558.0,Energi,178.0,,MTM5IzI=; MTQwIzI=; MTQxIzI=; MTczIzI=; MjA0IzI=; MTcyIzI=; MTYzIzI=,Jumlah Pelanggan Listrik; Jumlah Pelanggan Air; Jumlah Pelanggan Air; Jumlah Perkara Yang Diterima/Diputuskan  Pengadilan Agama ; Jumlah Surat Nikah yang Diterbitkan Menurut Kecamatan; Jumlah Perkara Yang Diterima/Diputuskan  Pengadilan Agama ; Jumlah Ternak Yang Dipotong menurut Jenis Ternak,/2/MTM5IzI=/jumlah-pelanggan-listrik.html; /2/MTQwIzI=/jumlah-pelanggan-air.html; /2/MTQxIzI=/jumlah-pelanggan-air.html; /2/MTczIzI=/jumlah-perkara-yang-diterima-diputuskan--pengadilan-agama-.html; /2/MjA0IzI=/jumlah-surat-nikah-yang-diterbitkan-menurut-kecamatan.html; /2/MTcyIzI=/jumlah-perkara-yang-diterima-diputuskan--pengadilan-agama-.html; /2/MTYzIzI=/jumlah-ternak-yang-dipotong-menurut-jenis-ternak.html,4.0,77.0,Nilai
120,,Soppeng Riaja,,Data Tidak Ditemukan,2024-04-17 01:07:18,Jumlah Pelanggan Air yang disalurkan,558.0,Energi,178.0,,MTM5IzI=; MTQwIzI=; MTQxIzI=; MTczIzI=; MjA0IzI=; MTcyIzI=; MTYzIzI=,Jumlah Pelanggan Listrik; Jumlah Pelanggan Air; Jumlah Pelanggan Air; Jumlah Perkara Yang Diterima/Diputuskan  Pengadilan Agama ; Jumlah Surat Nikah yang Diterbitkan Menurut Kecamatan; Jumlah Perkara Yang Diterima/Diputuskan  Pengadilan Agama ; Jumlah Ternak Yang Dipotong menurut Jenis Ternak,/2/MTM5IzI=/jumlah-pelanggan-listrik.html; /2/MTQwIzI=/jumlah-pelanggan-air.html; /2/MTQxIzI=/jumlah-pelanggan-air.html; /2/MTczIzI=/jumlah-perkara-yang-diterima-diputuskan--pengadilan-agama-.html; /2/MjA0IzI=/jumlah-surat-nikah-yang-diterbitkan-menurut-kecamatan.html; /2/MTcyIzI=/jumlah-perkara-yang-diterima-diputuskan--pengadilan-agama-.html; /2/MTYzIzI=/jumlah-ternak-yang-dipotong-menurut-jenis-ternak.html,5.0,75.0,Pelanggan
120,,Soppeng Riaja,,Data Tidak Ditemukan,2024-04-17 01:07:18,Jumlah Pelanggan Air yang disalurkan,558.0,Energi,178.0,,MTM5IzI=; MTQwIzI=; MTQxIzI=; MTczIzI=; MjA0IzI=; MTcyIzI=; MTYzIzI=,Jumlah Pelanggan Listrik; Jumlah Pelanggan Air; Jumlah Pelanggan Air; Jumlah Perkara Yang Diterima/Diputuskan  Pengadilan Agama ; Jumlah Surat Nikah yang Diterbitkan Menurut Kecamatan; Jumlah Perkara Yang Diterima/Diputuskan  Pengadilan Agama ; Jumlah Ternak Yang Dipotong menurut Jenis Ternak,/2/MTM5IzI=/jumlah-pelanggan-listrik.html; /2/MTQwIzI=/jumlah-pelanggan-air.html; /2/MTQxIzI=/jumlah-pelanggan-air.html; /2/MTczIzI=/jumlah-perkara-yang-diterima-diputuskan--pengadilan-agama-.html; /2/MjA0IzI=/jumlah-surat-nikah-yang-diterbitkan-menurut-kecamatan.html; /2/MTcyIzI=/jumlah-perkara-yang-diterima-diputuskan--pengadilan-agama-.html; /2/MTYzIzI=/jumlah-ternak-yang-dipotong-menurut-jenis-ternak.html,5.0,76.0,Air Disalurkan
120,,Soppeng Riaja,,Data Tidak Ditemukan,2024-04-17 01:07:18,Jumlah Pelanggan Air yang disalurkan,558.0,Energi,178.0,,MTM5IzI=; MTQwIzI=; MTQxIzI=; MTczIzI=; MjA0IzI=; MTcyIzI=; MTYzIzI=,Jumlah Pelanggan Listrik; Jumlah Pelanggan Air; Jumlah Pelanggan Air; Jumlah Perkara Yang Diterima/Diputuskan  Pengadilan Agama ; Jumlah Surat Nikah yang Diterbitkan Menurut Kecamatan; Jumlah Perkara Yang Diterima/Diputuskan  Pengadilan Agama ; Jumlah Ternak Yang Dipotong menurut Jenis Ternak,/2/MTM5IzI=/jumlah-pelanggan-listrik.html; /2/MTQwIzI=/jumlah-pelanggan-air.html; /2/MTQxIzI=/jumlah-pelanggan-air.html; /2/MTczIzI=/jumlah-perkara-yang-diterima-diputuskan--pengadilan-agama-.html; /2/MjA0IzI=/jumlah-surat-nikah-yang-diterbitkan-menurut-kecamatan.html; /2/MTcyIzI=/jumlah-perkara-yang-diterima-diputuskan--pengadilan-agama-.html; /2/MTYzIzI=/jumlah-ternak-yang-dipotong-menurut-jenis-ternak.html,5.0,77.0,Nilai
120,,Balusu,,Data Tidak Ditemukan,2024-04-17 01:07:18,Jumlah Pelanggan Air yang disalurkan,558.0,Energi,178.0,,MTM5IzI=; MTQwIzI=; MTQxIzI=; MTczIzI=; MjA0IzI=; MTcyIzI=; MTYzIzI=,Jumlah Pelanggan Listrik; Jumlah Pelanggan Air; Jumlah Pelanggan Air; Jumlah Perkara Yang Diterima/Diputuskan  Pengadilan Agama ; Jumlah Surat Nikah yang Diterbitkan Menurut Kecamatan; Jumlah Perkara Yang Diterima/Diputuskan  Pengadilan Agama ; Jumlah Ternak Yang Dipotong menurut Jenis Ternak,/2/MTM5IzI=/jumlah-pelanggan-listrik.html; /2/MTQwIzI=/jumlah-pelanggan-air.html; /2/MTQxIzI=/jumlah-pelanggan-air.html; /2/MTczIzI=/jumlah-perkara-yang-diterima-diputuskan--pengadilan-agama-.html; /2/MjA0IzI=/jumlah-surat-nikah-yang-diterbitkan-menurut-kecamatan.html; /2/MTcyIzI=/jumlah-perkara-yang-diterima-diputuskan--pengadilan-agama-.html; /2/MTYzIzI=/jumlah-ternak-yang-dipotong-menurut-jenis-ternak.html,6.0,75.0,Pelanggan
120,,Balusu,,Data Tidak Ditemukan,2024-04-17 01:07:18,Jumlah Pelanggan Air yang disalurkan,558.0,Energi,178.0,,MTM5IzI=; MTQwIzI=; MTQxIzI=; MTczIzI=; MjA0IzI=; MTcyIzI=; MTYzIzI=,Jumlah Pelanggan Listrik; Jumlah Pelanggan Air; Jumlah Pelanggan Air; Jumlah Perkara Yang Diterima/Diputuskan  Pengadilan Agama ; Jumlah Surat Nikah yang Diterbitkan Menurut Kecamatan; Jumlah Perkara Yang Diterima/Diputuskan  Pengadilan Agama ; Jumlah Ternak Yang Dipotong menurut Jenis Ternak,/2/MTM5IzI=/jumlah-pelanggan-listrik.html; /2/MTQwIzI=/jumlah-pelanggan-air.html; /2/MTQxIzI=/jumlah-pelanggan-air.html; /2/MTczIzI=/jumlah-perkara-yang-diterima-diputuskan--pengadilan-agama-.html; /2/MjA0IzI=/jumlah-surat-nikah-yang-diterbitkan-menurut-kecamatan.html; /2/MTcyIzI=/jumlah-perkara-yang-diterima-diputuskan--pengadilan-agama-.html; /2/MTYzIzI=/jumlah-ternak-yang-dipotong-menurut-jenis-ternak.html,6.0,76.0,Air Disalurkan
120,,Balusu,,Data Tidak Ditemukan,2024-04-17 01:07:18,Jumlah Pelanggan Air yang disalurkan,558.0,Energi,178.0,,MTM5IzI=; MTQwIzI=; MTQxIzI=; MTczIzI=; MjA0IzI=; MTcyIzI=; MTYzIzI=,Jumlah Pelanggan Listrik; Jumlah Pelanggan Air; Jumlah Pelanggan Air; Jumlah Perkara Yang Diterima/Diputuskan  Pengadilan Agama ; Jumlah Surat Nikah yang Diterbitkan Menurut Kecamatan; Jumlah Perkara Yang Diterima/Diputuskan  Pengadilan Agama ; Jumlah Ternak Yang Dipotong menurut Jenis Ternak,/2/MTM5IzI=/jumlah-pelanggan-listrik.html; /2/MTQwIzI=/jumlah-pelanggan-air.html; /2/MTQxIzI=/jumlah-pelanggan-air.html; /2/MTczIzI=/jumlah-perkara-yang-diterima-diputuskan--pengadilan-agama-.html; /2/MjA0IzI=/jumlah-surat-nikah-yang-diterbitkan-menurut-kecamatan.html; /2/MTcyIzI=/jumlah-perkara-yang-diterima-diputuskan--pengadilan-agama-.html; /2/MTYzIzI=/jumlah-ternak-yang-dipotong-menurut-jenis-ternak.html,6.0,77.0,Nilai
120,,Mallusetasi,,Data Tidak Ditemukan,2024-04-17 01:07:18,Jumlah Pelanggan Air yang disalurkan,558.0,Energi,178.0,,MTM5IzI=; MTQwIzI=; MTQxIzI=; MTczIzI=; MjA0IzI=; MTcyIzI=; MTYzIzI=,Jumlah Pelanggan Listrik; Jumlah Pelanggan Air; Jumlah Pelanggan Air; Jumlah Perkara Yang Diterima/Diputuskan  Pengadilan Agama ; Jumlah Surat Nikah yang Diterbitkan Menurut Kecamatan; Jumlah Perkara Yang Diterima/Diputuskan  Pengadilan Agama ; Jumlah Ternak Yang Dipotong menurut Jenis Ternak,/2/MTM5IzI=/jumlah-pelanggan-listrik.html; /2/MTQwIzI=/jumlah-pelanggan-air.html; /2/MTQxIzI=/jumlah-pelanggan-air.html; /2/MTczIzI=/jumlah-perkara-yang-diterima-diputuskan--pengadilan-agama-.html; /2/MjA0IzI=/jumlah-surat-nikah-yang-diterbitkan-menurut-kecamatan.html; /2/MTcyIzI=/jumlah-perkara-yang-diterima-diputuskan--pengadilan-agama-.html; /2/MTYzIzI=/jumlah-ternak-yang-dipotong-menurut-jenis-ternak.html,7.0,75.0,Pelanggan
120,,Mallusetasi,,Data Tidak Ditemukan,2024-04-17 01:07:18,Jumlah Pelanggan Air yang disalurkan,558.0,Energi,178.0,,MTM5IzI=; MTQwIzI=; MTQxIzI=; MTczIzI=; MjA0IzI=; MTcyIzI=; MTYzIzI=,Jumlah Pelanggan Listrik; Jumlah Pelanggan Air; Jumlah Pelanggan Air; Jumlah Perkara Yang Diterima/Diputuskan  Pengadilan Agama ; Jumlah Surat Nikah yang Diterbitkan Menurut Kecamatan; Jumlah Perkara Yang Diterima/Diputuskan  Pengadilan Agama ; Jumlah Ternak Yang Dipotong menurut Jenis Ternak,/2/MTM5IzI=/jumlah-pelanggan-listrik.html; /2/MTQwIzI=/jumlah-pelanggan-air.html; /2/MTQxIzI=/jumlah-pelanggan-air.html; /2/MTczIzI=/jumlah-perkara-yang-diterima-diputuskan--pengadilan-agama-.html; /2/MjA0IzI=/jumlah-surat-nikah-yang-diterbitkan-menurut-kecamatan.html; /2/MTcyIzI=/jumlah-perkara-yang-diterima-diputuskan--pengadilan-agama-.html; /2/MTYzIzI=/jumlah-ternak-yang-dipotong-menurut-jenis-ternak.html,7.0,76.0,Air Disalurkan
120,,Mallusetasi,,Data Tidak Ditemukan,2024-04-17 01:07:18,Jumlah Pelanggan Air yang disalurkan,558.0,Energi,178.0,,MTM5IzI=; MTQwIzI=; MTQxIzI=; MTczIzI=; MjA0IzI=; MTcyIzI=; MTYzIzI=,Jumlah Pelanggan Listrik; Jumlah Pelanggan Air; Jumlah Pelanggan Air; Jumlah Perkara Yang Diterima/Diputuskan  Pengadilan Agama ; Jumlah Surat Nikah yang Diterbitkan Menurut Kecamatan; Jumlah Perkara Yang Diterima/Diputuskan  Pengadilan Agama ; Jumlah Ternak Yang Dipotong menurut Jenis Ternak,/2/MTM5IzI=/jumlah-pelanggan-listrik.html; /2/MTQwIzI=/jumlah-pelanggan-air.html; /2/MTQxIzI=/jumlah-pelanggan-air.html; /2/MTczIzI=/jumlah-perkara-yang-diterima-diputuskan--pengadilan-agama-.html; /2/MjA0IzI=/jumlah-surat-nikah-yang-diterbitkan-menurut-kecamatan.html; /2/MTcyIzI=/jumlah-perkara-yang-diterima-diputuskan--pengadilan-agama-.html; /2/MTYzIzI=/jumlah-ternak-yang-dipotong-menurut-jenis-ternak.html,7.0,77.0,Nilai
120,,Kabupaten Barru,,Data Tidak Ditemukan,2024-04-17 01:07:18,Jumlah Pelanggan Air yang disalurkan,558.0,Energi,178.0,,MTM5IzI=; MTQwIzI=; MTQxIzI=; MTczIzI=; MjA0IzI=; MTcyIzI=; MTYzIzI=,Jumlah Pelanggan Listrik; Jumlah Pelanggan Air; Jumlah Pelanggan Air; Jumlah Perkara Yang Diterima/Diputuskan  Pengadilan Agama ; Jumlah Surat Nikah yang Diterbitkan Menurut Kecamatan; Jumlah Perkara Yang Diterima/Diputuskan  Pengadilan Agama ; Jumlah Ternak Yang Dipotong menurut Jenis Ternak,/2/MTM5IzI=/jumlah-pelanggan-listrik.html; /2/MTQwIzI=/jumlah-pelanggan-air.html; /2/MTQxIzI=/jumlah-pelanggan-air.html; /2/MTczIzI=/jumlah-perkara-yang-diterima-diputuskan--pengadilan-agama-.html; /2/MjA0IzI=/jumlah-surat-nikah-yang-diterbitkan-menurut-kecamatan.html; /2/MTcyIzI=/jumlah-perkara-yang-diterima-diputuskan--pengadilan-agama-.html; /2/MTYzIzI=/jumlah-ternak-yang-dipotong-menurut-jenis-ternak.html,8.0,75.0,Pelanggan
120,,Kabupaten Barru,,Data Tidak Ditemukan,2024-04-17 01:07:18,Jumlah Pelanggan Air yang disalurkan,558.0,Energi,178.0,,MTM5IzI=; MTQwIzI=; MTQxIzI=; MTczIzI=; MjA0IzI=; MTcyIzI=; MTYzIzI=,Jumlah Pelanggan Listrik; Jumlah Pelanggan Air; Jumlah Pelanggan Air; Jumlah Perkara Yang Diterima/Diputuskan  Pengadilan Agama ; Jumlah Surat Nikah yang Diterbitkan Menurut Kecamatan; Jumlah Perkara Yang Diterima/Diputuskan  Pengadilan Agama ; Jumlah Ternak Yang Dipotong menurut Jenis Ternak,/2/MTM5IzI=/jumlah-pelanggan-listrik.html; /2/MTQwIzI=/jumlah-pelanggan-air.html; /2/MTQxIzI=/jumlah-pelanggan-air.html; /2/MTczIzI=/jumlah-perkara-yang-diterima-diputuskan--pengadilan-agama-.html; /2/MjA0IzI=/jumlah-surat-nikah-yang-diterbitkan-menurut-kecamatan.html; /2/MTcyIzI=/jumlah-perkara-yang-diterima-diputuskan--pengadilan-agama-.html; /2/MTYzIzI=/jumlah-ternak-yang-dipotong-menurut-jenis-ternak.html,8.0,76.0,Air Disalurkan
120,,Kabupaten Barru,,Data Tidak Ditemukan,2024-04-17 01:07:18,Jumlah Pelanggan Air yang disalurkan,558.0,Energi,178.0,,MTM5IzI=; MTQwIzI=; MTQxIzI=; MTczIzI=; MjA0IzI=; MTcyIzI=; MTYzIzI=,Jumlah Pelanggan Listrik; Jumlah Pelanggan Air; Jumlah Pelanggan Air; Jumlah Perkara Yang Diterima/Diputuskan  Pengadilan Agama ; Jumlah Surat Nikah yang Diterbitkan Menurut Kecamatan; Jumlah Perkara Yang Diterima/Diputuskan  Pengadilan Agama ; Jumlah Ternak Yang Dipotong menurut Jenis Ternak,/2/MTM5IzI=/jumlah-pelanggan-listrik.html; /2/MTQwIzI=/jumlah-pelanggan-air.html; /2/MTQxIzI=/jumlah-pelanggan-air.html; /2/MTczIzI=/jumlah-perkara-yang-diterima-diputuskan--pengadilan-agama-.html; /2/MjA0IzI=/jumlah-surat-nikah-yang-diterbitkan-menurut-kecamatan.html; /2/MTcyIzI=/jumlah-perkara-yang-diterima-diputuskan--pengadilan-agama-.html; /2/MTYzIzI=/jumlah-ternak-yang-dipotong-menurut-jenis-ternak.html,8.0,77.0,Nilai
121,2021,Tanete Riaja,871.0,Data Tersedia,2024-04-17 01:07:18,Jumlah Pelanggan Air yang disalurkan,558.0,Energi,178.0,,MTM5IzI=; MTQwIzI=; MTQxIzI=; MTczIzI=; MjA0IzI=; MTcyIzI=; MTYzIzI=,Jumlah Pelanggan Listrik; Jumlah Pelanggan Air; Jumlah Pelanggan Air; Jumlah Perkara Yang Diterima/Diputuskan  Pengadilan Agama ; Jumlah Surat Nikah yang Diterbitkan Menurut Kecamatan; Jumlah Perkara Yang Diterima/Diputuskan  Pengadilan Agama ; Jumlah Ternak Yang Dipotong menurut Jenis Ternak,/2/MTM5IzI=/jumlah-pelanggan-listrik.html; /2/MTQwIzI=/jumlah-pelanggan-air.html; /2/MTQxIzI=/jumlah-pelanggan-air.html; /2/MTczIzI=/jumlah-perkara-yang-diterima-diputuskan--pengadilan-agama-.html; /2/MjA0IzI=/jumlah-surat-nikah-yang-diterbitkan-menurut-kecamatan.html; /2/MTcyIzI=/jumlah-perkara-yang-diterima-diputuskan--pengadilan-agama-.html; /2/MTYzIzI=/jumlah-ternak-yang-dipotong-menurut-jenis-ternak.html,1.0,75.0,Pelanggan
121,2021,Tanete Riaja,120660.0,Data Tersedia,2024-04-17 01:07:18,Jumlah Pelanggan Air yang disalurkan,558.0,Energi,178.0,,MTM5IzI=; MTQwIzI=; MTQxIzI=; MTczIzI=; MjA0IzI=; MTcyIzI=; MTYzIzI=,Jumlah Pelanggan Listrik; Jumlah Pelanggan Air; Jumlah Pelanggan Air; Jumlah Perkara Yang Diterima/Diputuskan  Pengadilan Agama ; Jumlah Surat Nikah yang Diterbitkan Menurut Kecamatan; Jumlah Perkara Yang Diterima/Diputuskan  Pengadilan Agama ; Jumlah Ternak Yang Dipotong menurut Jenis Ternak,/2/MTM5IzI=/jumlah-pelanggan-listrik.html; /2/MTQwIzI=/jumlah-pelanggan-air.html; /2/MTQxIzI=/jumlah-pelanggan-air.html; /2/MTczIzI=/jumlah-perkara-yang-diterima-diputuskan--pengadilan-agama-.html; /2/MjA0IzI=/jumlah-surat-nikah-yang-diterbitkan-menurut-kecamatan.html; /2/MTcyIzI=/jumlah-perkara-yang-diterima-diputuskan--pengadilan-agama-.html; /2/MTYzIzI=/jumlah-ternak-yang-dipotong-menurut-jenis-ternak.html,1.0,76.0,Air Disalurkan
121,2021,Tanete Riaja,525669725.0,Data Tersedia,2024-04-17 01:07:18,Jumlah Pelanggan Air yang disalurkan,558.0,Energi,178.0,,MTM5IzI=; MTQwIzI=; MTQxIzI=; MTczIzI=; MjA0IzI=; MTcyIzI=; MTYzIzI=,Jumlah Pelanggan Listrik; Jumlah Pelanggan Air; Jumlah Pelanggan Air; Jumlah Perkara Yang Diterima/Diputuskan  Pengadilan Agama ; Jumlah Surat Nikah yang Diterbitkan Menurut Kecamatan; Jumlah Perkara Yang Diterima/Diputuskan  Pengadilan Agama ; Jumlah Ternak Yang Dipotong menurut Jenis Ternak,/2/MTM5IzI=/jumlah-pelanggan-listrik.html; /2/MTQwIzI=/jumlah-pelanggan-air.html; /2/MTQxIzI=/jumlah-pelanggan-air.html; /2/MTczIzI=/jumlah-perkara-yang-diterima-diputuskan--pengadilan-agama-.html; /2/MjA0IzI=/jumlah-surat-nikah-yang-diterbitkan-menurut-kecamatan.html; /2/MTcyIzI=/jumlah-perkara-yang-diterima-diputuskan--pengadilan-agama-.html; /2/MTYzIzI=/jumlah-ternak-yang-dipotong-menurut-jenis-ternak.html,1.0,77.0,Nilai
121,2021,Pujananting,,Data Tidak Ditemukan,2024-04-17 01:07:18,Jumlah Pelanggan Air yang disalurkan,558.0,Energi,178.0,,MTM5IzI=; MTQwIzI=; MTQxIzI=; MTczIzI=; MjA0IzI=; MTcyIzI=; MTYzIzI=,Jumlah Pelanggan Listrik; Jumlah Pelanggan Air; Jumlah Pelanggan Air; Jumlah Perkara Yang Diterima/Diputuskan  Pengadilan Agama ; Jumlah Surat Nikah yang Diterbitkan Menurut Kecamatan; Jumlah Perkara Yang Diterima/Diputuskan  Pengadilan Agama ; Jumlah Ternak Yang Dipotong menurut Jenis Ternak,/2/MTM5IzI=/jumlah-pelanggan-listrik.html; /2/MTQwIzI=/jumlah-pelanggan-air.html; /2/MTQxIzI=/jumlah-pelanggan-air.html; /2/MTczIzI=/jumlah-perkara-yang-diterima-diputuskan--pengadilan-agama-.html; /2/MjA0IzI=/jumlah-surat-nikah-yang-diterbitkan-menurut-kecamatan.html; /2/MTcyIzI=/jumlah-perkara-yang-diterima-diputuskan--pengadilan-agama-.html; /2/MTYzIzI=/jumlah-ternak-yang-dipotong-menurut-jenis-ternak.html,2.0,75.0,Pelanggan
121,2021,Pujananting,,Data Tidak Ditemukan,2024-04-17 01:07:18,Jumlah Pelanggan Air yang disalurkan,558.0,Energi,178.0,,MTM5IzI=; MTQwIzI=; MTQxIzI=; MTczIzI=; MjA0IzI=; MTcyIzI=; MTYzIzI=,Jumlah Pelanggan Listrik; Jumlah Pelanggan Air; Jumlah Pelanggan Air; Jumlah Perkara Yang Diterima/Diputuskan  Pengadilan Agama ; Jumlah Surat Nikah yang Diterbitkan Menurut Kecamatan; Jumlah Perkara Yang Diterima/Diputuskan  Pengadilan Agama ; Jumlah Ternak Yang Dipotong menurut Jenis Ternak,/2/MTM5IzI=/jumlah-pelanggan-listrik.html; /2/MTQwIzI=/jumlah-pelanggan-air.html; /2/MTQxIzI=/jumlah-pelanggan-air.html; /2/MTczIzI=/jumlah-perkara-yang-diterima-diputuskan--pengadilan-agama-.html; /2/MjA0IzI=/jumlah-surat-nikah-yang-diterbitkan-menurut-kecamatan.html; /2/MTcyIzI=/jumlah-perkara-yang-diterima-diputuskan--pengadilan-agama-.html; /2/MTYzIzI=/jumlah-ternak-yang-dipotong-menurut-jenis-ternak.html,2.0,76.0,Air Disalurkan
121,2021,Pujananting,,Data Tidak Ditemukan,2024-04-17 01:07:18,Jumlah Pelanggan Air yang disalurkan,558.0,Energi,178.0,,MTM5IzI=; MTQwIzI=; MTQxIzI=; MTczIzI=; MjA0IzI=; MTcyIzI=; MTYzIzI=,Jumlah Pelanggan Listrik; Jumlah Pelanggan Air; Jumlah Pelanggan Air; Jumlah Perkara Yang Diterima/Diputuskan  Pengadilan Agama ; Jumlah Surat Nikah yang Diterbitkan Menurut Kecamatan; Jumlah Perkara Yang Diterima/Diputuskan  Pengadilan Agama ; Jumlah Ternak Yang Dipotong menurut Jenis Ternak,/2/MTM5IzI=/jumlah-pelanggan-listrik.html; /2/MTQwIzI=/jumlah-pelanggan-air.html; /2/MTQxIzI=/jumlah-pelanggan-air.html; /2/MTczIzI=/jumlah-perkara-yang-diterima-diputuskan--pengadilan-agama-.html; /2/MjA0IzI=/jumlah-surat-nikah-yang-diterbitkan-menurut-kecamatan.html; /2/MTcyIzI=/jumlah-perkara-yang-diterima-diputuskan--pengadilan-agama-.html; /2/MTYzIzI=/jumlah-ternak-yang-dipotong-menurut-jenis-ternak.html,2.0,77.0,Nilai
121,2021,Tanete Rilau,3352.0,Data Tersedia,2024-04-17 01:07:18,Jumlah Pelanggan Air yang disalurkan,558.0,Energi,178.0,,MTM5IzI=; MTQwIzI=; MTQxIzI=; MTczIzI=; MjA0IzI=; MTcyIzI=; MTYzIzI=,Jumlah Pelanggan Listrik; Jumlah Pelanggan Air; Jumlah Pelanggan Air; Jumlah Perkara Yang Diterima/Diputuskan  Pengadilan Agama ; Jumlah Surat Nikah yang Diterbitkan Menurut Kecamatan; Jumlah Perkara Yang Diterima/Diputuskan  Pengadilan Agama ; Jumlah Ternak Yang Dipotong menurut Jenis Ternak,/2/MTM5IzI=/jumlah-pelanggan-listrik.html; /2/MTQwIzI=/jumlah-pelanggan-air.html; /2/MTQxIzI=/jumlah-pelanggan-air.html; /2/MTczIzI=/jumlah-perkara-yang-diterima-diputuskan--pengadilan-agama-.html; /2/MjA0IzI=/jumlah-surat-nikah-yang-diterbitkan-menurut-kecamatan.html; /2/MTcyIzI=/jumlah-perkara-yang-diterima-diputuskan--pengadilan-agama-.html; /2/MTYzIzI=/jumlah-ternak-yang-dipotong-menurut-jenis-ternak.html,3.0,75.0,Pelanggan
121,2021,Tanete Rilau,487625.0,Data Tersedia,2024-04-17 01:07:18,Jumlah Pelanggan Air yang disalurkan,558.0,Energi,178.0,,MTM5IzI=; MTQwIzI=; MTQxIzI=; MTczIzI=; MjA0IzI=; MTcyIzI=; MTYzIzI=,Jumlah Pelanggan Listrik; Jumlah Pelanggan Air; Jumlah Pelanggan Air; Jumlah Perkara Yang Diterima/Diputuskan  Pengadilan Agama ; Jumlah Surat Nikah yang Diterbitkan Menurut Kecamatan; Jumlah Perkara Yang Diterima/Diputuskan  Pengadilan Agama ; Jumlah Ternak Yang Dipotong menurut Jenis Ternak,/2/MTM5IzI=/jumlah-pelanggan-listrik.html; /2/MTQwIzI=/jumlah-pelanggan-air.html; /2/MTQxIzI=/jumlah-pelanggan-air.html; /2/MTczIzI=/jumlah-perkara-yang-diterima-diputuskan--pengadilan-agama-.html; /2/MjA0IzI=/jumlah-surat-nikah-yang-diterbitkan-menurut-kecamatan.html; /2/MTcyIzI=/jumlah-perkara-yang-diterima-diputuskan--pengadilan-agama-.html; /2/MTYzIzI=/jumlah-ternak-yang-dipotong-menurut-jenis-ternak.html,3.0,76.0,Air Disalurkan
121,2021,Tanete Rilau,2178407425.0,Data Tersedia,2024-04-17 01:07:18,Jumlah Pelanggan Air yang disalurkan,558.0,Energi,178.0,,MTM5IzI=; MTQwIzI=; MTQxIzI=; MTczIzI=; MjA0IzI=; MTcyIzI=; MTYzIzI=,Jumlah Pelanggan Listrik; Jumlah Pelanggan Air; Jumlah Pelanggan Air; Jumlah Perkara Yang Diterima/Diputuskan  Pengadilan Agama ; Jumlah Surat Nikah yang Diterbitkan Menurut Kecamatan; Jumlah Perkara Yang Diterima/Diputuskan  Pengadilan Agama ; Jumlah Ternak Yang Dipotong menurut Jenis Ternak,/2/MTM5IzI=/jumlah-pelanggan-listrik.html; /2/MTQwIzI=/jumlah-pelanggan-air.html; /2/MTQxIzI=/jumlah-pelanggan-air.html; /2/MTczIzI=/jumlah-perkara-yang-diterima-diputuskan--pengadilan-agama-.html; /2/MjA0IzI=/jumlah-surat-nikah-yang-diterbitkan-menurut-kecamatan.html; /2/MTcyIzI=/jumlah-perkara-yang-diterima-diputuskan--pengadilan-agama-.html; /2/MTYzIzI=/jumlah-ternak-yang-dipotong-menurut-jenis-ternak.html,3.0,77.0,Nilai
121,2021,Barru,5263.0,Data Tersedia,2024-04-17 01:07:18,Jumlah Pelanggan Air yang disalurkan,558.0,Energi,178.0,,MTM5IzI=; MTQwIzI=; MTQxIzI=; MTczIzI=; MjA0IzI=; MTcyIzI=; MTYzIzI=,Jumlah Pelanggan Listrik; Jumlah Pelanggan Air; Jumlah Pelanggan Air; Jumlah Perkara Yang Diterima/Diputuskan  Pengadilan Agama ; Jumlah Surat Nikah yang Diterbitkan Menurut Kecamatan; Jumlah Perkara Yang Diterima/Diputuskan  Pengadilan Agama ; Jumlah Ternak Yang Dipotong menurut Jenis Ternak,/2/MTM5IzI=/jumlah-pelanggan-listrik.html; /2/MTQwIzI=/jumlah-pelanggan-air.html; /2/MTQxIzI=/jumlah-pelanggan-air.html; /2/MTczIzI=/jumlah-perkara-yang-diterima-diputuskan--pengadilan-agama-.html; /2/MjA0IzI=/jumlah-surat-nikah-yang-diterbitkan-menurut-kecamatan.html; /2/MTcyIzI=/jumlah-perkara-yang-diterima-diputuskan--pengadilan-agama-.html; /2/MTYzIzI=/jumlah-ternak-yang-dipotong-menurut-jenis-ternak.html,4.0,75.0,Pelanggan
121,2021,Barru,829400.0,Data Tersedia,2024-04-17 01:07:18,Jumlah Pelanggan Air yang disalurkan,558.0,Energi,178.0,,MTM5IzI=; MTQwIzI=; MTQxIzI=; MTczIzI=; MjA0IzI=; MTcyIzI=; MTYzIzI=,Jumlah Pelanggan Listrik; Jumlah Pelanggan Air; Jumlah Pelanggan Air; Jumlah Perkara Yang Diterima/Diputuskan  Pengadilan Agama ; Jumlah Surat Nikah yang Diterbitkan Menurut Kecamatan; Jumlah Perkara Yang Diterima/Diputuskan  Pengadilan Agama ; Jumlah Ternak Yang Dipotong menurut Jenis Ternak,/2/MTM5IzI=/jumlah-pelanggan-listrik.html; /2/MTQwIzI=/jumlah-pelanggan-air.html; /2/MTQxIzI=/jumlah-pelanggan-air.html; /2/MTczIzI=/jumlah-perkara-yang-diterima-diputuskan--pengadilan-agama-.html; /2/MjA0IzI=/jumlah-surat-nikah-yang-diterbitkan-menurut-kecamatan.html; /2/MTcyIzI=/jumlah-perkara-yang-diterima-diputuskan--pengadilan-agama-.html; /2/MTYzIzI=/jumlah-ternak-yang-dipotong-menurut-jenis-ternak.html,4.0,76.0,Air Disalurkan
121,2021,Barru,4480906225.0,Data Tersedia,2024-04-17 01:07:18,Jumlah Pelanggan Air yang disalurkan,558.0,Energi,178.0,,MTM5IzI=; MTQwIzI=; MTQxIzI=; MTczIzI=; MjA0IzI=; MTcyIzI=; MTYzIzI=,Jumlah Pelanggan Listrik; Jumlah Pelanggan Air; Jumlah Pelanggan Air; Jumlah Perkara Yang Diterima/Diputuskan  Pengadilan Agama ; Jumlah Surat Nikah yang Diterbitkan Menurut Kecamatan; Jumlah Perkara Yang Diterima/Diputuskan  Pengadilan Agama ; Jumlah Ternak Yang Dipotong menurut Jenis Ternak,/2/MTM5IzI=/jumlah-pelanggan-listrik.html; /2/MTQwIzI=/jumlah-pelanggan-air.html; /2/MTQxIzI=/jumlah-pelanggan-air.html; /2/MTczIzI=/jumlah-perkara-yang-diterima-diputuskan--pengadilan-agama-.html; /2/MjA0IzI=/jumlah-surat-nikah-yang-diterbitkan-menurut-kecamatan.html; /2/MTcyIzI=/jumlah-perkara-yang-diterima-diputuskan--pengadilan-agama-.html; /2/MTYzIzI=/jumlah-ternak-yang-dipotong-menurut-jenis-ternak.html,4.0,77.0,Nilai
121,2021,Soppeng Riaja,482.0,Data Tersedia,2024-04-17 01:07:18,Jumlah Pelanggan Air yang disalurkan,558.0,Energi,178.0,,MTM5IzI=; MTQwIzI=; MTQxIzI=; MTczIzI=; MjA0IzI=; MTcyIzI=; MTYzIzI=,Jumlah Pelanggan Listrik; Jumlah Pelanggan Air; Jumlah Pelanggan Air; Jumlah Perkara Yang Diterima/Diputuskan  Pengadilan Agama ; Jumlah Surat Nikah yang Diterbitkan Menurut Kecamatan; Jumlah Perkara Yang Diterima/Diputuskan  Pengadilan Agama ; Jumlah Ternak Yang Dipotong menurut Jenis Ternak,/2/MTM5IzI=/jumlah-pelanggan-listrik.html; /2/MTQwIzI=/jumlah-pelanggan-air.html; /2/MTQxIzI=/jumlah-pelanggan-air.html; /2/MTczIzI=/jumlah-perkara-yang-diterima-diputuskan--pengadilan-agama-.html; /2/MjA0IzI=/jumlah-surat-nikah-yang-diterbitkan-menurut-kecamatan.html; /2/MTcyIzI=/jumlah-perkara-yang-diterima-diputuskan--pengadilan-agama-.html; /2/MTYzIzI=/jumlah-ternak-yang-dipotong-menurut-jenis-ternak.html,5.0,75.0,Pelanggan
121,2021,Soppeng Riaja,46063.0,Data Tersedia,2024-04-17 01:07:18,Jumlah Pelanggan Air yang disalurkan,558.0,Energi,178.0,,MTM5IzI=; MTQwIzI=; MTQxIzI=; MTczIzI=; MjA0IzI=; MTcyIzI=; MTYzIzI=,Jumlah Pelanggan Listrik; Jumlah Pelanggan Air; Jumlah Pelanggan Air; Jumlah Perkara Yang Diterima/Diputuskan  Pengadilan Agama ; Jumlah Surat Nikah yang Diterbitkan Menurut Kecamatan; Jumlah Perkara Yang Diterima/Diputuskan  Pengadilan Agama ; Jumlah Ternak Yang Dipotong menurut Jenis Ternak,/2/MTM5IzI=/jumlah-pelanggan-listrik.html; /2/MTQwIzI=/jumlah-pelanggan-air.html; /2/MTQxIzI=/jumlah-pelanggan-air.html; /2/MTczIzI=/jumlah-perkara-yang-diterima-diputuskan--pengadilan-agama-.html; /2/MjA0IzI=/jumlah-surat-nikah-yang-diterbitkan-menurut-kecamatan.html; /2/MTcyIzI=/jumlah-perkara-yang-diterima-diputuskan--pengadilan-agama-.html; /2/MTYzIzI=/jumlah-ternak-yang-dipotong-menurut-jenis-ternak.html,5.0,76.0,Air Disalurkan
121,2021,Soppeng Riaja,298148575.0,Data Tersedia,2024-04-17 01:07:18,Jumlah Pelanggan Air yang disalurkan,558.0,Energi,178.0,,MTM5IzI=; MTQwIzI=; MTQxIzI=; MTczIzI=; MjA0IzI=; MTcyIzI=; MTYzIzI=,Jumlah Pelanggan Listrik; Jumlah Pelanggan Air; Jumlah Pelanggan Air; Jumlah Perkara Yang Diterima/Diputuskan  Pengadilan Agama ; Jumlah Surat Nikah yang Diterbitkan Menurut Kecamatan; Jumlah Perkara Yang Diterima/Diputuskan  Pengadilan Agama ; Jumlah Ternak Yang Dipotong menurut Jenis Ternak,/2/MTM5IzI=/jumlah-pelanggan-listrik.html; /2/MTQwIzI=/jumlah-pelanggan-air.html; /2/MTQxIzI=/jumlah-pelanggan-air.html; /2/MTczIzI=/jumlah-perkara-yang-diterima-diputuskan--pengadilan-agama-.html; /2/MjA0IzI=/jumlah-surat-nikah-yang-diterbitkan-menurut-kecamatan.html; /2/MTcyIzI=/jumlah-perkara-yang-diterima-diputuskan--pengadilan-agama-.html; /2/MTYzIzI=/jumlah-ternak-yang-dipotong-menurut-jenis-ternak.html,5.0,77.0,Nilai
121,2021,Balusu,698.0,Data Tersedia,2024-04-17 01:07:18,Jumlah Pelanggan Air yang disalurkan,558.0,Energi,178.0,,MTM5IzI=; MTQwIzI=; MTQxIzI=; MTczIzI=; MjA0IzI=; MTcyIzI=; MTYzIzI=,Jumlah Pelanggan Listrik; Jumlah Pelanggan Air; Jumlah Pelanggan Air; Jumlah Perkara Yang Diterima/Diputuskan  Pengadilan Agama ; Jumlah Surat Nikah yang Diterbitkan Menurut Kecamatan; Jumlah Perkara Yang Diterima/Diputuskan  Pengadilan Agama ; Jumlah Ternak Yang Dipotong menurut Jenis Ternak,/2/MTM5IzI=/jumlah-pelanggan-listrik.html; /2/MTQwIzI=/jumlah-pelanggan-air.html; /2/MTQxIzI=/jumlah-pelanggan-air.html; /2/MTczIzI=/jumlah-perkara-yang-diterima-diputuskan--pengadilan-agama-.html; /2/MjA0IzI=/jumlah-surat-nikah-yang-diterbitkan-menurut-kecamatan.html; /2/MTcyIzI=/jumlah-perkara-yang-diterima-diputuskan--pengadilan-agama-.html; /2/MTYzIzI=/jumlah-ternak-yang-dipotong-menurut-jenis-ternak.html,6.0,75.0,Pelanggan
121,2021,Balusu,106070.0,Data Tersedia,2024-04-17 01:07:18,Jumlah Pelanggan Air yang disalurkan,558.0,Energi,178.0,,MTM5IzI=; MTQwIzI=; MTQxIzI=; MTczIzI=; MjA0IzI=; MTcyIzI=; MTYzIzI=,Jumlah Pelanggan Listrik; Jumlah Pelanggan Air; Jumlah Pelanggan Air; Jumlah Perkara Yang Diterima/Diputuskan  Pengadilan Agama ; Jumlah Surat Nikah yang Diterbitkan Menurut Kecamatan; Jumlah Perkara Yang Diterima/Diputuskan  Pengadilan Agama ; Jumlah Ternak Yang Dipotong menurut Jenis Ternak,/2/MTM5IzI=/jumlah-pelanggan-listrik.html; /2/MTQwIzI=/jumlah-pelanggan-air.html; /2/MTQxIzI=/jumlah-pelanggan-air.html; /2/MTczIzI=/jumlah-perkara-yang-diterima-diputuskan--pengadilan-agama-.html; /2/MjA0IzI=/jumlah-surat-nikah-yang-diterbitkan-menurut-kecamatan.html; /2/MTcyIzI=/jumlah-perkara-yang-diterima-diputuskan--pengadilan-agama-.html; /2/MTYzIzI=/jumlah-ternak-yang-dipotong-menurut-jenis-ternak.html,6.0,76.0,Air Disalurkan
121,2021,Balusu,564052175.0,Data Tersedia,2024-04-17 01:07:18,Jumlah Pelanggan Air yang disalurkan,558.0,Energi,178.0,,MTM5IzI=; MTQwIzI=; MTQxIzI=; MTczIzI=; MjA0IzI=; MTcyIzI=; MTYzIzI=,Jumlah Pelanggan Listrik; Jumlah Pelanggan Air; Jumlah Pelanggan Air; Jumlah Perkara Yang Diterima/Diputuskan  Pengadilan Agama ; Jumlah Surat Nikah yang Diterbitkan Menurut Kecamatan; Jumlah Perkara Yang Diterima/Diputuskan  Pengadilan Agama ; Jumlah Ternak Yang Dipotong menurut Jenis Ternak,/2/MTM5IzI=/jumlah-pelanggan-listrik.html; /2/MTQwIzI=/jumlah-pelanggan-air.html; /2/MTQxIzI=/jumlah-pelanggan-air.html; /2/MTczIzI=/jumlah-perkara-yang-diterima-diputuskan--pengadilan-agama-.html; /2/MjA0IzI=/jumlah-surat-nikah-yang-diterbitkan-menurut-kecamatan.html; /2/MTcyIzI=/jumlah-perkara-yang-diterima-diputuskan--pengadilan-agama-.html; /2/MTYzIzI=/jumlah-ternak-yang-dipotong-menurut-jenis-ternak.html,6.0,77.0,Nilai
121,2021,Mallusetasi,752.0,Data Tersedia,2024-04-17 01:07:18,Jumlah Pelanggan Air yang disalurkan,558.0,Energi,178.0,,MTM5IzI=; MTQwIzI=; MTQxIzI=; MTczIzI=; MjA0IzI=; MTcyIzI=; MTYzIzI=,Jumlah Pelanggan Listrik; Jumlah Pelanggan Air; Jumlah Pelanggan Air; Jumlah Perkara Yang Diterima/Diputuskan  Pengadilan Agama ; Jumlah Surat Nikah yang Diterbitkan Menurut Kecamatan; Jumlah Perkara Yang Diterima/Diputuskan  Pengadilan Agama ; Jumlah Ternak Yang Dipotong menurut Jenis Ternak,/2/MTM5IzI=/jumlah-pelanggan-listrik.html; /2/MTQwIzI=/jumlah-pelanggan-air.html; /2/MTQxIzI=/jumlah-pelanggan-air.html; /2/MTczIzI=/jumlah-perkara-yang-diterima-diputuskan--pengadilan-agama-.html; /2/MjA0IzI=/jumlah-surat-nikah-yang-diterbitkan-menurut-kecamatan.html; /2/MTcyIzI=/jumlah-perkara-yang-diterima-diputuskan--pengadilan-agama-.html; /2/MTYzIzI=/jumlah-ternak-yang-dipotong-menurut-jenis-ternak.html,7.0,75.0,Pelanggan
121,2021,Mallusetasi,71685.0,Data Tersedia,2024-04-17 01:07:18,Jumlah Pelanggan Air yang disalurkan,558.0,Energi,178.0,,MTM5IzI=; MTQwIzI=; MTQxIzI=; MTczIzI=; MjA0IzI=; MTcyIzI=; MTYzIzI=,Jumlah Pelanggan Listrik; Jumlah Pelanggan Air; Jumlah Pelanggan Air; Jumlah Perkara Yang Diterima/Diputuskan  Pengadilan Agama ; Jumlah Surat Nikah yang Diterbitkan Menurut Kecamatan; Jumlah Perkara Yang Diterima/Diputuskan  Pengadilan Agama ; Jumlah Ternak Yang Dipotong menurut Jenis Ternak,/2/MTM5IzI=/jumlah-pelanggan-listrik.html; /2/MTQwIzI=/jumlah-pelanggan-air.html; /2/MTQxIzI=/jumlah-pelanggan-air.html; /2/MTczIzI=/jumlah-perkara-yang-diterima-diputuskan--pengadilan-agama-.html; /2/MjA0IzI=/jumlah-surat-nikah-yang-diterbitkan-menurut-kecamatan.html; /2/MTcyIzI=/jumlah-perkara-yang-diterima-diputuskan--pengadilan-agama-.html; /2/MTYzIzI=/jumlah-ternak-yang-dipotong-menurut-jenis-ternak.html,7.0,76.0,Air Disalurkan
121,2021,Mallusetasi,388612825.0,Data Tersedia,2024-04-17 01:07:18,Jumlah Pelanggan Air yang disalurkan,558.0,Energi,178.0,,MTM5IzI=; MTQwIzI=; MTQxIzI=; MTczIzI=; MjA0IzI=; MTcyIzI=; MTYzIzI=,Jumlah Pelanggan Listrik; Jumlah Pelanggan Air; Jumlah Pelanggan Air; Jumlah Perkara Yang Diterima/Diputuskan  Pengadilan Agama ; Jumlah Surat Nikah yang Diterbitkan Menurut Kecamatan; Jumlah Perkara Yang Diterima/Diputuskan  Pengadilan Agama ; Jumlah Ternak Yang Dipotong menurut Jenis Ternak,/2/MTM5IzI=/jumlah-pelanggan-listrik.html; /2/MTQwIzI=/jumlah-pelanggan-air.html; /2/MTQxIzI=/jumlah-pelanggan-air.html; /2/MTczIzI=/jumlah-perkara-yang-diterima-diputuskan--pengadilan-agama-.html; /2/MjA0IzI=/jumlah-surat-nikah-yang-diterbitkan-menurut-kecamatan.html; /2/MTcyIzI=/jumlah-perkara-yang-diterima-diputuskan--pengadilan-agama-.html; /2/MTYzIzI=/jumlah-ternak-yang-dipotong-menurut-jenis-ternak.html,7.0,77.0,Nilai
121,2021,Kabupaten Barru,11418.0,Data Tersedia,2024-04-17 01:07:18,Jumlah Pelanggan Air yang disalurkan,558.0,Energi,178.0,,MTM5IzI=; MTQwIzI=; MTQxIzI=; MTczIzI=; MjA0IzI=; MTcyIzI=; MTYzIzI=,Jumlah Pelanggan Listrik; Jumlah Pelanggan Air; Jumlah Pelanggan Air; Jumlah Perkara Yang Diterima/Diputuskan  Pengadilan Agama ; Jumlah Surat Nikah yang Diterbitkan Menurut Kecamatan; Jumlah Perkara Yang Diterima/Diputuskan  Pengadilan Agama ; Jumlah Ternak Yang Dipotong menurut Jenis Ternak,/2/MTM5IzI=/jumlah-pelanggan-listrik.html; /2/MTQwIzI=/jumlah-pelanggan-air.html; /2/MTQxIzI=/jumlah-pelanggan-air.html; /2/MTczIzI=/jumlah-perkara-yang-diterima-diputuskan--pengadilan-agama-.html; /2/MjA0IzI=/jumlah-surat-nikah-yang-diterbitkan-menurut-kecamatan.html; /2/MTcyIzI=/jumlah-perkara-yang-diterima-diputuskan--pengadilan-agama-.html; /2/MTYzIzI=/jumlah-ternak-yang-dipotong-menurut-jenis-ternak.html,8.0,75.0,Pelanggan
121,2021,Kabupaten Barru,1661503.0,Data Tersedia,2024-04-17 01:07:18,Jumlah Pelanggan Air yang disalurkan,558.0,Energi,178.0,,MTM5IzI=; MTQwIzI=; MTQxIzI=; MTczIzI=; MjA0IzI=; MTcyIzI=; MTYzIzI=,Jumlah Pelanggan Listrik; Jumlah Pelanggan Air; Jumlah Pelanggan Air; Jumlah Perkara Yang Diterima/Diputuskan  Pengadilan Agama ; Jumlah Surat Nikah yang Diterbitkan Menurut Kecamatan; Jumlah Perkara Yang Diterima/Diputuskan  Pengadilan Agama ; Jumlah Ternak Yang Dipotong menurut Jenis Ternak,/2/MTM5IzI=/jumlah-pelanggan-listrik.html; /2/MTQwIzI=/jumlah-pelanggan-air.html; /2/MTQxIzI=/jumlah-pelanggan-air.html; /2/MTczIzI=/jumlah-perkara-yang-diterima-diputuskan--pengadilan-agama-.html; /2/MjA0IzI=/jumlah-surat-nikah-yang-diterbitkan-menurut-kecamatan.html; /2/MTcyIzI=/jumlah-perkara-yang-diterima-diputuskan--pengadilan-agama-.html; /2/MTYzIzI=/jumlah-ternak-yang-dipotong-menurut-jenis-ternak.html,8.0,76.0,Air Disalurkan
121,2021,Kabupaten Barru,8435796950.0,Data Tersedia,2024-04-17 01:07:18,Jumlah Pelanggan Air yang disalurkan,558.0,Energi,178.0,,MTM5IzI=; MTQwIzI=; MTQxIzI=; MTczIzI=; MjA0IzI=; MTcyIzI=; MTYzIzI=,Jumlah Pelanggan Listrik; Jumlah Pelanggan Air; Jumlah Pelanggan Air; Jumlah Perkara Yang Diterima/Diputuskan  Pengadilan Agama ; Jumlah Surat Nikah yang Diterbitkan Menurut Kecamatan; Jumlah Perkara Yang Diterima/Diputuskan  Pengadilan Agama ; Jumlah Ternak Yang Dipotong menurut Jenis Ternak,/2/MTM5IzI=/jumlah-pelanggan-listrik.html; /2/MTQwIzI=/jumlah-pelanggan-air.html; /2/MTQxIzI=/jumlah-pelanggan-air.html; /2/MTczIzI=/jumlah-perkara-yang-diterima-diputuskan--pengadilan-agama-.html; /2/MjA0IzI=/jumlah-surat-nikah-yang-diterbitkan-menurut-kecamatan.html; /2/MTcyIzI=/jumlah-perkara-yang-diterima-diputuskan--pengadilan-agama-.html; /2/MTYzIzI=/jumlah-ternak-yang-dipotong-menurut-jenis-ternak.html,8.0,77.0,Nilai
122,2022,Tanete Riaja,946.0,Data Tersedia,2024-04-17 01:07:18,Jumlah Pelanggan Air yang disalurkan,558.0,Energi,178.0,,MTM5IzI=; MTQwIzI=; MTQxIzI=; MTczIzI=; MjA0IzI=; MTcyIzI=; MTYzIzI=,Jumlah Pelanggan Listrik; Jumlah Pelanggan Air; Jumlah Pelanggan Air; Jumlah Perkara Yang Diterima/Diputuskan  Pengadilan Agama ; Jumlah Surat Nikah yang Diterbitkan Menurut Kecamatan; Jumlah Perkara Yang Diterima/Diputuskan  Pengadilan Agama ; Jumlah Ternak Yang Dipotong menurut Jenis Ternak,/2/MTM5IzI=/jumlah-pelanggan-listrik.html; /2/MTQwIzI=/jumlah-pelanggan-air.html; /2/MTQxIzI=/jumlah-pelanggan-air.html; /2/MTczIzI=/jumlah-perkara-yang-diterima-diputuskan--pengadilan-agama-.html; /2/MjA0IzI=/jumlah-surat-nikah-yang-diterbitkan-menurut-kecamatan.html; /2/MTcyIzI=/jumlah-perkara-yang-diterima-diputuskan--pengadilan-agama-.html; /2/MTYzIzI=/jumlah-ternak-yang-dipotong-menurut-jenis-ternak.html,1.0,75.0,Pelanggan
122,2022,Tanete Riaja,128087.0,Data Tersedia,2024-04-17 01:07:18,Jumlah Pelanggan Air yang disalurkan,558.0,Energi,178.0,,MTM5IzI=; MTQwIzI=; MTQxIzI=; MTczIzI=; MjA0IzI=; MTcyIzI=; MTYzIzI=,Jumlah Pelanggan Listrik; Jumlah Pelanggan Air; Jumlah Pelanggan Air; Jumlah Perkara Yang Diterima/Diputuskan  Pengadilan Agama ; Jumlah Surat Nikah yang Diterbitkan Menurut Kecamatan; Jumlah Perkara Yang Diterima/Diputuskan  Pengadilan Agama ; Jumlah Ternak Yang Dipotong menurut Jenis Ternak,/2/MTM5IzI=/jumlah-pelanggan-listrik.html; /2/MTQwIzI=/jumlah-pelanggan-air.html; /2/MTQxIzI=/jumlah-pelanggan-air.html; /2/MTczIzI=/jumlah-perkara-yang-diterima-diputuskan--pengadilan-agama-.html; /2/MjA0IzI=/jumlah-surat-nikah-yang-diterbitkan-menurut-kecamatan.html; /2/MTcyIzI=/jumlah-perkara-yang-diterima-diputuskan--pengadilan-agama-.html; /2/MTYzIzI=/jumlah-ternak-yang-dipotong-menurut-jenis-ternak.html,1.0,76.0,Air Disalurkan
122,2022,Tanete Riaja,588522800.0,Data Tersedia,2024-04-17 01:07:18,Jumlah Pelanggan Air yang disalurkan,558.0,Energi,178.0,,MTM5IzI=; MTQwIzI=; MTQxIzI=; MTczIzI=; MjA0IzI=; MTcyIzI=; MTYzIzI=,Jumlah Pelanggan Listrik; Jumlah Pelanggan Air; Jumlah Pelanggan Air; Jumlah Perkara Yang Diterima/Diputuskan  Pengadilan Agama ; Jumlah Surat Nikah yang Diterbitkan Menurut Kecamatan; Jumlah Perkara Yang Diterima/Diputuskan  Pengadilan Agama ; Jumlah Ternak Yang Dipotong menurut Jenis Ternak,/2/MTM5IzI=/jumlah-pelanggan-listrik.html; /2/MTQwIzI=/jumlah-pelanggan-air.html; /2/MTQxIzI=/jumlah-pelanggan-air.html; /2/MTczIzI=/jumlah-perkara-yang-diterima-diputuskan--pengadilan-agama-.html; /2/MjA0IzI=/jumlah-surat-nikah-yang-diterbitkan-menurut-kecamatan.html; /2/MTcyIzI=/jumlah-perkara-yang-diterima-diputuskan--pengadilan-agama-.html; /2/MTYzIzI=/jumlah-ternak-yang-dipotong-menurut-jenis-ternak.html,1.0,77.0,Nilai
122,2022,Pujananting,,Data Tidak Ditemukan,2024-04-17 01:07:18,Jumlah Pelanggan Air yang disalurkan,558.0,Energi,178.0,,MTM5IzI=; MTQwIzI=; MTQxIzI=; MTczIzI=; MjA0IzI=; MTcyIzI=; MTYzIzI=,Jumlah Pelanggan Listrik; Jumlah Pelanggan Air; Jumlah Pelanggan Air; Jumlah Perkara Yang Diterima/Diputuskan  Pengadilan Agama ; Jumlah Surat Nikah yang Diterbitkan Menurut Kecamatan; Jumlah Perkara Yang Diterima/Diputuskan  Pengadilan Agama ; Jumlah Ternak Yang Dipotong menurut Jenis Ternak,/2/MTM5IzI=/jumlah-pelanggan-listrik.html; /2/MTQwIzI=/jumlah-pelanggan-air.html; /2/MTQxIzI=/jumlah-pelanggan-air.html; /2/MTczIzI=/jumlah-perkara-yang-diterima-diputuskan--pengadilan-agama-.html; /2/MjA0IzI=/jumlah-surat-nikah-yang-diterbitkan-menurut-kecamatan.html; /2/MTcyIzI=/jumlah-perkara-yang-diterima-diputuskan--pengadilan-agama-.html; /2/MTYzIzI=/jumlah-ternak-yang-dipotong-menurut-jenis-ternak.html,2.0,75.0,Pelanggan
122,2022,Pujananting,,Data Tidak Ditemukan,2024-04-17 01:07:18,Jumlah Pelanggan Air yang disalurkan,558.0,Energi,178.0,,MTM5IzI=; MTQwIzI=; MTQxIzI=; MTczIzI=; MjA0IzI=; MTcyIzI=; MTYzIzI=,Jumlah Pelanggan Listrik; Jumlah Pelanggan Air; Jumlah Pelanggan Air; Jumlah Perkara Yang Diterima/Diputuskan  Pengadilan Agama ; Jumlah Surat Nikah yang Diterbitkan Menurut Kecamatan; Jumlah Perkara Yang Diterima/Diputuskan  Pengadilan Agama ; Jumlah Ternak Yang Dipotong menurut Jenis Ternak,/2/MTM5IzI=/jumlah-pelanggan-listrik.html; /2/MTQwIzI=/jumlah-pelanggan-air.html; /2/MTQxIzI=/jumlah-pelanggan-air.html; /2/MTczIzI=/jumlah-perkara-yang-diterima-diputuskan--pengadilan-agama-.html; /2/MjA0IzI=/jumlah-surat-nikah-yang-diterbitkan-menurut-kecamatan.html; /2/MTcyIzI=/jumlah-perkara-yang-diterima-diputuskan--pengadilan-agama-.html; /2/MTYzIzI=/jumlah-ternak-yang-dipotong-menurut-jenis-ternak.html,2.0,76.0,Air Disalurkan
122,2022,Pujananting,,Data Tidak Ditemukan,2024-04-17 01:07:18,Jumlah Pelanggan Air yang disalurkan,558.0,Energi,178.0,,MTM5IzI=; MTQwIzI=; MTQxIzI=; MTczIzI=; MjA0IzI=; MTcyIzI=; MTYzIzI=,Jumlah Pelanggan Listrik; Jumlah Pelanggan Air; Jumlah Pelanggan Air; Jumlah Perkara Yang Diterima/Diputuskan  Pengadilan Agama ; Jumlah Surat Nikah yang Diterbitkan Menurut Kecamatan; Jumlah Perkara Yang Diterima/Diputuskan  Pengadilan Agama ; Jumlah Ternak Yang Dipotong menurut Jenis Ternak,/2/MTM5IzI=/jumlah-pelanggan-listrik.html; /2/MTQwIzI=/jumlah-pelanggan-air.html; /2/MTQxIzI=/jumlah-pelanggan-air.html; /2/MTczIzI=/jumlah-perkara-yang-diterima-diputuskan--pengadilan-agama-.html; /2/MjA0IzI=/jumlah-surat-nikah-yang-diterbitkan-menurut-kecamatan.html; /2/MTcyIzI=/jumlah-perkara-yang-diterima-diputuskan--pengadilan-agama-.html; /2/MTYzIzI=/jumlah-ternak-yang-dipotong-menurut-jenis-ternak.html,2.0,77.0,Nilai
122,2022,Tanete Rilau,3386.0,Data Tersedia,2024-04-17 01:07:18,Jumlah Pelanggan Air yang disalurkan,558.0,Energi,178.0,,MTM5IzI=; MTQwIzI=; MTQxIzI=; MTczIzI=; MjA0IzI=; MTcyIzI=; MTYzIzI=,Jumlah Pelanggan Listrik; Jumlah Pelanggan Air; Jumlah Pelanggan Air; Jumlah Perkara Yang Diterima/Diputuskan  Pengadilan Agama ; Jumlah Surat Nikah yang Diterbitkan Menurut Kecamatan; Jumlah Perkara Yang Diterima/Diputuskan  Pengadilan Agama ; Jumlah Ternak Yang Dipotong menurut Jenis Ternak,/2/MTM5IzI=/jumlah-pelanggan-listrik.html; /2/MTQwIzI=/jumlah-pelanggan-air.html; /2/MTQxIzI=/jumlah-pelanggan-air.html; /2/MTczIzI=/jumlah-perkara-yang-diterima-diputuskan--pengadilan-agama-.html; /2/MjA0IzI=/jumlah-surat-nikah-yang-diterbitkan-menurut-kecamatan.html; /2/MTcyIzI=/jumlah-perkara-yang-diterima-diputuskan--pengadilan-agama-.html; /2/MTYzIzI=/jumlah-ternak-yang-dipotong-menurut-jenis-ternak.html,3.0,75.0,Pelanggan
122,2022,Tanete Rilau,505142.0,Data Tersedia,2024-04-17 01:07:18,Jumlah Pelanggan Air yang disalurkan,558.0,Energi,178.0,,MTM5IzI=; MTQwIzI=; MTQxIzI=; MTczIzI=; MjA0IzI=; MTcyIzI=; MTYzIzI=,Jumlah Pelanggan Listrik; Jumlah Pelanggan Air; Jumlah Pelanggan Air; Jumlah Perkara Yang Diterima/Diputuskan  Pengadilan Agama ; Jumlah Surat Nikah yang Diterbitkan Menurut Kecamatan; Jumlah Perkara Yang Diterima/Diputuskan  Pengadilan Agama ; Jumlah Ternak Yang Dipotong menurut Jenis Ternak,/2/MTM5IzI=/jumlah-pelanggan-listrik.html; /2/MTQwIzI=/jumlah-pelanggan-air.html; /2/MTQxIzI=/jumlah-pelanggan-air.html; /2/MTczIzI=/jumlah-perkara-yang-diterima-diputuskan--pengadilan-agama-.html; /2/MjA0IzI=/jumlah-surat-nikah-yang-diterbitkan-menurut-kecamatan.html; /2/MTcyIzI=/jumlah-perkara-yang-diterima-diputuskan--pengadilan-agama-.html; /2/MTYzIzI=/jumlah-ternak-yang-dipotong-menurut-jenis-ternak.html,3.0,76.0,Air Disalurkan
122,2022,Tanete Rilau,2280006825.0,Data Tersedia,2024-04-17 01:07:18,Jumlah Pelanggan Air yang disalurkan,558.0,Energi,178.0,,MTM5IzI=; MTQwIzI=; MTQxIzI=; MTczIzI=; MjA0IzI=; MTcyIzI=; MTYzIzI=,Jumlah Pelanggan Listrik; Jumlah Pelanggan Air; Jumlah Pelanggan Air; Jumlah Perkara Yang Diterima/Diputuskan  Pengadilan Agama ; Jumlah Surat Nikah yang Diterbitkan Menurut Kecamatan; Jumlah Perkara Yang Diterima/Diputuskan  Pengadilan Agama ; Jumlah Ternak Yang Dipotong menurut Jenis Ternak,/2/MTM5IzI=/jumlah-pelanggan-listrik.html; /2/MTQwIzI=/jumlah-pelanggan-air.html; /2/MTQxIzI=/jumlah-pelanggan-air.html; /2/MTczIzI=/jumlah-perkara-yang-diterima-diputuskan--pengadilan-agama-.html; /2/MjA0IzI=/jumlah-surat-nikah-yang-diterbitkan-menurut-kecamatan.html; /2/MTcyIzI=/jumlah-perkara-yang-diterima-diputuskan--pengadilan-agama-.html; /2/MTYzIzI=/jumlah-ternak-yang-dipotong-menurut-jenis-ternak.html,3.0,77.0,Nilai
122,2022,Barru,5450.0,Data Tersedia,2024-04-17 01:07:18,Jumlah Pelanggan Air yang disalurkan,558.0,Energi,178.0,,MTM5IzI=; MTQwIzI=; MTQxIzI=; MTczIzI=; MjA0IzI=; MTcyIzI=; MTYzIzI=,Jumlah Pelanggan Listrik; Jumlah Pelanggan Air; Jumlah Pelanggan Air; Jumlah Perkara Yang Diterima/Diputuskan  Pengadilan Agama ; Jumlah Surat Nikah yang Diterbitkan Menurut Kecamatan; Jumlah Perkara Yang Diterima/Diputuskan  Pengadilan Agama ; Jumlah Ternak Yang Dipotong menurut Jenis Ternak,/2/MTM5IzI=/jumlah-pelanggan-listrik.html; /2/MTQwIzI=/jumlah-pelanggan-air.html; /2/MTQxIzI=/jumlah-pelanggan-air.html; /2/MTczIzI=/jumlah-perkara-yang-diterima-diputuskan--pengadilan-agama-.html; /2/MjA0IzI=/jumlah-surat-nikah-yang-diterbitkan-menurut-kecamatan.html; /2/MTcyIzI=/jumlah-perkara-yang-diterima-diputuskan--pengadilan-agama-.html; /2/MTYzIzI=/jumlah-ternak-yang-dipotong-menurut-jenis-ternak.html,4.0,75.0,Pelanggan
122,2022,Barru,881342.0,Data Tersedia,2024-04-17 01:07:18,Jumlah Pelanggan Air yang disalurkan,558.0,Energi,178.0,,MTM5IzI=; MTQwIzI=; MTQxIzI=; MTczIzI=; MjA0IzI=; MTcyIzI=; MTYzIzI=,Jumlah Pelanggan Listrik; Jumlah Pelanggan Air; Jumlah Pelanggan Air; Jumlah Perkara Yang Diterima/Diputuskan  Pengadilan Agama ; Jumlah Surat Nikah yang Diterbitkan Menurut Kecamatan; Jumlah Perkara Yang Diterima/Diputuskan  Pengadilan Agama ; Jumlah Ternak Yang Dipotong menurut Jenis Ternak,/2/MTM5IzI=/jumlah-pelanggan-listrik.html; /2/MTQwIzI=/jumlah-pelanggan-air.html; /2/MTQxIzI=/jumlah-pelanggan-air.html; /2/MTczIzI=/jumlah-perkara-yang-diterima-diputuskan--pengadilan-agama-.html; /2/MjA0IzI=/jumlah-surat-nikah-yang-diterbitkan-menurut-kecamatan.html; /2/MTcyIzI=/jumlah-perkara-yang-diterima-diputuskan--pengadilan-agama-.html; /2/MTYzIzI=/jumlah-ternak-yang-dipotong-menurut-jenis-ternak.html,4.0,76.0,Air Disalurkan
122,2022,Barru,4760488375.0,Data Tersedia,2024-04-17 01:07:18,Jumlah Pelanggan Air yang disalurkan,558.0,Energi,178.0,,MTM5IzI=; MTQwIzI=; MTQxIzI=; MTczIzI=; MjA0IzI=; MTcyIzI=; MTYzIzI=,Jumlah Pelanggan Listrik; Jumlah Pelanggan Air; Jumlah Pelanggan Air; Jumlah Perkara Yang Diterima/Diputuskan  Pengadilan Agama ; Jumlah Surat Nikah yang Diterbitkan Menurut Kecamatan; Jumlah Perkara Yang Diterima/Diputuskan  Pengadilan Agama ; Jumlah Ternak Yang Dipotong menurut Jenis Ternak,/2/MTM5IzI=/jumlah-pelanggan-listrik.html; /2/MTQwIzI=/jumlah-pelanggan-air.html; /2/MTQxIzI=/jumlah-pelanggan-air.html; /2/MTczIzI=/jumlah-perkara-yang-diterima-diputuskan--pengadilan-agama-.html; /2/MjA0IzI=/jumlah-surat-nikah-yang-diterbitkan-menurut-kecamatan.html; /2/MTcyIzI=/jumlah-perkara-yang-diterima-diputuskan--pengadilan-agama-.html; /2/MTYzIzI=/jumlah-ternak-yang-dipotong-menurut-jenis-ternak.html,4.0,77.0,Nilai
122,2022,Soppeng Riaja,482.0,Data Tersedia,2024-04-17 01:07:18,Jumlah Pelanggan Air yang disalurkan,558.0,Energi,178.0,,MTM5IzI=; MTQwIzI=; MTQxIzI=; MTczIzI=; MjA0IzI=; MTcyIzI=; MTYzIzI=,Jumlah Pelanggan Listrik; Jumlah Pelanggan Air; Jumlah Pelanggan Air; Jumlah Perkara Yang Diterima/Diputuskan  Pengadilan Agama ; Jumlah Surat Nikah yang Diterbitkan Menurut Kecamatan; Jumlah Perkara Yang Diterima/Diputuskan  Pengadilan Agama ; Jumlah Ternak Yang Dipotong menurut Jenis Ternak,/2/MTM5IzI=/jumlah-pelanggan-listrik.html; /2/MTQwIzI=/jumlah-pelanggan-air.html; /2/MTQxIzI=/jumlah-pelanggan-air.html; /2/MTczIzI=/jumlah-perkara-yang-diterima-diputuskan--pengadilan-agama-.html; /2/MjA0IzI=/jumlah-surat-nikah-yang-diterbitkan-menurut-kecamatan.html; /2/MTcyIzI=/jumlah-perkara-yang-diterima-diputuskan--pengadilan-agama-.html; /2/MTYzIzI=/jumlah-ternak-yang-dipotong-menurut-jenis-ternak.html,5.0,75.0,Pelanggan
122,2022,Soppeng Riaja,58040.0,Data Tersedia,2024-04-17 01:07:18,Jumlah Pelanggan Air yang disalurkan,558.0,Energi,178.0,,MTM5IzI=; MTQwIzI=; MTQxIzI=; MTczIzI=; MjA0IzI=; MTcyIzI=; MTYzIzI=,Jumlah Pelanggan Listrik; Jumlah Pelanggan Air; Jumlah Pelanggan Air; Jumlah Perkara Yang Diterima/Diputuskan  Pengadilan Agama ; Jumlah Surat Nikah yang Diterbitkan Menurut Kecamatan; Jumlah Perkara Yang Diterima/Diputuskan  Pengadilan Agama ; Jumlah Ternak Yang Dipotong menurut Jenis Ternak,/2/MTM5IzI=/jumlah-pelanggan-listrik.html; /2/MTQwIzI=/jumlah-pelanggan-air.html; /2/MTQxIzI=/jumlah-pelanggan-air.html; /2/MTczIzI=/jumlah-perkara-yang-diterima-diputuskan--pengadilan-agama-.html; /2/MjA0IzI=/jumlah-surat-nikah-yang-diterbitkan-menurut-kecamatan.html; /2/MTcyIzI=/jumlah-perkara-yang-diterima-diputuskan--pengadilan-agama-.html; /2/MTYzIzI=/jumlah-ternak-yang-dipotong-menurut-jenis-ternak.html,5.0,76.0,Air Disalurkan
122,2022,Soppeng Riaja,357565650.0,Data Tersedia,2024-04-17 01:07:18,Jumlah Pelanggan Air yang disalurkan,558.0,Energi,178.0,,MTM5IzI=; MTQwIzI=; MTQxIzI=; MTczIzI=; MjA0IzI=; MTcyIzI=; MTYzIzI=,Jumlah Pelanggan Listrik; Jumlah Pelanggan Air; Jumlah Pelanggan Air; Jumlah Perkara Yang Diterima/Diputuskan  Pengadilan Agama ; Jumlah Surat Nikah yang Diterbitkan Menurut Kecamatan; Jumlah Perkara Yang Diterima/Diputuskan  Pengadilan Agama ; Jumlah Ternak Yang Dipotong menurut Jenis Ternak,/2/MTM5IzI=/jumlah-pelanggan-listrik.html; /2/MTQwIzI=/jumlah-pelanggan-air.html; /2/MTQxIzI=/jumlah-pelanggan-air.html; /2/MTczIzI=/jumlah-perkara-yang-diterima-diputuskan--pengadilan-agama-.html; /2/MjA0IzI=/jumlah-surat-nikah-yang-diterbitkan-menurut-kecamatan.html; /2/MTcyIzI=/jumlah-perkara-yang-diterima-diputuskan--pengadilan-agama-.html; /2/MTYzIzI=/jumlah-ternak-yang-dipotong-menurut-jenis-ternak.html,5.0,77.0,Nilai
122,2022,Balusu,753.0,Data Tersedia,2024-04-17 01:07:18,Jumlah Pelanggan Air yang disalurkan,558.0,Energi,178.0,,MTM5IzI=; MTQwIzI=; MTQxIzI=; MTczIzI=; MjA0IzI=; MTcyIzI=; MTYzIzI=,Jumlah Pelanggan Listrik; Jumlah Pelanggan Air; Jumlah Pelanggan Air; Jumlah Perkara Yang Diterima/Diputuskan  Pengadilan Agama ; Jumlah Surat Nikah yang Diterbitkan Menurut Kecamatan; Jumlah Perkara Yang Diterima/Diputuskan  Pengadilan Agama ; Jumlah Ternak Yang Dipotong menurut Jenis Ternak,/2/MTM5IzI=/jumlah-pelanggan-listrik.html; /2/MTQwIzI=/jumlah-pelanggan-air.html; /2/MTQxIzI=/jumlah-pelanggan-air.html; /2/MTczIzI=/jumlah-perkara-yang-diterima-diputuskan--pengadilan-agama-.html; /2/MjA0IzI=/jumlah-surat-nikah-yang-diterbitkan-menurut-kecamatan.html; /2/MTcyIzI=/jumlah-perkara-yang-diterima-diputuskan--pengadilan-agama-.html; /2/MTYzIzI=/jumlah-ternak-yang-dipotong-menurut-jenis-ternak.html,6.0,75.0,Pelanggan
122,2022,Balusu,116810.0,Data Tersedia,2024-04-17 01:07:18,Jumlah Pelanggan Air yang disalurkan,558.0,Energi,178.0,,MTM5IzI=; MTQwIzI=; MTQxIzI=; MTczIzI=; MjA0IzI=; MTcyIzI=; MTYzIzI=,Jumlah Pelanggan Listrik; Jumlah Pelanggan Air; Jumlah Pelanggan Air; Jumlah Perkara Yang Diterima/Diputuskan  Pengadilan Agama ; Jumlah Surat Nikah yang Diterbitkan Menurut Kecamatan; Jumlah Perkara Yang Diterima/Diputuskan  Pengadilan Agama ; Jumlah Ternak Yang Dipotong menurut Jenis Ternak,/2/MTM5IzI=/jumlah-pelanggan-listrik.html; /2/MTQwIzI=/jumlah-pelanggan-air.html; /2/MTQxIzI=/jumlah-pelanggan-air.html; /2/MTczIzI=/jumlah-perkara-yang-diterima-diputuskan--pengadilan-agama-.html; /2/MjA0IzI=/jumlah-surat-nikah-yang-diterbitkan-menurut-kecamatan.html; /2/MTcyIzI=/jumlah-perkara-yang-diterima-diputuskan--pengadilan-agama-.html; /2/MTYzIzI=/jumlah-ternak-yang-dipotong-menurut-jenis-ternak.html,6.0,76.0,Air Disalurkan
122,2022,Balusu,689979125.0,Data Tersedia,2024-04-17 01:07:18,Jumlah Pelanggan Air yang disalurkan,558.0,Energi,178.0,,MTM5IzI=; MTQwIzI=; MTQxIzI=; MTczIzI=; MjA0IzI=; MTcyIzI=; MTYzIzI=,Jumlah Pelanggan Listrik; Jumlah Pelanggan Air; Jumlah Pelanggan Air; Jumlah Perkara Yang Diterima/Diputuskan  Pengadilan Agama ; Jumlah Surat Nikah yang Diterbitkan Menurut Kecamatan; Jumlah Perkara Yang Diterima/Diputuskan  Pengadilan Agama ; Jumlah Ternak Yang Dipotong menurut Jenis Ternak,/2/MTM5IzI=/jumlah-pelanggan-listrik.html; /2/MTQwIzI=/jumlah-pelanggan-air.html; /2/MTQxIzI=/jumlah-pelanggan-air.html; /2/MTczIzI=/jumlah-perkara-yang-diterima-diputuskan--pengadilan-agama-.html; /2/MjA0IzI=/jumlah-surat-nikah-yang-diterbitkan-menurut-kecamatan.html; /2/MTcyIzI=/jumlah-perkara-yang-diterima-diputuskan--pengadilan-agama-.html; /2/MTYzIzI=/jumlah-ternak-yang-dipotong-menurut-jenis-ternak.html,6.0,77.0,Nilai
122,2022,Mallusetasi,731.0,Data Tersedia,2024-04-17 01:07:18,Jumlah Pelanggan Air yang disalurkan,558.0,Energi,178.0,,MTM5IzI=; MTQwIzI=; MTQxIzI=; MTczIzI=; MjA0IzI=; MTcyIzI=; MTYzIzI=,Jumlah Pelanggan Listrik; Jumlah Pelanggan Air; Jumlah Pelanggan Air; Jumlah Perkara Yang Diterima/Diputuskan  Pengadilan Agama ; Jumlah Surat Nikah yang Diterbitkan Menurut Kecamatan; Jumlah Perkara Yang Diterima/Diputuskan  Pengadilan Agama ; Jumlah Ternak Yang Dipotong menurut Jenis Ternak,/2/MTM5IzI=/jumlah-pelanggan-listrik.html; /2/MTQwIzI=/jumlah-pelanggan-air.html; /2/MTQxIzI=/jumlah-pelanggan-air.html; /2/MTczIzI=/jumlah-perkara-yang-diterima-diputuskan--pengadilan-agama-.html; /2/MjA0IzI=/jumlah-surat-nikah-yang-diterbitkan-menurut-kecamatan.html; /2/MTcyIzI=/jumlah-perkara-yang-diterima-diputuskan--pengadilan-agama-.html; /2/MTYzIzI=/jumlah-ternak-yang-dipotong-menurut-jenis-ternak.html,7.0,75.0,Pelanggan
122,2022,Mallusetasi,72171.0,Data Tersedia,2024-04-17 01:07:18,Jumlah Pelanggan Air yang disalurkan,558.0,Energi,178.0,,MTM5IzI=; MTQwIzI=; MTQxIzI=; MTczIzI=; MjA0IzI=; MTcyIzI=; MTYzIzI=,Jumlah Pelanggan Listrik; Jumlah Pelanggan Air; Jumlah Pelanggan Air; Jumlah Perkara Yang Diterima/Diputuskan  Pengadilan Agama ; Jumlah Surat Nikah yang Diterbitkan Menurut Kecamatan; Jumlah Perkara Yang Diterima/Diputuskan  Pengadilan Agama ; Jumlah Ternak Yang Dipotong menurut Jenis Ternak,/2/MTM5IzI=/jumlah-pelanggan-listrik.html; /2/MTQwIzI=/jumlah-pelanggan-air.html; /2/MTQxIzI=/jumlah-pelanggan-air.html; /2/MTczIzI=/jumlah-perkara-yang-diterima-diputuskan--pengadilan-agama-.html; /2/MjA0IzI=/jumlah-surat-nikah-yang-diterbitkan-menurut-kecamatan.html; /2/MTcyIzI=/jumlah-perkara-yang-diterima-diputuskan--pengadilan-agama-.html; /2/MTYzIzI=/jumlah-ternak-yang-dipotong-menurut-jenis-ternak.html,7.0,76.0,Air Disalurkan
122,2022,Mallusetasi,390493075.0,Data Tersedia,2024-04-17 01:07:18,Jumlah Pelanggan Air yang disalurkan,558.0,Energi,178.0,,MTM5IzI=; MTQwIzI=; MTQxIzI=; MTczIzI=; MjA0IzI=; MTcyIzI=; MTYzIzI=,Jumlah Pelanggan Listrik; Jumlah Pelanggan Air; Jumlah Pelanggan Air; Jumlah Perkara Yang Diterima/Diputuskan  Pengadilan Agama ; Jumlah Surat Nikah yang Diterbitkan Menurut Kecamatan; Jumlah Perkara Yang Diterima/Diputuskan  Pengadilan Agama ; Jumlah Ternak Yang Dipotong menurut Jenis Ternak,/2/MTM5IzI=/jumlah-pelanggan-listrik.html; /2/MTQwIzI=/jumlah-pelanggan-air.html; /2/MTQxIzI=/jumlah-pelanggan-air.html; /2/MTczIzI=/jumlah-perkara-yang-diterima-diputuskan--pengadilan-agama-.html; /2/MjA0IzI=/jumlah-surat-nikah-yang-diterbitkan-menurut-kecamatan.html; /2/MTcyIzI=/jumlah-perkara-yang-diterima-diputuskan--pengadilan-agama-.html; /2/MTYzIzI=/jumlah-ternak-yang-dipotong-menurut-jenis-ternak.html,7.0,77.0,Nilai
122,2022,Kabupaten Barru,11748.0,Data Tersedia,2024-04-17 01:07:18,Jumlah Pelanggan Air yang disalurkan,558.0,Energi,178.0,,MTM5IzI=; MTQwIzI=; MTQxIzI=; MTczIzI=; MjA0IzI=; MTcyIzI=; MTYzIzI=,Jumlah Pelanggan Listrik; Jumlah Pelanggan Air; Jumlah Pelanggan Air; Jumlah Perkara Yang Diterima/Diputuskan  Pengadilan Agama ; Jumlah Surat Nikah yang Diterbitkan Menurut Kecamatan; Jumlah Perkara Yang Diterima/Diputuskan  Pengadilan Agama ; Jumlah Ternak Yang Dipotong menurut Jenis Ternak,/2/MTM5IzI=/jumlah-pelanggan-listrik.html; /2/MTQwIzI=/jumlah-pelanggan-air.html; /2/MTQxIzI=/jumlah-pelanggan-air.html; /2/MTczIzI=/jumlah-perkara-yang-diterima-diputuskan--pengadilan-agama-.html; /2/MjA0IzI=/jumlah-surat-nikah-yang-diterbitkan-menurut-kecamatan.html; /2/MTcyIzI=/jumlah-perkara-yang-diterima-diputuskan--pengadilan-agama-.html; /2/MTYzIzI=/jumlah-ternak-yang-dipotong-menurut-jenis-ternak.html,8.0,75.0,Pelanggan
122,2022,Kabupaten Barru,1761592.0,Data Tersedia,2024-04-17 01:07:18,Jumlah Pelanggan Air yang disalurkan,558.0,Energi,178.0,,MTM5IzI=; MTQwIzI=; MTQxIzI=; MTczIzI=; MjA0IzI=; MTcyIzI=; MTYzIzI=,Jumlah Pelanggan Listrik; Jumlah Pelanggan Air; Jumlah Pelanggan Air; Jumlah Perkara Yang Diterima/Diputuskan  Pengadilan Agama ; Jumlah Surat Nikah yang Diterbitkan Menurut Kecamatan; Jumlah Perkara Yang Diterima/Diputuskan  Pengadilan Agama ; Jumlah Ternak Yang Dipotong menurut Jenis Ternak,/2/MTM5IzI=/jumlah-pelanggan-listrik.html; /2/MTQwIzI=/jumlah-pelanggan-air.html; /2/MTQxIzI=/jumlah-pelanggan-air.html; /2/MTczIzI=/jumlah-perkara-yang-diterima-diputuskan--pengadilan-agama-.html; /2/MjA0IzI=/jumlah-surat-nikah-yang-diterbitkan-menurut-kecamatan.html; /2/MTcyIzI=/jumlah-perkara-yang-diterima-diputuskan--pengadilan-agama-.html; /2/MTYzIzI=/jumlah-ternak-yang-dipotong-menurut-jenis-ternak.html,8.0,76.0,Air Disalurkan
122,2022,Kabupaten Barru,9067055850.0,Data Tersedia,2024-04-17 01:07:18,Jumlah Pelanggan Air yang disalurkan,558.0,Energi,178.0,,MTM5IzI=; MTQwIzI=; MTQxIzI=; MTczIzI=; MjA0IzI=; MTcyIzI=; MTYzIzI=,Jumlah Pelanggan Listrik; Jumlah Pelanggan Air; Jumlah Pelanggan Air; Jumlah Perkara Yang Diterima/Diputuskan  Pengadilan Agama ; Jumlah Surat Nikah yang Diterbitkan Menurut Kecamatan; Jumlah Perkara Yang Diterima/Diputuskan  Pengadilan Agama ; Jumlah Ternak Yang Dipotong menurut Jenis Ternak,/2/MTM5IzI=/jumlah-pelanggan-listrik.html; /2/MTQwIzI=/jumlah-pelanggan-air.html; /2/MTQxIzI=/jumlah-pelanggan-air.html; /2/MTczIzI=/jumlah-perkara-yang-diterima-diputuskan--pengadilan-agama-.html; /2/MjA0IzI=/jumlah-surat-nikah-yang-diterbitkan-menurut-kecamatan.html; /2/MTcyIzI=/jumlah-perkara-yang-diterima-diputuskan--pengadilan-agama-.html; /2/MTYzIzI=/jumlah-ternak-yang-dipotong-menurut-jenis-ternak.html,8.0,77.0,Nilai
123,2023,Tanete Riaja,992.0,Data Tersedia,2024-04-17 01:07:18,Jumlah Pelanggan Air yang disalurkan,558.0,Energi,178.0,,MTM5IzI=; MTQwIzI=; MTQxIzI=; MTczIzI=; MjA0IzI=; MTcyIzI=; MTYzIzI=,Jumlah Pelanggan Listrik; Jumlah Pelanggan Air; Jumlah Pelanggan Air; Jumlah Perkara Yang Diterima/Diputuskan  Pengadilan Agama ; Jumlah Surat Nikah yang Diterbitkan Menurut Kecamatan; Jumlah Perkara Yang Diterima/Diputuskan  Pengadilan Agama ; Jumlah Ternak Yang Dipotong menurut Jenis Ternak,/2/MTM5IzI=/jumlah-pelanggan-listrik.html; /2/MTQwIzI=/jumlah-pelanggan-air.html; /2/MTQxIzI=/jumlah-pelanggan-air.html; /2/MTczIzI=/jumlah-perkara-yang-diterima-diputuskan--pengadilan-agama-.html; /2/MjA0IzI=/jumlah-surat-nikah-yang-diterbitkan-menurut-kecamatan.html; /2/MTcyIzI=/jumlah-perkara-yang-diterima-diputuskan--pengadilan-agama-.html; /2/MTYzIzI=/jumlah-ternak-yang-dipotong-menurut-jenis-ternak.html,1.0,75.0,Pelanggan
123,2023,Tanete Riaja,129597.0,Data Tersedia,2024-04-17 01:07:18,Jumlah Pelanggan Air yang disalurkan,558.0,Energi,178.0,,MTM5IzI=; MTQwIzI=; MTQxIzI=; MTczIzI=; MjA0IzI=; MTcyIzI=; MTYzIzI=,Jumlah Pelanggan Listrik; Jumlah Pelanggan Air; Jumlah Pelanggan Air; Jumlah Perkara Yang Diterima/Diputuskan  Pengadilan Agama ; Jumlah Surat Nikah yang Diterbitkan Menurut Kecamatan; Jumlah Perkara Yang Diterima/Diputuskan  Pengadilan Agama ; Jumlah Ternak Yang Dipotong menurut Jenis Ternak,/2/MTM5IzI=/jumlah-pelanggan-listrik.html; /2/MTQwIzI=/jumlah-pelanggan-air.html; /2/MTQxIzI=/jumlah-pelanggan-air.html; /2/MTczIzI=/jumlah-perkara-yang-diterima-diputuskan--pengadilan-agama-.html; /2/MjA0IzI=/jumlah-surat-nikah-yang-diterbitkan-menurut-kecamatan.html; /2/MTcyIzI=/jumlah-perkara-yang-diterima-diputuskan--pengadilan-agama-.html; /2/MTYzIzI=/jumlah-ternak-yang-dipotong-menurut-jenis-ternak.html,1.0,76.0,Air Disalurkan
123,2023,Tanete Riaja,600659875.0,Data Tersedia,2024-04-17 01:07:18,Jumlah Pelanggan Air yang disalurkan,558.0,Energi,178.0,,MTM5IzI=; MTQwIzI=; MTQxIzI=; MTczIzI=; MjA0IzI=; MTcyIzI=; MTYzIzI=,Jumlah Pelanggan Listrik; Jumlah Pelanggan Air; Jumlah Pelanggan Air; Jumlah Perkara Yang Diterima/Diputuskan  Pengadilan Agama ; Jumlah Surat Nikah yang Diterbitkan Menurut Kecamatan; Jumlah Perkara Yang Diterima/Diputuskan  Pengadilan Agama ; Jumlah Ternak Yang Dipotong menurut Jenis Ternak,/2/MTM5IzI=/jumlah-pelanggan-listrik.html; /2/MTQwIzI=/jumlah-pelanggan-air.html; /2/MTQxIzI=/jumlah-pelanggan-air.html; /2/MTczIzI=/jumlah-perkara-yang-diterima-diputuskan--pengadilan-agama-.html; /2/MjA0IzI=/jumlah-surat-nikah-yang-diterbitkan-menurut-kecamatan.html; /2/MTcyIzI=/jumlah-perkara-yang-diterima-diputuskan--pengadilan-agama-.html; /2/MTYzIzI=/jumlah-ternak-yang-dipotong-menurut-jenis-ternak.html,1.0,77.0,Nilai
123,2023,Pujananting,,Data Tidak Ditemukan,2024-04-17 01:07:18,Jumlah Pelanggan Air yang disalurkan,558.0,Energi,178.0,,MTM5IzI=; MTQwIzI=; MTQxIzI=; MTczIzI=; MjA0IzI=; MTcyIzI=; MTYzIzI=,Jumlah Pelanggan Listrik; Jumlah Pelanggan Air; Jumlah Pelanggan Air; Jumlah Perkara Yang Diterima/Diputuskan  Pengadilan Agama ; Jumlah Surat Nikah yang Diterbitkan Menurut Kecamatan; Jumlah Perkara Yang Diterima/Diputuskan  Pengadilan Agama ; Jumlah Ternak Yang Dipotong menurut Jenis Ternak,/2/MTM5IzI=/jumlah-pelanggan-listrik.html; /2/MTQwIzI=/jumlah-pelanggan-air.html; /2/MTQxIzI=/jumlah-pelanggan-air.html; /2/MTczIzI=/jumlah-perkara-yang-diterima-diputuskan--pengadilan-agama-.html; /2/MjA0IzI=/jumlah-surat-nikah-yang-diterbitkan-menurut-kecamatan.html; /2/MTcyIzI=/jumlah-perkara-yang-diterima-diputuskan--pengadilan-agama-.html; /2/MTYzIzI=/jumlah-ternak-yang-dipotong-menurut-jenis-ternak.html,2.0,75.0,Pelanggan
123,2023,Pujananting,,Data Tidak Ditemukan,2024-04-17 01:07:18,Jumlah Pelanggan Air yang disalurkan,558.0,Energi,178.0,,MTM5IzI=; MTQwIzI=; MTQxIzI=; MTczIzI=; MjA0IzI=; MTcyIzI=; MTYzIzI=,Jumlah Pelanggan Listrik; Jumlah Pelanggan Air; Jumlah Pelanggan Air; Jumlah Perkara Yang Diterima/Diputuskan  Pengadilan Agama ; Jumlah Surat Nikah yang Diterbitkan Menurut Kecamatan; Jumlah Perkara Yang Diterima/Diputuskan  Pengadilan Agama ; Jumlah Ternak Yang Dipotong menurut Jenis Ternak,/2/MTM5IzI=/jumlah-pelanggan-listrik.html; /2/MTQwIzI=/jumlah-pelanggan-air.html; /2/MTQxIzI=/jumlah-pelanggan-air.html; /2/MTczIzI=/jumlah-perkara-yang-diterima-diputuskan--pengadilan-agama-.html; /2/MjA0IzI=/jumlah-surat-nikah-yang-diterbitkan-menurut-kecamatan.html; /2/MTcyIzI=/jumlah-perkara-yang-diterima-diputuskan--pengadilan-agama-.html; /2/MTYzIzI=/jumlah-ternak-yang-dipotong-menurut-jenis-ternak.html,2.0,76.0,Air Disalurkan
123,2023,Pujananting,,Data Tidak Ditemukan,2024-04-17 01:07:18,Jumlah Pelanggan Air yang disalurkan,558.0,Energi,178.0,,MTM5IzI=; MTQwIzI=; MTQxIzI=; MTczIzI=; MjA0IzI=; MTcyIzI=; MTYzIzI=,Jumlah Pelanggan Listrik; Jumlah Pelanggan Air; Jumlah Pelanggan Air; Jumlah Perkara Yang Diterima/Diputuskan  Pengadilan Agama ; Jumlah Surat Nikah yang Diterbitkan Menurut Kecamatan; Jumlah Perkara Yang Diterima/Diputuskan  Pengadilan Agama ; Jumlah Ternak Yang Dipotong menurut Jenis Ternak,/2/MTM5IzI=/jumlah-pelanggan-listrik.html; /2/MTQwIzI=/jumlah-pelanggan-air.html; /2/MTQxIzI=/jumlah-pelanggan-air.html; /2/MTczIzI=/jumlah-perkara-yang-diterima-diputuskan--pengadilan-agama-.html; /2/MjA0IzI=/jumlah-surat-nikah-yang-diterbitkan-menurut-kecamatan.html; /2/MTcyIzI=/jumlah-perkara-yang-diterima-diputuskan--pengadilan-agama-.html; /2/MTYzIzI=/jumlah-ternak-yang-dipotong-menurut-jenis-ternak.html,2.0,77.0,Nilai
123,2023,Tanete Rilau,3428.0,Data Tersedia,2024-04-17 01:07:18,Jumlah Pelanggan Air yang disalurkan,558.0,Energi,178.0,,MTM5IzI=; MTQwIzI=; MTQxIzI=; MTczIzI=; MjA0IzI=; MTcyIzI=; MTYzIzI=,Jumlah Pelanggan Listrik; Jumlah Pelanggan Air; Jumlah Pelanggan Air; Jumlah Perkara Yang Diterima/Diputuskan  Pengadilan Agama ; Jumlah Surat Nikah yang Diterbitkan Menurut Kecamatan; Jumlah Perkara Yang Diterima/Diputuskan  Pengadilan Agama ; Jumlah Ternak Yang Dipotong menurut Jenis Ternak,/2/MTM5IzI=/jumlah-pelanggan-listrik.html; /2/MTQwIzI=/jumlah-pelanggan-air.html; /2/MTQxIzI=/jumlah-pelanggan-air.html; /2/MTczIzI=/jumlah-perkara-yang-diterima-diputuskan--pengadilan-agama-.html; /2/MjA0IzI=/jumlah-surat-nikah-yang-diterbitkan-menurut-kecamatan.html; /2/MTcyIzI=/jumlah-perkara-yang-diterima-diputuskan--pengadilan-agama-.html; /2/MTYzIzI=/jumlah-ternak-yang-dipotong-menurut-jenis-ternak.html,3.0,75.0,Pelanggan
123,2023,Tanete Rilau,486924.0,Data Tersedia,2024-04-17 01:07:18,Jumlah Pelanggan Air yang disalurkan,558.0,Energi,178.0,,MTM5IzI=; MTQwIzI=; MTQxIzI=; MTczIzI=; MjA0IzI=; MTcyIzI=; MTYzIzI=,Jumlah Pelanggan Listrik; Jumlah Pelanggan Air; Jumlah Pelanggan Air; Jumlah Perkara Yang Diterima/Diputuskan  Pengadilan Agama ; Jumlah Surat Nikah yang Diterbitkan Menurut Kecamatan; Jumlah Perkara Yang Diterima/Diputuskan  Pengadilan Agama ; Jumlah Ternak Yang Dipotong menurut Jenis Ternak,/2/MTM5IzI=/jumlah-pelanggan-listrik.html; /2/MTQwIzI=/jumlah-pelanggan-air.html; /2/MTQxIzI=/jumlah-pelanggan-air.html; /2/MTczIzI=/jumlah-perkara-yang-diterima-diputuskan--pengadilan-agama-.html; /2/MjA0IzI=/jumlah-surat-nikah-yang-diterbitkan-menurut-kecamatan.html; /2/MTcyIzI=/jumlah-perkara-yang-diterima-diputuskan--pengadilan-agama-.html; /2/MTYzIzI=/jumlah-ternak-yang-dipotong-menurut-jenis-ternak.html,3.0,76.0,Air Disalurkan
123,2023,Tanete Rilau,2253647775.0,Data Tersedia,2024-04-17 01:07:18,Jumlah Pelanggan Air yang disalurkan,558.0,Energi,178.0,,MTM5IzI=; MTQwIzI=; MTQxIzI=; MTczIzI=; MjA0IzI=; MTcyIzI=; MTYzIzI=,Jumlah Pelanggan Listrik; Jumlah Pelanggan Air; Jumlah Pelanggan Air; Jumlah Perkara Yang Diterima/Diputuskan  Pengadilan Agama ; Jumlah Surat Nikah yang Diterbitkan Menurut Kecamatan; Jumlah Perkara Yang Diterima/Diputuskan  Pengadilan Agama ; Jumlah Ternak Yang Dipotong menurut Jenis Ternak,/2/MTM5IzI=/jumlah-pelanggan-listrik.html; /2/MTQwIzI=/jumlah-pelanggan-air.html; /2/MTQxIzI=/jumlah-pelanggan-air.html; /2/MTczIzI=/jumlah-perkara-yang-diterima-diputuskan--pengadilan-agama-.html; /2/MjA0IzI=/jumlah-surat-nikah-yang-diterbitkan-menurut-kecamatan.html; /2/MTcyIzI=/jumlah-perkara-yang-diterima-diputuskan--pengadilan-agama-.html; /2/MTYzIzI=/jumlah-ternak-yang-dipotong-menurut-jenis-ternak.html,3.0,77.0,Nilai
123,2023,Barru,5773.0,Data Tersedia,2024-04-17 01:07:18,Jumlah Pelanggan Air yang disalurkan,558.0,Energi,178.0,,MTM5IzI=; MTQwIzI=; MTQxIzI=; MTczIzI=; MjA0IzI=; MTcyIzI=; MTYzIzI=,Jumlah Pelanggan Listrik; Jumlah Pelanggan Air; Jumlah Pelanggan Air; Jumlah Perkara Yang Diterima/Diputuskan  Pengadilan Agama ; Jumlah Surat Nikah yang Diterbitkan Menurut Kecamatan; Jumlah Perkara Yang Diterima/Diputuskan  Pengadilan Agama ; Jumlah Ternak Yang Dipotong menurut Jenis Ternak,/2/MTM5IzI=/jumlah-pelanggan-listrik.html; /2/MTQwIzI=/jumlah-pelanggan-air.html; /2/MTQxIzI=/jumlah-pelanggan-air.html; /2/MTczIzI=/jumlah-perkara-yang-diterima-diputuskan--pengadilan-agama-.html; /2/MjA0IzI=/jumlah-surat-nikah-yang-diterbitkan-menurut-kecamatan.html; /2/MTcyIzI=/jumlah-perkara-yang-diterima-diputuskan--pengadilan-agama-.html; /2/MTYzIzI=/jumlah-ternak-yang-dipotong-menurut-jenis-ternak.html,4.0,75.0,Pelanggan
123,2023,Barru,859309.0,Data Tersedia,2024-04-17 01:07:18,Jumlah Pelanggan Air yang disalurkan,558.0,Energi,178.0,,MTM5IzI=; MTQwIzI=; MTQxIzI=; MTczIzI=; MjA0IzI=; MTcyIzI=; MTYzIzI=,Jumlah Pelanggan Listrik; Jumlah Pelanggan Air; Jumlah Pelanggan Air; Jumlah Perkara Yang Diterima/Diputuskan  Pengadilan Agama ; Jumlah Surat Nikah yang Diterbitkan Menurut Kecamatan; Jumlah Perkara Yang Diterima/Diputuskan  Pengadilan Agama ; Jumlah Ternak Yang Dipotong menurut Jenis Ternak,/2/MTM5IzI=/jumlah-pelanggan-listrik.html; /2/MTQwIzI=/jumlah-pelanggan-air.html; /2/MTQxIzI=/jumlah-pelanggan-air.html; /2/MTczIzI=/jumlah-perkara-yang-diterima-diputuskan--pengadilan-agama-.html; /2/MjA0IzI=/jumlah-surat-nikah-yang-diterbitkan-menurut-kecamatan.html; /2/MTcyIzI=/jumlah-perkara-yang-diterima-diputuskan--pengadilan-agama-.html; /2/MTYzIzI=/jumlah-ternak-yang-dipotong-menurut-jenis-ternak.html,4.0,76.0,Air Disalurkan
123,2023,Barru,4751606850.0,Data Tersedia,2024-04-17 01:07:18,Jumlah Pelanggan Air yang disalurkan,558.0,Energi,178.0,,MTM5IzI=; MTQwIzI=; MTQxIzI=; MTczIzI=; MjA0IzI=; MTcyIzI=; MTYzIzI=,Jumlah Pelanggan Listrik; Jumlah Pelanggan Air; Jumlah Pelanggan Air; Jumlah Perkara Yang Diterima/Diputuskan  Pengadilan Agama ; Jumlah Surat Nikah yang Diterbitkan Menurut Kecamatan; Jumlah Perkara Yang Diterima/Diputuskan  Pengadilan Agama ; Jumlah Ternak Yang Dipotong menurut Jenis Ternak,/2/MTM5IzI=/jumlah-pelanggan-listrik.html; /2/MTQwIzI=/jumlah-pelanggan-air.html; /2/MTQxIzI=/jumlah-pelanggan-air.html; /2/MTczIzI=/jumlah-perkara-yang-diterima-diputuskan--pengadilan-agama-.html; /2/MjA0IzI=/jumlah-surat-nikah-yang-diterbitkan-menurut-kecamatan.html; /2/MTcyIzI=/jumlah-perkara-yang-diterima-diputuskan--pengadilan-agama-.html; /2/MTYzIzI=/jumlah-ternak-yang-dipotong-menurut-jenis-ternak.html,4.0,77.0,Nilai
123,2023,Soppeng Riaja,462.0,Data Tersedia,2024-04-17 01:07:18,Jumlah Pelanggan Air yang disalurkan,558.0,Energi,178.0,,MTM5IzI=; MTQwIzI=; MTQxIzI=; MTczIzI=; MjA0IzI=; MTcyIzI=; MTYzIzI=,Jumlah Pelanggan Listrik; Jumlah Pelanggan Air; Jumlah Pelanggan Air; Jumlah Perkara Yang Diterima/Diputuskan  Pengadilan Agama ; Jumlah Surat Nikah yang Diterbitkan Menurut Kecamatan; Jumlah Perkara Yang Diterima/Diputuskan  Pengadilan Agama ; Jumlah Ternak Yang Dipotong menurut Jenis Ternak,/2/MTM5IzI=/jumlah-pelanggan-listrik.html; /2/MTQwIzI=/jumlah-pelanggan-air.html; /2/MTQxIzI=/jumlah-pelanggan-air.html; /2/MTczIzI=/jumlah-perkara-yang-diterima-diputuskan--pengadilan-agama-.html; /2/MjA0IzI=/jumlah-surat-nikah-yang-diterbitkan-menurut-kecamatan.html; /2/MTcyIzI=/jumlah-perkara-yang-diterima-diputuskan--pengadilan-agama-.html; /2/MTYzIzI=/jumlah-ternak-yang-dipotong-menurut-jenis-ternak.html,5.0,75.0,Pelanggan
123,2023,Soppeng Riaja,59360.0,Data Tersedia,2024-04-17 01:07:18,Jumlah Pelanggan Air yang disalurkan,558.0,Energi,178.0,,MTM5IzI=; MTQwIzI=; MTQxIzI=; MTczIzI=; MjA0IzI=; MTcyIzI=; MTYzIzI=,Jumlah Pelanggan Listrik; Jumlah Pelanggan Air; Jumlah Pelanggan Air; Jumlah Perkara Yang Diterima/Diputuskan  Pengadilan Agama ; Jumlah Surat Nikah yang Diterbitkan Menurut Kecamatan; Jumlah Perkara Yang Diterima/Diputuskan  Pengadilan Agama ; Jumlah Ternak Yang Dipotong menurut Jenis Ternak,/2/MTM5IzI=/jumlah-pelanggan-listrik.html; /2/MTQwIzI=/jumlah-pelanggan-air.html; /2/MTQxIzI=/jumlah-pelanggan-air.html; /2/MTczIzI=/jumlah-perkara-yang-diterima-diputuskan--pengadilan-agama-.html; /2/MjA0IzI=/jumlah-surat-nikah-yang-diterbitkan-menurut-kecamatan.html; /2/MTcyIzI=/jumlah-perkara-yang-diterima-diputuskan--pengadilan-agama-.html; /2/MTYzIzI=/jumlah-ternak-yang-dipotong-menurut-jenis-ternak.html,5.0,76.0,Air Disalurkan
123,2023,Soppeng Riaja,333266325.0,Data Tersedia,2024-04-17 01:07:18,Jumlah Pelanggan Air yang disalurkan,558.0,Energi,178.0,,MTM5IzI=; MTQwIzI=; MTQxIzI=; MTczIzI=; MjA0IzI=; MTcyIzI=; MTYzIzI=,Jumlah Pelanggan Listrik; Jumlah Pelanggan Air; Jumlah Pelanggan Air; Jumlah Perkara Yang Diterima/Diputuskan  Pengadilan Agama ; Jumlah Surat Nikah yang Diterbitkan Menurut Kecamatan; Jumlah Perkara Yang Diterima/Diputuskan  Pengadilan Agama ; Jumlah Ternak Yang Dipotong menurut Jenis Ternak,/2/MTM5IzI=/jumlah-pelanggan-listrik.html; /2/MTQwIzI=/jumlah-pelanggan-air.html; /2/MTQxIzI=/jumlah-pelanggan-air.html; /2/MTczIzI=/jumlah-perkara-yang-diterima-diputuskan--pengadilan-agama-.html; /2/MjA0IzI=/jumlah-surat-nikah-yang-diterbitkan-menurut-kecamatan.html; /2/MTcyIzI=/jumlah-perkara-yang-diterima-diputuskan--pengadilan-agama-.html; /2/MTYzIzI=/jumlah-ternak-yang-dipotong-menurut-jenis-ternak.html,5.0,77.0,Nilai
123,2023,Balusu,783.0,Data Tersedia,2024-04-17 01:07:18,Jumlah Pelanggan Air yang disalurkan,558.0,Energi,178.0,,MTM5IzI=; MTQwIzI=; MTQxIzI=; MTczIzI=; MjA0IzI=; MTcyIzI=; MTYzIzI=,Jumlah Pelanggan Listrik; Jumlah Pelanggan Air; Jumlah Pelanggan Air; Jumlah Perkara Yang Diterima/Diputuskan  Pengadilan Agama ; Jumlah Surat Nikah yang Diterbitkan Menurut Kecamatan; Jumlah Perkara Yang Diterima/Diputuskan  Pengadilan Agama ; Jumlah Ternak Yang Dipotong menurut Jenis Ternak,/2/MTM5IzI=/jumlah-pelanggan-listrik.html; /2/MTQwIzI=/jumlah-pelanggan-air.html; /2/MTQxIzI=/jumlah-pelanggan-air.html; /2/MTczIzI=/jumlah-perkara-yang-diterima-diputuskan--pengadilan-agama-.html; /2/MjA0IzI=/jumlah-surat-nikah-yang-diterbitkan-menurut-kecamatan.html; /2/MTcyIzI=/jumlah-perkara-yang-diterima-diputuskan--pengadilan-agama-.html; /2/MTYzIzI=/jumlah-ternak-yang-dipotong-menurut-jenis-ternak.html,6.0,75.0,Pelanggan
123,2023,Balusu,113477.0,Data Tersedia,2024-04-17 01:07:18,Jumlah Pelanggan Air yang disalurkan,558.0,Energi,178.0,,MTM5IzI=; MTQwIzI=; MTQxIzI=; MTczIzI=; MjA0IzI=; MTcyIzI=; MTYzIzI=,Jumlah Pelanggan Listrik; Jumlah Pelanggan Air; Jumlah Pelanggan Air; Jumlah Perkara Yang Diterima/Diputuskan  Pengadilan Agama ; Jumlah Surat Nikah yang Diterbitkan Menurut Kecamatan; Jumlah Perkara Yang Diterima/Diputuskan  Pengadilan Agama ; Jumlah Ternak Yang Dipotong menurut Jenis Ternak,/2/MTM5IzI=/jumlah-pelanggan-listrik.html; /2/MTQwIzI=/jumlah-pelanggan-air.html; /2/MTQxIzI=/jumlah-pelanggan-air.html; /2/MTczIzI=/jumlah-perkara-yang-diterima-diputuskan--pengadilan-agama-.html; /2/MjA0IzI=/jumlah-surat-nikah-yang-diterbitkan-menurut-kecamatan.html; /2/MTcyIzI=/jumlah-perkara-yang-diterima-diputuskan--pengadilan-agama-.html; /2/MTYzIzI=/jumlah-ternak-yang-dipotong-menurut-jenis-ternak.html,6.0,76.0,Air Disalurkan
123,2023,Balusu,662369100.0,Data Tersedia,2024-04-17 01:07:18,Jumlah Pelanggan Air yang disalurkan,558.0,Energi,178.0,,MTM5IzI=; MTQwIzI=; MTQxIzI=; MTczIzI=; MjA0IzI=; MTcyIzI=; MTYzIzI=,Jumlah Pelanggan Listrik; Jumlah Pelanggan Air; Jumlah Pelanggan Air; Jumlah Perkara Yang Diterima/Diputuskan  Pengadilan Agama ; Jumlah Surat Nikah yang Diterbitkan Menurut Kecamatan; Jumlah Perkara Yang Diterima/Diputuskan  Pengadilan Agama ; Jumlah Ternak Yang Dipotong menurut Jenis Ternak,/2/MTM5IzI=/jumlah-pelanggan-listrik.html; /2/MTQwIzI=/jumlah-pelanggan-air.html; /2/MTQxIzI=/jumlah-pelanggan-air.html; /2/MTczIzI=/jumlah-perkara-yang-diterima-diputuskan--pengadilan-agama-.html; /2/MjA0IzI=/jumlah-surat-nikah-yang-diterbitkan-menurut-kecamatan.html; /2/MTcyIzI=/jumlah-perkara-yang-diterima-diputuskan--pengadilan-agama-.html; /2/MTYzIzI=/jumlah-ternak-yang-dipotong-menurut-jenis-ternak.html,6.0,77.0,Nilai
123,2023,Mallusetasi,682.0,Data Tersedia,2024-04-17 01:07:18,Jumlah Pelanggan Air yang disalurkan,558.0,Energi,178.0,,MTM5IzI=; MTQwIzI=; MTQxIzI=; MTczIzI=; MjA0IzI=; MTcyIzI=; MTYzIzI=,Jumlah Pelanggan Listrik; Jumlah Pelanggan Air; Jumlah Pelanggan Air; Jumlah Perkara Yang Diterima/Diputuskan  Pengadilan Agama ; Jumlah Surat Nikah yang Diterbitkan Menurut Kecamatan; Jumlah Perkara Yang Diterima/Diputuskan  Pengadilan Agama ; Jumlah Ternak Yang Dipotong menurut Jenis Ternak,/2/MTM5IzI=/jumlah-pelanggan-listrik.html; /2/MTQwIzI=/jumlah-pelanggan-air.html; /2/MTQxIzI=/jumlah-pelanggan-air.html; /2/MTczIzI=/jumlah-perkara-yang-diterima-diputuskan--pengadilan-agama-.html; /2/MjA0IzI=/jumlah-surat-nikah-yang-diterbitkan-menurut-kecamatan.html; /2/MTcyIzI=/jumlah-perkara-yang-diterima-diputuskan--pengadilan-agama-.html; /2/MTYzIzI=/jumlah-ternak-yang-dipotong-menurut-jenis-ternak.html,7.0,75.0,Pelanggan
123,2023,Mallusetasi,62297.0,Data Tersedia,2024-04-17 01:07:18,Jumlah Pelanggan Air yang disalurkan,558.0,Energi,178.0,,MTM5IzI=; MTQwIzI=; MTQxIzI=; MTczIzI=; MjA0IzI=; MTcyIzI=; MTYzIzI=,Jumlah Pelanggan Listrik; Jumlah Pelanggan Air; Jumlah Pelanggan Air; Jumlah Perkara Yang Diterima/Diputuskan  Pengadilan Agama ; Jumlah Surat Nikah yang Diterbitkan Menurut Kecamatan; Jumlah Perkara Yang Diterima/Diputuskan  Pengadilan Agama ; Jumlah Ternak Yang Dipotong menurut Jenis Ternak,/2/MTM5IzI=/jumlah-pelanggan-listrik.html; /2/MTQwIzI=/jumlah-pelanggan-air.html; /2/MTQxIzI=/jumlah-pelanggan-air.html; /2/MTczIzI=/jumlah-perkara-yang-diterima-diputuskan--pengadilan-agama-.html; /2/MjA0IzI=/jumlah-surat-nikah-yang-diterbitkan-menurut-kecamatan.html; /2/MTcyIzI=/jumlah-perkara-yang-diterima-diputuskan--pengadilan-agama-.html; /2/MTYzIzI=/jumlah-ternak-yang-dipotong-menurut-jenis-ternak.html,7.0,76.0,Air Disalurkan
123,2023,Mallusetasi,341919300.0,Data Tersedia,2024-04-17 01:07:18,Jumlah Pelanggan Air yang disalurkan,558.0,Energi,178.0,,MTM5IzI=; MTQwIzI=; MTQxIzI=; MTczIzI=; MjA0IzI=; MTcyIzI=; MTYzIzI=,Jumlah Pelanggan Listrik; Jumlah Pelanggan Air; Jumlah Pelanggan Air; Jumlah Perkara Yang Diterima/Diputuskan  Pengadilan Agama ; Jumlah Surat Nikah yang Diterbitkan Menurut Kecamatan; Jumlah Perkara Yang Diterima/Diputuskan  Pengadilan Agama ; Jumlah Ternak Yang Dipotong menurut Jenis Ternak,/2/MTM5IzI=/jumlah-pelanggan-listrik.html; /2/MTQwIzI=/jumlah-pelanggan-air.html; /2/MTQxIzI=/jumlah-pelanggan-air.html; /2/MTczIzI=/jumlah-perkara-yang-diterima-diputuskan--pengadilan-agama-.html; /2/MjA0IzI=/jumlah-surat-nikah-yang-diterbitkan-menurut-kecamatan.html; /2/MTcyIzI=/jumlah-perkara-yang-diterima-diputuskan--pengadilan-agama-.html; /2/MTYzIzI=/jumlah-ternak-yang-dipotong-menurut-jenis-ternak.html,7.0,77.0,Nilai
123,2023,Kabupaten Barru,12120.0,Data Tersedia,2024-04-17 01:07:18,Jumlah Pelanggan Air yang disalurkan,558.0,Energi,178.0,,MTM5IzI=; MTQwIzI=; MTQxIzI=; MTczIzI=; MjA0IzI=; MTcyIzI=; MTYzIzI=,Jumlah Pelanggan Listrik; Jumlah Pelanggan Air; Jumlah Pelanggan Air; Jumlah Perkara Yang Diterima/Diputuskan  Pengadilan Agama ; Jumlah Surat Nikah yang Diterbitkan Menurut Kecamatan; Jumlah Perkara Yang Diterima/Diputuskan  Pengadilan Agama ; Jumlah Ternak Yang Dipotong menurut Jenis Ternak,/2/MTM5IzI=/jumlah-pelanggan-listrik.html; /2/MTQwIzI=/jumlah-pelanggan-air.html; /2/MTQxIzI=/jumlah-pelanggan-air.html; /2/MTczIzI=/jumlah-perkara-yang-diterima-diputuskan--pengadilan-agama-.html; /2/MjA0IzI=/jumlah-surat-nikah-yang-diterbitkan-menurut-kecamatan.html; /2/MTcyIzI=/jumlah-perkara-yang-diterima-diputuskan--pengadilan-agama-.html; /2/MTYzIzI=/jumlah-ternak-yang-dipotong-menurut-jenis-ternak.html,8.0,75.0,Pelanggan
123,2023,Kabupaten Barru,1710964.0,Data Tersedia,2024-04-17 01:07:18,Jumlah Pelanggan Air yang disalurkan,558.0,Energi,178.0,,MTM5IzI=; MTQwIzI=; MTQxIzI=; MTczIzI=; MjA0IzI=; MTcyIzI=; MTYzIzI=,Jumlah Pelanggan Listrik; Jumlah Pelanggan Air; Jumlah Pelanggan Air; Jumlah Perkara Yang Diterima/Diputuskan  Pengadilan Agama ; Jumlah Surat Nikah yang Diterbitkan Menurut Kecamatan; Jumlah Perkara Yang Diterima/Diputuskan  Pengadilan Agama ; Jumlah Ternak Yang Dipotong menurut Jenis Ternak,/2/MTM5IzI=/jumlah-pelanggan-listrik.html; /2/MTQwIzI=/jumlah-pelanggan-air.html; /2/MTQxIzI=/jumlah-pelanggan-air.html; /2/MTczIzI=/jumlah-perkara-yang-diterima-diputuskan--pengadilan-agama-.html; /2/MjA0IzI=/jumlah-surat-nikah-yang-diterbitkan-menurut-kecamatan.html; /2/MTcyIzI=/jumlah-perkara-yang-diterima-diputuskan--pengadilan-agama-.html; /2/MTYzIzI=/jumlah-ternak-yang-dipotong-menurut-jenis-ternak.html,8.0,76.0,Air Disalurkan
123,2023,Kabupaten Barru,8943469225.0,Data Tersedia,2024-04-17 01:07:18,Jumlah Pelanggan Air yang disalurkan,558.0,Energi,178.0,,MTM5IzI=; MTQwIzI=; MTQxIzI=; MTczIzI=; MjA0IzI=; MTcyIzI=; MTYzIzI=,Jumlah Pelanggan Listrik; Jumlah Pelanggan Air; Jumlah Pelanggan Air; Jumlah Perkara Yang Diterima/Diputuskan  Pengadilan Agama ; Jumlah Surat Nikah yang Diterbitkan Menurut Kecamatan; Jumlah Perkara Yang Diterima/Diputuskan  Pengadilan Agama ; Jumlah Ternak Yang Dipotong menurut Jenis Ternak,/2/MTM5IzI=/jumlah-pelanggan-listrik.html; /2/MTQwIzI=/jumlah-pelanggan-air.html; /2/MTQxIzI=/jumlah-pelanggan-air.html; /2/MTczIzI=/jumlah-perkara-yang-diterima-diputuskan--pengadilan-agama-.html; /2/MjA0IzI=/jumlah-surat-nikah-yang-diterbitkan-menurut-kecamatan.html; /2/MTcyIzI=/jumlah-perkara-yang-diterima-diputuskan--pengadilan-agama-.html; /2/MTYzIzI=/jumlah-ternak-yang-dipotong-menurut-jenis-ternak.html,8.0,77.0,Nilai
124,,,,Data Tidak Ditemukan,,,,,,,,,,,,
125,,,,Data Tidak Ditemukan,,,,,,,,,,,,
