id_tahun,tahun,vervar_label,nilai,status,last_update,var_label,subject_id,subject_label,var_id,var_unit,related_ids,related_titles,related_links,vervar_id,turvar_id,turvar_label
100,,,,Data Tidak Ditemukan,,,,,,,,,,,,
101,,,,Data Tidak Ditemukan,,,,,,,,,,,,
102,,,,Data Tidak Ditemukan,,,,,,,,,,,,
103,,,,Data Tidak Ditemukan,,,,,,,,,,,,
104,,,,Data Tidak Ditemukan,,,,,,,,,,,,
105,,,,Data Tidak Ditemukan,,,,,,,,,,,,
106,,,,Data Tidak Ditemukan,,,,,,,,,,,,
107,,,,Data Tidak Ditemukan,,,,,,,,,,,,
108,,,,Data Tidak Ditemukan,,,,,,,,,,,,
109,,,,Data Tidak Ditemukan,,,,,,,,,,,,
110,,,,Data Tidak Ditemukan,,,,,,,,,,,,
111,,,,Data Tidak Ditemukan,,,,,,,,,,,,
112,,,,Data Tidak Ditemukan,,,,,,,,,,,,
113,,,,Data Tidak Ditemukan,,,,,,,,,,,,
114,,,,Data Tidak Ditemukan,,,,,,,,,,,,
115,,,,Data Tidak Ditemukan,,,,,,,,,,,,
116,,,,Data Tidak Ditemukan,,,,,,,,,,,,
117,,,,Data Tidak Ditemukan,,,,,,,,,,,,
118,,,,Data Tidak Ditemukan,,,,,,,,,,,,
119,,,,Data Tidak Ditemukan,,,,,,,,,,,,
120,2020,labu siam,5000.0,Data Tersedia,2024-04-17 01:15:22,Rata-rata harga eceran sayuran menurut komoditas sayuran,536.0,Harga-Harga,137.0,Rupiah,MTM1IzI=; NzcjMg==; MjYjMQ==; MjIwIzI=; MjIxIzI=; NDUjMQ==; MTQ5IzI=,"Rata-rata harga eceren Bahan kebutuhan pokok menurut jenis komoditas; Rata-Rata Lama Sekolah; Jumlah Penduduk, Rumah Tangga dan Rata-rata Anggota rumah Tangga Menurut Kecamatan di Kabupaten Barru 2019; Angka Harapan Lama Sekolah dan Rata-rata Lama  Sekolah di Kabupaten Barru; Angka Harapan Lama Sekolah dan Rata-rata Lama  Sekolah di Kabupaten Barru; Angka Harapan Lama Sekolah Dan Rata-Rata Lama Sekolah Di Kabupaten Barru 2014-2020; 	Luas Panen Tanaman Sayuran Menurut Kecamatan dan Jenis Tanaman di Kabupaten Barru (ha)",/2/MTM1IzI=/rata-rata-harga-eceren-bahan-kebutuhan-pokok-menurut-jenis-komoditas.html; /2/NzcjMg==/rata-rata-lama-sekolah.html; /1/MjYjMQ==/jumlah-penduduk--rumah-tangga-dan-rata-rata-anggota-rumah-tangga-menurut-kecamatan-di-kabupaten-barru-2019.html; /2/MjIwIzI=/angka-harapan-lama-sekolah-dan-rata-rata-lama--sekolah-di-kabupaten-barru.html; /2/MjIxIzI=/angka-harapan-lama-sekolah-dan-rata-rata-lama--sekolah-di-kabupaten-barru.html; /1/NDUjMQ==/angka-harapan-lama-sekolah-dan-rata-rata-lama-sekolah-di-kabupaten-barru-2014-2020.html; /2/MTQ5IzI=/-luas-panen-tanaman-sayuran-menurut-kecamatan-dan-jenis-tanaman-di-kabupaten-barru--ha-.html,0.0,0,Tidak ada
120,2020,kangkung,6750.0,Data Tersedia,2024-04-17 01:15:22,Rata-rata harga eceran sayuran menurut komoditas sayuran,536.0,Harga-Harga,137.0,Rupiah,MTM1IzI=; NzcjMg==; MjYjMQ==; MjIwIzI=; MjIxIzI=; NDUjMQ==; MTQ5IzI=,"Rata-rata harga eceren Bahan kebutuhan pokok menurut jenis komoditas; Rata-Rata Lama Sekolah; Jumlah Penduduk, Rumah Tangga dan Rata-rata Anggota rumah Tangga Menurut Kecamatan di Kabupaten Barru 2019; Angka Harapan Lama Sekolah dan Rata-rata Lama  Sekolah di Kabupaten Barru; Angka Harapan Lama Sekolah dan Rata-rata Lama  Sekolah di Kabupaten Barru; Angka Harapan Lama Sekolah Dan Rata-Rata Lama Sekolah Di Kabupaten Barru 2014-2020; 	Luas Panen Tanaman Sayuran Menurut Kecamatan dan Jenis Tanaman di Kabupaten Barru (ha)",/2/MTM1IzI=/rata-rata-harga-eceren-bahan-kebutuhan-pokok-menurut-jenis-komoditas.html; /2/NzcjMg==/rata-rata-lama-sekolah.html; /1/MjYjMQ==/jumlah-penduduk--rumah-tangga-dan-rata-rata-anggota-rumah-tangga-menurut-kecamatan-di-kabupaten-barru-2019.html; /2/MjIwIzI=/angka-harapan-lama-sekolah-dan-rata-rata-lama--sekolah-di-kabupaten-barru.html; /2/MjIxIzI=/angka-harapan-lama-sekolah-dan-rata-rata-lama--sekolah-di-kabupaten-barru.html; /1/NDUjMQ==/angka-harapan-lama-sekolah-dan-rata-rata-lama-sekolah-di-kabupaten-barru-2014-2020.html; /2/MTQ5IzI=/-luas-panen-tanaman-sayuran-menurut-kecamatan-dan-jenis-tanaman-di-kabupaten-barru--ha-.html,1.0,0,Tidak ada
120,2020,bayam,7500.0,Data Tersedia,2024-04-17 01:15:22,Rata-rata harga eceran sayuran menurut komoditas sayuran,536.0,Harga-Harga,137.0,Rupiah,MTM1IzI=; NzcjMg==; MjYjMQ==; MjIwIzI=; MjIxIzI=; NDUjMQ==; MTQ5IzI=,"Rata-rata harga eceren Bahan kebutuhan pokok menurut jenis komoditas; Rata-Rata Lama Sekolah; Jumlah Penduduk, Rumah Tangga dan Rata-rata Anggota rumah Tangga Menurut Kecamatan di Kabupaten Barru 2019; Angka Harapan Lama Sekolah dan Rata-rata Lama  Sekolah di Kabupaten Barru; Angka Harapan Lama Sekolah dan Rata-rata Lama  Sekolah di Kabupaten Barru; Angka Harapan Lama Sekolah Dan Rata-Rata Lama Sekolah Di Kabupaten Barru 2014-2020; 	Luas Panen Tanaman Sayuran Menurut Kecamatan dan Jenis Tanaman di Kabupaten Barru (ha)",/2/MTM1IzI=/rata-rata-harga-eceren-bahan-kebutuhan-pokok-menurut-jenis-komoditas.html; /2/NzcjMg==/rata-rata-lama-sekolah.html; /1/MjYjMQ==/jumlah-penduduk--rumah-tangga-dan-rata-rata-anggota-rumah-tangga-menurut-kecamatan-di-kabupaten-barru-2019.html; /2/MjIwIzI=/angka-harapan-lama-sekolah-dan-rata-rata-lama--sekolah-di-kabupaten-barru.html; /2/MjIxIzI=/angka-harapan-lama-sekolah-dan-rata-rata-lama--sekolah-di-kabupaten-barru.html; /1/NDUjMQ==/angka-harapan-lama-sekolah-dan-rata-rata-lama-sekolah-di-kabupaten-barru-2014-2020.html; /2/MTQ5IzI=/-luas-panen-tanaman-sayuran-menurut-kecamatan-dan-jenis-tanaman-di-kabupaten-barru--ha-.html,2.0,0,Tidak ada
120,2020,kol putih,5833.0,Data Tersedia,2024-04-17 01:15:22,Rata-rata harga eceran sayuran menurut komoditas sayuran,536.0,Harga-Harga,137.0,Rupiah,MTM1IzI=; NzcjMg==; MjYjMQ==; MjIwIzI=; MjIxIzI=; NDUjMQ==; MTQ5IzI=,"Rata-rata harga eceren Bahan kebutuhan pokok menurut jenis komoditas; Rata-Rata Lama Sekolah; Jumlah Penduduk, Rumah Tangga dan Rata-rata Anggota rumah Tangga Menurut Kecamatan di Kabupaten Barru 2019; Angka Harapan Lama Sekolah dan Rata-rata Lama  Sekolah di Kabupaten Barru; Angka Harapan Lama Sekolah dan Rata-rata Lama  Sekolah di Kabupaten Barru; Angka Harapan Lama Sekolah Dan Rata-Rata Lama Sekolah Di Kabupaten Barru 2014-2020; 	Luas Panen Tanaman Sayuran Menurut Kecamatan dan Jenis Tanaman di Kabupaten Barru (ha)",/2/MTM1IzI=/rata-rata-harga-eceren-bahan-kebutuhan-pokok-menurut-jenis-komoditas.html; /2/NzcjMg==/rata-rata-lama-sekolah.html; /1/MjYjMQ==/jumlah-penduduk--rumah-tangga-dan-rata-rata-anggota-rumah-tangga-menurut-kecamatan-di-kabupaten-barru-2019.html; /2/MjIwIzI=/angka-harapan-lama-sekolah-dan-rata-rata-lama--sekolah-di-kabupaten-barru.html; /2/MjIxIzI=/angka-harapan-lama-sekolah-dan-rata-rata-lama--sekolah-di-kabupaten-barru.html; /1/NDUjMQ==/angka-harapan-lama-sekolah-dan-rata-rata-lama-sekolah-di-kabupaten-barru-2014-2020.html; /2/MTQ5IzI=/-luas-panen-tanaman-sayuran-menurut-kecamatan-dan-jenis-tanaman-di-kabupaten-barru--ha-.html,3.0,0,Tidak ada
120,2020,kacang panjang,10333.0,Data Tersedia,2024-04-17 01:15:22,Rata-rata harga eceran sayuran menurut komoditas sayuran,536.0,Harga-Harga,137.0,Rupiah,MTM1IzI=; NzcjMg==; MjYjMQ==; MjIwIzI=; MjIxIzI=; NDUjMQ==; MTQ5IzI=,"Rata-rata harga eceren Bahan kebutuhan pokok menurut jenis komoditas; Rata-Rata Lama Sekolah; Jumlah Penduduk, Rumah Tangga dan Rata-rata Anggota rumah Tangga Menurut Kecamatan di Kabupaten Barru 2019; Angka Harapan Lama Sekolah dan Rata-rata Lama  Sekolah di Kabupaten Barru; Angka Harapan Lama Sekolah dan Rata-rata Lama  Sekolah di Kabupaten Barru; Angka Harapan Lama Sekolah Dan Rata-Rata Lama Sekolah Di Kabupaten Barru 2014-2020; 	Luas Panen Tanaman Sayuran Menurut Kecamatan dan Jenis Tanaman di Kabupaten Barru (ha)",/2/MTM1IzI=/rata-rata-harga-eceren-bahan-kebutuhan-pokok-menurut-jenis-komoditas.html; /2/NzcjMg==/rata-rata-lama-sekolah.html; /1/MjYjMQ==/jumlah-penduduk--rumah-tangga-dan-rata-rata-anggota-rumah-tangga-menurut-kecamatan-di-kabupaten-barru-2019.html; /2/MjIwIzI=/angka-harapan-lama-sekolah-dan-rata-rata-lama--sekolah-di-kabupaten-barru.html; /2/MjIxIzI=/angka-harapan-lama-sekolah-dan-rata-rata-lama--sekolah-di-kabupaten-barru.html; /1/NDUjMQ==/angka-harapan-lama-sekolah-dan-rata-rata-lama-sekolah-di-kabupaten-barru-2014-2020.html; /2/MTQ5IzI=/-luas-panen-tanaman-sayuran-menurut-kecamatan-dan-jenis-tanaman-di-kabupaten-barru--ha-.html,4.0,0,Tidak ada
120,2020,kentang,15583.0,Data Tersedia,2024-04-17 01:15:22,Rata-rata harga eceran sayuran menurut komoditas sayuran,536.0,Harga-Harga,137.0,Rupiah,MTM1IzI=; NzcjMg==; MjYjMQ==; MjIwIzI=; MjIxIzI=; NDUjMQ==; MTQ5IzI=,"Rata-rata harga eceren Bahan kebutuhan pokok menurut jenis komoditas; Rata-Rata Lama Sekolah; Jumlah Penduduk, Rumah Tangga dan Rata-rata Anggota rumah Tangga Menurut Kecamatan di Kabupaten Barru 2019; Angka Harapan Lama Sekolah dan Rata-rata Lama  Sekolah di Kabupaten Barru; Angka Harapan Lama Sekolah dan Rata-rata Lama  Sekolah di Kabupaten Barru; Angka Harapan Lama Sekolah Dan Rata-Rata Lama Sekolah Di Kabupaten Barru 2014-2020; 	Luas Panen Tanaman Sayuran Menurut Kecamatan dan Jenis Tanaman di Kabupaten Barru (ha)",/2/MTM1IzI=/rata-rata-harga-eceren-bahan-kebutuhan-pokok-menurut-jenis-komoditas.html; /2/NzcjMg==/rata-rata-lama-sekolah.html; /1/MjYjMQ==/jumlah-penduduk--rumah-tangga-dan-rata-rata-anggota-rumah-tangga-menurut-kecamatan-di-kabupaten-barru-2019.html; /2/MjIwIzI=/angka-harapan-lama-sekolah-dan-rata-rata-lama--sekolah-di-kabupaten-barru.html; /2/MjIxIzI=/angka-harapan-lama-sekolah-dan-rata-rata-lama--sekolah-di-kabupaten-barru.html; /1/NDUjMQ==/angka-harapan-lama-sekolah-dan-rata-rata-lama-sekolah-di-kabupaten-barru-2014-2020.html; /2/MTQ5IzI=/-luas-panen-tanaman-sayuran-menurut-kecamatan-dan-jenis-tanaman-di-kabupaten-barru--ha-.html,5.0,0,Tidak ada
120,2020,lombok merah,24250.0,Data Tersedia,2024-04-17 01:15:22,Rata-rata harga eceran sayuran menurut komoditas sayuran,536.0,Harga-Harga,137.0,Rupiah,MTM1IzI=; NzcjMg==; MjYjMQ==; MjIwIzI=; MjIxIzI=; NDUjMQ==; MTQ5IzI=,"Rata-rata harga eceren Bahan kebutuhan pokok menurut jenis komoditas; Rata-Rata Lama Sekolah; Jumlah Penduduk, Rumah Tangga dan Rata-rata Anggota rumah Tangga Menurut Kecamatan di Kabupaten Barru 2019; Angka Harapan Lama Sekolah dan Rata-rata Lama  Sekolah di Kabupaten Barru; Angka Harapan Lama Sekolah dan Rata-rata Lama  Sekolah di Kabupaten Barru; Angka Harapan Lama Sekolah Dan Rata-Rata Lama Sekolah Di Kabupaten Barru 2014-2020; 	Luas Panen Tanaman Sayuran Menurut Kecamatan dan Jenis Tanaman di Kabupaten Barru (ha)",/2/MTM1IzI=/rata-rata-harga-eceren-bahan-kebutuhan-pokok-menurut-jenis-komoditas.html; /2/NzcjMg==/rata-rata-lama-sekolah.html; /1/MjYjMQ==/jumlah-penduduk--rumah-tangga-dan-rata-rata-anggota-rumah-tangga-menurut-kecamatan-di-kabupaten-barru-2019.html; /2/MjIwIzI=/angka-harapan-lama-sekolah-dan-rata-rata-lama--sekolah-di-kabupaten-barru.html; /2/MjIxIzI=/angka-harapan-lama-sekolah-dan-rata-rata-lama--sekolah-di-kabupaten-barru.html; /1/NDUjMQ==/angka-harapan-lama-sekolah-dan-rata-rata-lama-sekolah-di-kabupaten-barru-2014-2020.html; /2/MTQ5IzI=/-luas-panen-tanaman-sayuran-menurut-kecamatan-dan-jenis-tanaman-di-kabupaten-barru--ha-.html,6.0,0,Tidak ada
120,2020,lombok rawit,26667.0,Data Tersedia,2024-04-17 01:15:22,Rata-rata harga eceran sayuran menurut komoditas sayuran,536.0,Harga-Harga,137.0,Rupiah,MTM1IzI=; NzcjMg==; MjYjMQ==; MjIwIzI=; MjIxIzI=; NDUjMQ==; MTQ5IzI=,"Rata-rata harga eceren Bahan kebutuhan pokok menurut jenis komoditas; Rata-Rata Lama Sekolah; Jumlah Penduduk, Rumah Tangga dan Rata-rata Anggota rumah Tangga Menurut Kecamatan di Kabupaten Barru 2019; Angka Harapan Lama Sekolah dan Rata-rata Lama  Sekolah di Kabupaten Barru; Angka Harapan Lama Sekolah dan Rata-rata Lama  Sekolah di Kabupaten Barru; Angka Harapan Lama Sekolah Dan Rata-Rata Lama Sekolah Di Kabupaten Barru 2014-2020; 	Luas Panen Tanaman Sayuran Menurut Kecamatan dan Jenis Tanaman di Kabupaten Barru (ha)",/2/MTM1IzI=/rata-rata-harga-eceren-bahan-kebutuhan-pokok-menurut-jenis-komoditas.html; /2/NzcjMg==/rata-rata-lama-sekolah.html; /1/MjYjMQ==/jumlah-penduduk--rumah-tangga-dan-rata-rata-anggota-rumah-tangga-menurut-kecamatan-di-kabupaten-barru-2019.html; /2/MjIwIzI=/angka-harapan-lama-sekolah-dan-rata-rata-lama--sekolah-di-kabupaten-barru.html; /2/MjIxIzI=/angka-harapan-lama-sekolah-dan-rata-rata-lama--sekolah-di-kabupaten-barru.html; /1/NDUjMQ==/angka-harapan-lama-sekolah-dan-rata-rata-lama-sekolah-di-kabupaten-barru-2014-2020.html; /2/MTQ5IzI=/-luas-panen-tanaman-sayuran-menurut-kecamatan-dan-jenis-tanaman-di-kabupaten-barru--ha-.html,7.0,0,Tidak ada
120,2020,sawi hijau,10083.0,Data Tersedia,2024-04-17 01:15:22,Rata-rata harga eceran sayuran menurut komoditas sayuran,536.0,Harga-Harga,137.0,Rupiah,MTM1IzI=; NzcjMg==; MjYjMQ==; MjIwIzI=; MjIxIzI=; NDUjMQ==; MTQ5IzI=,"Rata-rata harga eceren Bahan kebutuhan pokok menurut jenis komoditas; Rata-Rata Lama Sekolah; Jumlah Penduduk, Rumah Tangga dan Rata-rata Anggota rumah Tangga Menurut Kecamatan di Kabupaten Barru 2019; Angka Harapan Lama Sekolah dan Rata-rata Lama  Sekolah di Kabupaten Barru; Angka Harapan Lama Sekolah dan Rata-rata Lama  Sekolah di Kabupaten Barru; Angka Harapan Lama Sekolah Dan Rata-Rata Lama Sekolah Di Kabupaten Barru 2014-2020; 	Luas Panen Tanaman Sayuran Menurut Kecamatan dan Jenis Tanaman di Kabupaten Barru (ha)",/2/MTM1IzI=/rata-rata-harga-eceren-bahan-kebutuhan-pokok-menurut-jenis-komoditas.html; /2/NzcjMg==/rata-rata-lama-sekolah.html; /1/MjYjMQ==/jumlah-penduduk--rumah-tangga-dan-rata-rata-anggota-rumah-tangga-menurut-kecamatan-di-kabupaten-barru-2019.html; /2/MjIwIzI=/angka-harapan-lama-sekolah-dan-rata-rata-lama--sekolah-di-kabupaten-barru.html; /2/MjIxIzI=/angka-harapan-lama-sekolah-dan-rata-rata-lama--sekolah-di-kabupaten-barru.html; /1/NDUjMQ==/angka-harapan-lama-sekolah-dan-rata-rata-lama-sekolah-di-kabupaten-barru-2014-2020.html; /2/MTQ5IzI=/-luas-panen-tanaman-sayuran-menurut-kecamatan-dan-jenis-tanaman-di-kabupaten-barru--ha-.html,8.0,0,Tidak ada
120,2020,tomat sayur,9250.0,Data Tersedia,2024-04-17 01:15:22,Rata-rata harga eceran sayuran menurut komoditas sayuran,536.0,Harga-Harga,137.0,Rupiah,MTM1IzI=; NzcjMg==; MjYjMQ==; MjIwIzI=; MjIxIzI=; NDUjMQ==; MTQ5IzI=,"Rata-rata harga eceren Bahan kebutuhan pokok menurut jenis komoditas; Rata-Rata Lama Sekolah; Jumlah Penduduk, Rumah Tangga dan Rata-rata Anggota rumah Tangga Menurut Kecamatan di Kabupaten Barru 2019; Angka Harapan Lama Sekolah dan Rata-rata Lama  Sekolah di Kabupaten Barru; Angka Harapan Lama Sekolah dan Rata-rata Lama  Sekolah di Kabupaten Barru; Angka Harapan Lama Sekolah Dan Rata-Rata Lama Sekolah Di Kabupaten Barru 2014-2020; 	Luas Panen Tanaman Sayuran Menurut Kecamatan dan Jenis Tanaman di Kabupaten Barru (ha)",/2/MTM1IzI=/rata-rata-harga-eceren-bahan-kebutuhan-pokok-menurut-jenis-komoditas.html; /2/NzcjMg==/rata-rata-lama-sekolah.html; /1/MjYjMQ==/jumlah-penduduk--rumah-tangga-dan-rata-rata-anggota-rumah-tangga-menurut-kecamatan-di-kabupaten-barru-2019.html; /2/MjIwIzI=/angka-harapan-lama-sekolah-dan-rata-rata-lama--sekolah-di-kabupaten-barru.html; /2/MjIxIzI=/angka-harapan-lama-sekolah-dan-rata-rata-lama--sekolah-di-kabupaten-barru.html; /1/NDUjMQ==/angka-harapan-lama-sekolah-dan-rata-rata-lama-sekolah-di-kabupaten-barru-2014-2020.html; /2/MTQ5IzI=/-luas-panen-tanaman-sayuran-menurut-kecamatan-dan-jenis-tanaman-di-kabupaten-barru--ha-.html,9.0,0,Tidak ada
120,2020,terung panjang,5750.0,Data Tersedia,2024-04-17 01:15:22,Rata-rata harga eceran sayuran menurut komoditas sayuran,536.0,Harga-Harga,137.0,Rupiah,MTM1IzI=; NzcjMg==; MjYjMQ==; MjIwIzI=; MjIxIzI=; NDUjMQ==; MTQ5IzI=,"Rata-rata harga eceren Bahan kebutuhan pokok menurut jenis komoditas; Rata-Rata Lama Sekolah; Jumlah Penduduk, Rumah Tangga dan Rata-rata Anggota rumah Tangga Menurut Kecamatan di Kabupaten Barru 2019; Angka Harapan Lama Sekolah dan Rata-rata Lama  Sekolah di Kabupaten Barru; Angka Harapan Lama Sekolah dan Rata-rata Lama  Sekolah di Kabupaten Barru; Angka Harapan Lama Sekolah Dan Rata-Rata Lama Sekolah Di Kabupaten Barru 2014-2020; 	Luas Panen Tanaman Sayuran Menurut Kecamatan dan Jenis Tanaman di Kabupaten Barru (ha)",/2/MTM1IzI=/rata-rata-harga-eceren-bahan-kebutuhan-pokok-menurut-jenis-komoditas.html; /2/NzcjMg==/rata-rata-lama-sekolah.html; /1/MjYjMQ==/jumlah-penduduk--rumah-tangga-dan-rata-rata-anggota-rumah-tangga-menurut-kecamatan-di-kabupaten-barru-2019.html; /2/MjIwIzI=/angka-harapan-lama-sekolah-dan-rata-rata-lama--sekolah-di-kabupaten-barru.html; /2/MjIxIzI=/angka-harapan-lama-sekolah-dan-rata-rata-lama--sekolah-di-kabupaten-barru.html; /1/NDUjMQ==/angka-harapan-lama-sekolah-dan-rata-rata-lama-sekolah-di-kabupaten-barru-2014-2020.html; /2/MTQ5IzI=/-luas-panen-tanaman-sayuran-menurut-kecamatan-dan-jenis-tanaman-di-kabupaten-barru--ha-.html,10.0,0,Tidak ada
120,2020,wortel,11667.0,Data Tersedia,2024-04-17 01:15:22,Rata-rata harga eceran sayuran menurut komoditas sayuran,536.0,Harga-Harga,137.0,Rupiah,MTM1IzI=; NzcjMg==; MjYjMQ==; MjIwIzI=; MjIxIzI=; NDUjMQ==; MTQ5IzI=,"Rata-rata harga eceren Bahan kebutuhan pokok menurut jenis komoditas; Rata-Rata Lama Sekolah; Jumlah Penduduk, Rumah Tangga dan Rata-rata Anggota rumah Tangga Menurut Kecamatan di Kabupaten Barru 2019; Angka Harapan Lama Sekolah dan Rata-rata Lama  Sekolah di Kabupaten Barru; Angka Harapan Lama Sekolah dan Rata-rata Lama  Sekolah di Kabupaten Barru; Angka Harapan Lama Sekolah Dan Rata-Rata Lama Sekolah Di Kabupaten Barru 2014-2020; 	Luas Panen Tanaman Sayuran Menurut Kecamatan dan Jenis Tanaman di Kabupaten Barru (ha)",/2/MTM1IzI=/rata-rata-harga-eceren-bahan-kebutuhan-pokok-menurut-jenis-komoditas.html; /2/NzcjMg==/rata-rata-lama-sekolah.html; /1/MjYjMQ==/jumlah-penduduk--rumah-tangga-dan-rata-rata-anggota-rumah-tangga-menurut-kecamatan-di-kabupaten-barru-2019.html; /2/MjIwIzI=/angka-harapan-lama-sekolah-dan-rata-rata-lama--sekolah-di-kabupaten-barru.html; /2/MjIxIzI=/angka-harapan-lama-sekolah-dan-rata-rata-lama--sekolah-di-kabupaten-barru.html; /1/NDUjMQ==/angka-harapan-lama-sekolah-dan-rata-rata-lama-sekolah-di-kabupaten-barru-2014-2020.html; /2/MTQ5IzI=/-luas-panen-tanaman-sayuran-menurut-kecamatan-dan-jenis-tanaman-di-kabupaten-barru--ha-.html,11.0,0,Tidak ada
120,2020,buncis,9833.0,Data Tersedia,2024-04-17 01:15:22,Rata-rata harga eceran sayuran menurut komoditas sayuran,536.0,Harga-Harga,137.0,Rupiah,MTM1IzI=; NzcjMg==; MjYjMQ==; MjIwIzI=; MjIxIzI=; NDUjMQ==; MTQ5IzI=,"Rata-rata harga eceren Bahan kebutuhan pokok menurut jenis komoditas; Rata-Rata Lama Sekolah; Jumlah Penduduk, Rumah Tangga dan Rata-rata Anggota rumah Tangga Menurut Kecamatan di Kabupaten Barru 2019; Angka Harapan Lama Sekolah dan Rata-rata Lama  Sekolah di Kabupaten Barru; Angka Harapan Lama Sekolah dan Rata-rata Lama  Sekolah di Kabupaten Barru; Angka Harapan Lama Sekolah Dan Rata-Rata Lama Sekolah Di Kabupaten Barru 2014-2020; 	Luas Panen Tanaman Sayuran Menurut Kecamatan dan Jenis Tanaman di Kabupaten Barru (ha)",/2/MTM1IzI=/rata-rata-harga-eceren-bahan-kebutuhan-pokok-menurut-jenis-komoditas.html; /2/NzcjMg==/rata-rata-lama-sekolah.html; /1/MjYjMQ==/jumlah-penduduk--rumah-tangga-dan-rata-rata-anggota-rumah-tangga-menurut-kecamatan-di-kabupaten-barru-2019.html; /2/MjIwIzI=/angka-harapan-lama-sekolah-dan-rata-rata-lama--sekolah-di-kabupaten-barru.html; /2/MjIxIzI=/angka-harapan-lama-sekolah-dan-rata-rata-lama--sekolah-di-kabupaten-barru.html; /1/NDUjMQ==/angka-harapan-lama-sekolah-dan-rata-rata-lama-sekolah-di-kabupaten-barru-2014-2020.html; /2/MTQ5IzI=/-luas-panen-tanaman-sayuran-menurut-kecamatan-dan-jenis-tanaman-di-kabupaten-barru--ha-.html,12.0,0,Tidak ada
120,2020,ketimun,4833.0,Data Tersedia,2024-04-17 01:15:22,Rata-rata harga eceran sayuran menurut komoditas sayuran,536.0,Harga-Harga,137.0,Rupiah,MTM1IzI=; NzcjMg==; MjYjMQ==; MjIwIzI=; MjIxIzI=; NDUjMQ==; MTQ5IzI=,"Rata-rata harga eceren Bahan kebutuhan pokok menurut jenis komoditas; Rata-Rata Lama Sekolah; Jumlah Penduduk, Rumah Tangga dan Rata-rata Anggota rumah Tangga Menurut Kecamatan di Kabupaten Barru 2019; Angka Harapan Lama Sekolah dan Rata-rata Lama  Sekolah di Kabupaten Barru; Angka Harapan Lama Sekolah dan Rata-rata Lama  Sekolah di Kabupaten Barru; Angka Harapan Lama Sekolah Dan Rata-Rata Lama Sekolah Di Kabupaten Barru 2014-2020; 	Luas Panen Tanaman Sayuran Menurut Kecamatan dan Jenis Tanaman di Kabupaten Barru (ha)",/2/MTM1IzI=/rata-rata-harga-eceren-bahan-kebutuhan-pokok-menurut-jenis-komoditas.html; /2/NzcjMg==/rata-rata-lama-sekolah.html; /1/MjYjMQ==/jumlah-penduduk--rumah-tangga-dan-rata-rata-anggota-rumah-tangga-menurut-kecamatan-di-kabupaten-barru-2019.html; /2/MjIwIzI=/angka-harapan-lama-sekolah-dan-rata-rata-lama--sekolah-di-kabupaten-barru.html; /2/MjIxIzI=/angka-harapan-lama-sekolah-dan-rata-rata-lama--sekolah-di-kabupaten-barru.html; /1/NDUjMQ==/angka-harapan-lama-sekolah-dan-rata-rata-lama-sekolah-di-kabupaten-barru-2014-2020.html; /2/MTQ5IzI=/-luas-panen-tanaman-sayuran-menurut-kecamatan-dan-jenis-tanaman-di-kabupaten-barru--ha-.html,13.0,0,Tidak ada
121,2021,labu siam,5000.0,Data Tersedia,2024-04-17 01:15:22,Rata-rata harga eceran sayuran menurut komoditas sayuran,536.0,Harga-Harga,137.0,Rupiah,MTM1IzI=; NzcjMg==; MjYjMQ==; MjIwIzI=; MjIxIzI=; NDUjMQ==; MTQ5IzI=,"Rata-rata harga eceren Bahan kebutuhan pokok menurut jenis komoditas; Rata-Rata Lama Sekolah; Jumlah Penduduk, Rumah Tangga dan Rata-rata Anggota rumah Tangga Menurut Kecamatan di Kabupaten Barru 2019; Angka Harapan Lama Sekolah dan Rata-rata Lama  Sekolah di Kabupaten Barru; Angka Harapan Lama Sekolah dan Rata-rata Lama  Sekolah di Kabupaten Barru; Angka Harapan Lama Sekolah Dan Rata-Rata Lama Sekolah Di Kabupaten Barru 2014-2020; 	Luas Panen Tanaman Sayuran Menurut Kecamatan dan Jenis Tanaman di Kabupaten Barru (ha)",/2/MTM1IzI=/rata-rata-harga-eceren-bahan-kebutuhan-pokok-menurut-jenis-komoditas.html; /2/NzcjMg==/rata-rata-lama-sekolah.html; /1/MjYjMQ==/jumlah-penduduk--rumah-tangga-dan-rata-rata-anggota-rumah-tangga-menurut-kecamatan-di-kabupaten-barru-2019.html; /2/MjIwIzI=/angka-harapan-lama-sekolah-dan-rata-rata-lama--sekolah-di-kabupaten-barru.html; /2/MjIxIzI=/angka-harapan-lama-sekolah-dan-rata-rata-lama--sekolah-di-kabupaten-barru.html; /1/NDUjMQ==/angka-harapan-lama-sekolah-dan-rata-rata-lama-sekolah-di-kabupaten-barru-2014-2020.html; /2/MTQ5IzI=/-luas-panen-tanaman-sayuran-menurut-kecamatan-dan-jenis-tanaman-di-kabupaten-barru--ha-.html,0.0,0,Tidak ada
121,2021,kangkung,8522.0,Data Tersedia,2024-04-17 01:15:22,Rata-rata harga eceran sayuran menurut komoditas sayuran,536.0,Harga-Harga,137.0,Rupiah,MTM1IzI=; NzcjMg==; MjYjMQ==; MjIwIzI=; MjIxIzI=; NDUjMQ==; MTQ5IzI=,"Rata-rata harga eceren Bahan kebutuhan pokok menurut jenis komoditas; Rata-Rata Lama Sekolah; Jumlah Penduduk, Rumah Tangga dan Rata-rata Anggota rumah Tangga Menurut Kecamatan di Kabupaten Barru 2019; Angka Harapan Lama Sekolah dan Rata-rata Lama  Sekolah di Kabupaten Barru; Angka Harapan Lama Sekolah dan Rata-rata Lama  Sekolah di Kabupaten Barru; Angka Harapan Lama Sekolah Dan Rata-Rata Lama Sekolah Di Kabupaten Barru 2014-2020; 	Luas Panen Tanaman Sayuran Menurut Kecamatan dan Jenis Tanaman di Kabupaten Barru (ha)",/2/MTM1IzI=/rata-rata-harga-eceren-bahan-kebutuhan-pokok-menurut-jenis-komoditas.html; /2/NzcjMg==/rata-rata-lama-sekolah.html; /1/MjYjMQ==/jumlah-penduduk--rumah-tangga-dan-rata-rata-anggota-rumah-tangga-menurut-kecamatan-di-kabupaten-barru-2019.html; /2/MjIwIzI=/angka-harapan-lama-sekolah-dan-rata-rata-lama--sekolah-di-kabupaten-barru.html; /2/MjIxIzI=/angka-harapan-lama-sekolah-dan-rata-rata-lama--sekolah-di-kabupaten-barru.html; /1/NDUjMQ==/angka-harapan-lama-sekolah-dan-rata-rata-lama-sekolah-di-kabupaten-barru-2014-2020.html; /2/MTQ5IzI=/-luas-panen-tanaman-sayuran-menurut-kecamatan-dan-jenis-tanaman-di-kabupaten-barru--ha-.html,1.0,0,Tidak ada
121,2021,bayam,10174.0,Data Tersedia,2024-04-17 01:15:22,Rata-rata harga eceran sayuran menurut komoditas sayuran,536.0,Harga-Harga,137.0,Rupiah,MTM1IzI=; NzcjMg==; MjYjMQ==; MjIwIzI=; MjIxIzI=; NDUjMQ==; MTQ5IzI=,"Rata-rata harga eceren Bahan kebutuhan pokok menurut jenis komoditas; Rata-Rata Lama Sekolah; Jumlah Penduduk, Rumah Tangga dan Rata-rata Anggota rumah Tangga Menurut Kecamatan di Kabupaten Barru 2019; Angka Harapan Lama Sekolah dan Rata-rata Lama  Sekolah di Kabupaten Barru; Angka Harapan Lama Sekolah dan Rata-rata Lama  Sekolah di Kabupaten Barru; Angka Harapan Lama Sekolah Dan Rata-Rata Lama Sekolah Di Kabupaten Barru 2014-2020; 	Luas Panen Tanaman Sayuran Menurut Kecamatan dan Jenis Tanaman di Kabupaten Barru (ha)",/2/MTM1IzI=/rata-rata-harga-eceren-bahan-kebutuhan-pokok-menurut-jenis-komoditas.html; /2/NzcjMg==/rata-rata-lama-sekolah.html; /1/MjYjMQ==/jumlah-penduduk--rumah-tangga-dan-rata-rata-anggota-rumah-tangga-menurut-kecamatan-di-kabupaten-barru-2019.html; /2/MjIwIzI=/angka-harapan-lama-sekolah-dan-rata-rata-lama--sekolah-di-kabupaten-barru.html; /2/MjIxIzI=/angka-harapan-lama-sekolah-dan-rata-rata-lama--sekolah-di-kabupaten-barru.html; /1/NDUjMQ==/angka-harapan-lama-sekolah-dan-rata-rata-lama-sekolah-di-kabupaten-barru-2014-2020.html; /2/MTQ5IzI=/-luas-panen-tanaman-sayuran-menurut-kecamatan-dan-jenis-tanaman-di-kabupaten-barru--ha-.html,2.0,0,Tidak ada
121,2021,kol putih,8783.0,Data Tersedia,2024-04-17 01:15:22,Rata-rata harga eceran sayuran menurut komoditas sayuran,536.0,Harga-Harga,137.0,Rupiah,MTM1IzI=; NzcjMg==; MjYjMQ==; MjIwIzI=; MjIxIzI=; NDUjMQ==; MTQ5IzI=,"Rata-rata harga eceren Bahan kebutuhan pokok menurut jenis komoditas; Rata-Rata Lama Sekolah; Jumlah Penduduk, Rumah Tangga dan Rata-rata Anggota rumah Tangga Menurut Kecamatan di Kabupaten Barru 2019; Angka Harapan Lama Sekolah dan Rata-rata Lama  Sekolah di Kabupaten Barru; Angka Harapan Lama Sekolah dan Rata-rata Lama  Sekolah di Kabupaten Barru; Angka Harapan Lama Sekolah Dan Rata-Rata Lama Sekolah Di Kabupaten Barru 2014-2020; 	Luas Panen Tanaman Sayuran Menurut Kecamatan dan Jenis Tanaman di Kabupaten Barru (ha)",/2/MTM1IzI=/rata-rata-harga-eceren-bahan-kebutuhan-pokok-menurut-jenis-komoditas.html; /2/NzcjMg==/rata-rata-lama-sekolah.html; /1/MjYjMQ==/jumlah-penduduk--rumah-tangga-dan-rata-rata-anggota-rumah-tangga-menurut-kecamatan-di-kabupaten-barru-2019.html; /2/MjIwIzI=/angka-harapan-lama-sekolah-dan-rata-rata-lama--sekolah-di-kabupaten-barru.html; /2/MjIxIzI=/angka-harapan-lama-sekolah-dan-rata-rata-lama--sekolah-di-kabupaten-barru.html; /1/NDUjMQ==/angka-harapan-lama-sekolah-dan-rata-rata-lama-sekolah-di-kabupaten-barru-2014-2020.html; /2/MTQ5IzI=/-luas-panen-tanaman-sayuran-menurut-kecamatan-dan-jenis-tanaman-di-kabupaten-barru--ha-.html,3.0,0,Tidak ada
121,2021,kacang panjang,13913.0,Data Tersedia,2024-04-17 01:15:22,Rata-rata harga eceran sayuran menurut komoditas sayuran,536.0,Harga-Harga,137.0,Rupiah,MTM1IzI=; NzcjMg==; MjYjMQ==; MjIwIzI=; MjIxIzI=; NDUjMQ==; MTQ5IzI=,"Rata-rata harga eceren Bahan kebutuhan pokok menurut jenis komoditas; Rata-Rata Lama Sekolah; Jumlah Penduduk, Rumah Tangga dan Rata-rata Anggota rumah Tangga Menurut Kecamatan di Kabupaten Barru 2019; Angka Harapan Lama Sekolah dan Rata-rata Lama  Sekolah di Kabupaten Barru; Angka Harapan Lama Sekolah dan Rata-rata Lama  Sekolah di Kabupaten Barru; Angka Harapan Lama Sekolah Dan Rata-Rata Lama Sekolah Di Kabupaten Barru 2014-2020; 	Luas Panen Tanaman Sayuran Menurut Kecamatan dan Jenis Tanaman di Kabupaten Barru (ha)",/2/MTM1IzI=/rata-rata-harga-eceren-bahan-kebutuhan-pokok-menurut-jenis-komoditas.html; /2/NzcjMg==/rata-rata-lama-sekolah.html; /1/MjYjMQ==/jumlah-penduduk--rumah-tangga-dan-rata-rata-anggota-rumah-tangga-menurut-kecamatan-di-kabupaten-barru-2019.html; /2/MjIwIzI=/angka-harapan-lama-sekolah-dan-rata-rata-lama--sekolah-di-kabupaten-barru.html; /2/MjIxIzI=/angka-harapan-lama-sekolah-dan-rata-rata-lama--sekolah-di-kabupaten-barru.html; /1/NDUjMQ==/angka-harapan-lama-sekolah-dan-rata-rata-lama-sekolah-di-kabupaten-barru-2014-2020.html; /2/MTQ5IzI=/-luas-panen-tanaman-sayuran-menurut-kecamatan-dan-jenis-tanaman-di-kabupaten-barru--ha-.html,4.0,0,Tidak ada
121,2021,kentang,15000.0,Data Tersedia,2024-04-17 01:15:22,Rata-rata harga eceran sayuran menurut komoditas sayuran,536.0,Harga-Harga,137.0,Rupiah,MTM1IzI=; NzcjMg==; MjYjMQ==; MjIwIzI=; MjIxIzI=; NDUjMQ==; MTQ5IzI=,"Rata-rata harga eceren Bahan kebutuhan pokok menurut jenis komoditas; Rata-Rata Lama Sekolah; Jumlah Penduduk, Rumah Tangga dan Rata-rata Anggota rumah Tangga Menurut Kecamatan di Kabupaten Barru 2019; Angka Harapan Lama Sekolah dan Rata-rata Lama  Sekolah di Kabupaten Barru; Angka Harapan Lama Sekolah dan Rata-rata Lama  Sekolah di Kabupaten Barru; Angka Harapan Lama Sekolah Dan Rata-Rata Lama Sekolah Di Kabupaten Barru 2014-2020; 	Luas Panen Tanaman Sayuran Menurut Kecamatan dan Jenis Tanaman di Kabupaten Barru (ha)",/2/MTM1IzI=/rata-rata-harga-eceren-bahan-kebutuhan-pokok-menurut-jenis-komoditas.html; /2/NzcjMg==/rata-rata-lama-sekolah.html; /1/MjYjMQ==/jumlah-penduduk--rumah-tangga-dan-rata-rata-anggota-rumah-tangga-menurut-kecamatan-di-kabupaten-barru-2019.html; /2/MjIwIzI=/angka-harapan-lama-sekolah-dan-rata-rata-lama--sekolah-di-kabupaten-barru.html; /2/MjIxIzI=/angka-harapan-lama-sekolah-dan-rata-rata-lama--sekolah-di-kabupaten-barru.html; /1/NDUjMQ==/angka-harapan-lama-sekolah-dan-rata-rata-lama-sekolah-di-kabupaten-barru-2014-2020.html; /2/MTQ5IzI=/-luas-panen-tanaman-sayuran-menurut-kecamatan-dan-jenis-tanaman-di-kabupaten-barru--ha-.html,5.0,0,Tidak ada
121,2021,lombok merah,25370.0,Data Tersedia,2024-04-17 01:15:22,Rata-rata harga eceran sayuran menurut komoditas sayuran,536.0,Harga-Harga,137.0,Rupiah,MTM1IzI=; NzcjMg==; MjYjMQ==; MjIwIzI=; MjIxIzI=; NDUjMQ==; MTQ5IzI=,"Rata-rata harga eceren Bahan kebutuhan pokok menurut jenis komoditas; Rata-Rata Lama Sekolah; Jumlah Penduduk, Rumah Tangga dan Rata-rata Anggota rumah Tangga Menurut Kecamatan di Kabupaten Barru 2019; Angka Harapan Lama Sekolah dan Rata-rata Lama  Sekolah di Kabupaten Barru; Angka Harapan Lama Sekolah dan Rata-rata Lama  Sekolah di Kabupaten Barru; Angka Harapan Lama Sekolah Dan Rata-Rata Lama Sekolah Di Kabupaten Barru 2014-2020; 	Luas Panen Tanaman Sayuran Menurut Kecamatan dan Jenis Tanaman di Kabupaten Barru (ha)",/2/MTM1IzI=/rata-rata-harga-eceren-bahan-kebutuhan-pokok-menurut-jenis-komoditas.html; /2/NzcjMg==/rata-rata-lama-sekolah.html; /1/MjYjMQ==/jumlah-penduduk--rumah-tangga-dan-rata-rata-anggota-rumah-tangga-menurut-kecamatan-di-kabupaten-barru-2019.html; /2/MjIwIzI=/angka-harapan-lama-sekolah-dan-rata-rata-lama--sekolah-di-kabupaten-barru.html; /2/MjIxIzI=/angka-harapan-lama-sekolah-dan-rata-rata-lama--sekolah-di-kabupaten-barru.html; /1/NDUjMQ==/angka-harapan-lama-sekolah-dan-rata-rata-lama-sekolah-di-kabupaten-barru-2014-2020.html; /2/MTQ5IzI=/-luas-panen-tanaman-sayuran-menurut-kecamatan-dan-jenis-tanaman-di-kabupaten-barru--ha-.html,6.0,0,Tidak ada
121,2021,lombok rawit,52478.0,Data Tersedia,2024-04-17 01:15:22,Rata-rata harga eceran sayuran menurut komoditas sayuran,536.0,Harga-Harga,137.0,Rupiah,MTM1IzI=; NzcjMg==; MjYjMQ==; MjIwIzI=; MjIxIzI=; NDUjMQ==; MTQ5IzI=,"Rata-rata harga eceren Bahan kebutuhan pokok menurut jenis komoditas; Rata-Rata Lama Sekolah; Jumlah Penduduk, Rumah Tangga dan Rata-rata Anggota rumah Tangga Menurut Kecamatan di Kabupaten Barru 2019; Angka Harapan Lama Sekolah dan Rata-rata Lama  Sekolah di Kabupaten Barru; Angka Harapan Lama Sekolah dan Rata-rata Lama  Sekolah di Kabupaten Barru; Angka Harapan Lama Sekolah Dan Rata-Rata Lama Sekolah Di Kabupaten Barru 2014-2020; 	Luas Panen Tanaman Sayuran Menurut Kecamatan dan Jenis Tanaman di Kabupaten Barru (ha)",/2/MTM1IzI=/rata-rata-harga-eceren-bahan-kebutuhan-pokok-menurut-jenis-komoditas.html; /2/NzcjMg==/rata-rata-lama-sekolah.html; /1/MjYjMQ==/jumlah-penduduk--rumah-tangga-dan-rata-rata-anggota-rumah-tangga-menurut-kecamatan-di-kabupaten-barru-2019.html; /2/MjIwIzI=/angka-harapan-lama-sekolah-dan-rata-rata-lama--sekolah-di-kabupaten-barru.html; /2/MjIxIzI=/angka-harapan-lama-sekolah-dan-rata-rata-lama--sekolah-di-kabupaten-barru.html; /1/NDUjMQ==/angka-harapan-lama-sekolah-dan-rata-rata-lama-sekolah-di-kabupaten-barru-2014-2020.html; /2/MTQ5IzI=/-luas-panen-tanaman-sayuran-menurut-kecamatan-dan-jenis-tanaman-di-kabupaten-barru--ha-.html,7.0,0,Tidak ada
121,2021,sawi hijau,12826.0,Data Tersedia,2024-04-17 01:15:22,Rata-rata harga eceran sayuran menurut komoditas sayuran,536.0,Harga-Harga,137.0,Rupiah,MTM1IzI=; NzcjMg==; MjYjMQ==; MjIwIzI=; MjIxIzI=; NDUjMQ==; MTQ5IzI=,"Rata-rata harga eceren Bahan kebutuhan pokok menurut jenis komoditas; Rata-Rata Lama Sekolah; Jumlah Penduduk, Rumah Tangga dan Rata-rata Anggota rumah Tangga Menurut Kecamatan di Kabupaten Barru 2019; Angka Harapan Lama Sekolah dan Rata-rata Lama  Sekolah di Kabupaten Barru; Angka Harapan Lama Sekolah dan Rata-rata Lama  Sekolah di Kabupaten Barru; Angka Harapan Lama Sekolah Dan Rata-Rata Lama Sekolah Di Kabupaten Barru 2014-2020; 	Luas Panen Tanaman Sayuran Menurut Kecamatan dan Jenis Tanaman di Kabupaten Barru (ha)",/2/MTM1IzI=/rata-rata-harga-eceren-bahan-kebutuhan-pokok-menurut-jenis-komoditas.html; /2/NzcjMg==/rata-rata-lama-sekolah.html; /1/MjYjMQ==/jumlah-penduduk--rumah-tangga-dan-rata-rata-anggota-rumah-tangga-menurut-kecamatan-di-kabupaten-barru-2019.html; /2/MjIwIzI=/angka-harapan-lama-sekolah-dan-rata-rata-lama--sekolah-di-kabupaten-barru.html; /2/MjIxIzI=/angka-harapan-lama-sekolah-dan-rata-rata-lama--sekolah-di-kabupaten-barru.html; /1/NDUjMQ==/angka-harapan-lama-sekolah-dan-rata-rata-lama-sekolah-di-kabupaten-barru-2014-2020.html; /2/MTQ5IzI=/-luas-panen-tanaman-sayuran-menurut-kecamatan-dan-jenis-tanaman-di-kabupaten-barru--ha-.html,8.0,0,Tidak ada
121,2021,tomat sayur,10435.0,Data Tersedia,2024-04-17 01:15:22,Rata-rata harga eceran sayuran menurut komoditas sayuran,536.0,Harga-Harga,137.0,Rupiah,MTM1IzI=; NzcjMg==; MjYjMQ==; MjIwIzI=; MjIxIzI=; NDUjMQ==; MTQ5IzI=,"Rata-rata harga eceren Bahan kebutuhan pokok menurut jenis komoditas; Rata-Rata Lama Sekolah; Jumlah Penduduk, Rumah Tangga dan Rata-rata Anggota rumah Tangga Menurut Kecamatan di Kabupaten Barru 2019; Angka Harapan Lama Sekolah dan Rata-rata Lama  Sekolah di Kabupaten Barru; Angka Harapan Lama Sekolah dan Rata-rata Lama  Sekolah di Kabupaten Barru; Angka Harapan Lama Sekolah Dan Rata-Rata Lama Sekolah Di Kabupaten Barru 2014-2020; 	Luas Panen Tanaman Sayuran Menurut Kecamatan dan Jenis Tanaman di Kabupaten Barru (ha)",/2/MTM1IzI=/rata-rata-harga-eceren-bahan-kebutuhan-pokok-menurut-jenis-komoditas.html; /2/NzcjMg==/rata-rata-lama-sekolah.html; /1/MjYjMQ==/jumlah-penduduk--rumah-tangga-dan-rata-rata-anggota-rumah-tangga-menurut-kecamatan-di-kabupaten-barru-2019.html; /2/MjIwIzI=/angka-harapan-lama-sekolah-dan-rata-rata-lama--sekolah-di-kabupaten-barru.html; /2/MjIxIzI=/angka-harapan-lama-sekolah-dan-rata-rata-lama--sekolah-di-kabupaten-barru.html; /1/NDUjMQ==/angka-harapan-lama-sekolah-dan-rata-rata-lama-sekolah-di-kabupaten-barru-2014-2020.html; /2/MTQ5IzI=/-luas-panen-tanaman-sayuran-menurut-kecamatan-dan-jenis-tanaman-di-kabupaten-barru--ha-.html,9.0,0,Tidak ada
121,2021,terung panjang,6174.0,Data Tersedia,2024-04-17 01:15:22,Rata-rata harga eceran sayuran menurut komoditas sayuran,536.0,Harga-Harga,137.0,Rupiah,MTM1IzI=; NzcjMg==; MjYjMQ==; MjIwIzI=; MjIxIzI=; NDUjMQ==; MTQ5IzI=,"Rata-rata harga eceren Bahan kebutuhan pokok menurut jenis komoditas; Rata-Rata Lama Sekolah; Jumlah Penduduk, Rumah Tangga dan Rata-rata Anggota rumah Tangga Menurut Kecamatan di Kabupaten Barru 2019; Angka Harapan Lama Sekolah dan Rata-rata Lama  Sekolah di Kabupaten Barru; Angka Harapan Lama Sekolah dan Rata-rata Lama  Sekolah di Kabupaten Barru; Angka Harapan Lama Sekolah Dan Rata-Rata Lama Sekolah Di Kabupaten Barru 2014-2020; 	Luas Panen Tanaman Sayuran Menurut Kecamatan dan Jenis Tanaman di Kabupaten Barru (ha)",/2/MTM1IzI=/rata-rata-harga-eceren-bahan-kebutuhan-pokok-menurut-jenis-komoditas.html; /2/NzcjMg==/rata-rata-lama-sekolah.html; /1/MjYjMQ==/jumlah-penduduk--rumah-tangga-dan-rata-rata-anggota-rumah-tangga-menurut-kecamatan-di-kabupaten-barru-2019.html; /2/MjIwIzI=/angka-harapan-lama-sekolah-dan-rata-rata-lama--sekolah-di-kabupaten-barru.html; /2/MjIxIzI=/angka-harapan-lama-sekolah-dan-rata-rata-lama--sekolah-di-kabupaten-barru.html; /1/NDUjMQ==/angka-harapan-lama-sekolah-dan-rata-rata-lama-sekolah-di-kabupaten-barru-2014-2020.html; /2/MTQ5IzI=/-luas-panen-tanaman-sayuran-menurut-kecamatan-dan-jenis-tanaman-di-kabupaten-barru--ha-.html,10.0,0,Tidak ada
121,2021,wortel,11130.0,Data Tersedia,2024-04-17 01:15:22,Rata-rata harga eceran sayuran menurut komoditas sayuran,536.0,Harga-Harga,137.0,Rupiah,MTM1IzI=; NzcjMg==; MjYjMQ==; MjIwIzI=; MjIxIzI=; NDUjMQ==; MTQ5IzI=,"Rata-rata harga eceren Bahan kebutuhan pokok menurut jenis komoditas; Rata-Rata Lama Sekolah; Jumlah Penduduk, Rumah Tangga dan Rata-rata Anggota rumah Tangga Menurut Kecamatan di Kabupaten Barru 2019; Angka Harapan Lama Sekolah dan Rata-rata Lama  Sekolah di Kabupaten Barru; Angka Harapan Lama Sekolah dan Rata-rata Lama  Sekolah di Kabupaten Barru; Angka Harapan Lama Sekolah Dan Rata-Rata Lama Sekolah Di Kabupaten Barru 2014-2020; 	Luas Panen Tanaman Sayuran Menurut Kecamatan dan Jenis Tanaman di Kabupaten Barru (ha)",/2/MTM1IzI=/rata-rata-harga-eceren-bahan-kebutuhan-pokok-menurut-jenis-komoditas.html; /2/NzcjMg==/rata-rata-lama-sekolah.html; /1/MjYjMQ==/jumlah-penduduk--rumah-tangga-dan-rata-rata-anggota-rumah-tangga-menurut-kecamatan-di-kabupaten-barru-2019.html; /2/MjIwIzI=/angka-harapan-lama-sekolah-dan-rata-rata-lama--sekolah-di-kabupaten-barru.html; /2/MjIxIzI=/angka-harapan-lama-sekolah-dan-rata-rata-lama--sekolah-di-kabupaten-barru.html; /1/NDUjMQ==/angka-harapan-lama-sekolah-dan-rata-rata-lama-sekolah-di-kabupaten-barru-2014-2020.html; /2/MTQ5IzI=/-luas-panen-tanaman-sayuran-menurut-kecamatan-dan-jenis-tanaman-di-kabupaten-barru--ha-.html,11.0,0,Tidak ada
121,2021,buncis,12000.0,Data Tersedia,2024-04-17 01:15:22,Rata-rata harga eceran sayuran menurut komoditas sayuran,536.0,Harga-Harga,137.0,Rupiah,MTM1IzI=; NzcjMg==; MjYjMQ==; MjIwIzI=; MjIxIzI=; NDUjMQ==; MTQ5IzI=,"Rata-rata harga eceren Bahan kebutuhan pokok menurut jenis komoditas; Rata-Rata Lama Sekolah; Jumlah Penduduk, Rumah Tangga dan Rata-rata Anggota rumah Tangga Menurut Kecamatan di Kabupaten Barru 2019; Angka Harapan Lama Sekolah dan Rata-rata Lama  Sekolah di Kabupaten Barru; Angka Harapan Lama Sekolah dan Rata-rata Lama  Sekolah di Kabupaten Barru; Angka Harapan Lama Sekolah Dan Rata-Rata Lama Sekolah Di Kabupaten Barru 2014-2020; 	Luas Panen Tanaman Sayuran Menurut Kecamatan dan Jenis Tanaman di Kabupaten Barru (ha)",/2/MTM1IzI=/rata-rata-harga-eceren-bahan-kebutuhan-pokok-menurut-jenis-komoditas.html; /2/NzcjMg==/rata-rata-lama-sekolah.html; /1/MjYjMQ==/jumlah-penduduk--rumah-tangga-dan-rata-rata-anggota-rumah-tangga-menurut-kecamatan-di-kabupaten-barru-2019.html; /2/MjIwIzI=/angka-harapan-lama-sekolah-dan-rata-rata-lama--sekolah-di-kabupaten-barru.html; /2/MjIxIzI=/angka-harapan-lama-sekolah-dan-rata-rata-lama--sekolah-di-kabupaten-barru.html; /1/NDUjMQ==/angka-harapan-lama-sekolah-dan-rata-rata-lama-sekolah-di-kabupaten-barru-2014-2020.html; /2/MTQ5IzI=/-luas-panen-tanaman-sayuran-menurut-kecamatan-dan-jenis-tanaman-di-kabupaten-barru--ha-.html,12.0,0,Tidak ada
121,2021,ketimun,5435.0,Data Tersedia,2024-04-17 01:15:22,Rata-rata harga eceran sayuran menurut komoditas sayuran,536.0,Harga-Harga,137.0,Rupiah,MTM1IzI=; NzcjMg==; MjYjMQ==; MjIwIzI=; MjIxIzI=; NDUjMQ==; MTQ5IzI=,"Rata-rata harga eceren Bahan kebutuhan pokok menurut jenis komoditas; Rata-Rata Lama Sekolah; Jumlah Penduduk, Rumah Tangga dan Rata-rata Anggota rumah Tangga Menurut Kecamatan di Kabupaten Barru 2019; Angka Harapan Lama Sekolah dan Rata-rata Lama  Sekolah di Kabupaten Barru; Angka Harapan Lama Sekolah dan Rata-rata Lama  Sekolah di Kabupaten Barru; Angka Harapan Lama Sekolah Dan Rata-Rata Lama Sekolah Di Kabupaten Barru 2014-2020; 	Luas Panen Tanaman Sayuran Menurut Kecamatan dan Jenis Tanaman di Kabupaten Barru (ha)",/2/MTM1IzI=/rata-rata-harga-eceren-bahan-kebutuhan-pokok-menurut-jenis-komoditas.html; /2/NzcjMg==/rata-rata-lama-sekolah.html; /1/MjYjMQ==/jumlah-penduduk--rumah-tangga-dan-rata-rata-anggota-rumah-tangga-menurut-kecamatan-di-kabupaten-barru-2019.html; /2/MjIwIzI=/angka-harapan-lama-sekolah-dan-rata-rata-lama--sekolah-di-kabupaten-barru.html; /2/MjIxIzI=/angka-harapan-lama-sekolah-dan-rata-rata-lama--sekolah-di-kabupaten-barru.html; /1/NDUjMQ==/angka-harapan-lama-sekolah-dan-rata-rata-lama-sekolah-di-kabupaten-barru-2014-2020.html; /2/MTQ5IzI=/-luas-panen-tanaman-sayuran-menurut-kecamatan-dan-jenis-tanaman-di-kabupaten-barru--ha-.html,13.0,0,Tidak ada
122,2022,labu siam,6583.0,Data Tersedia,2024-04-17 01:15:22,Rata-rata harga eceran sayuran menurut komoditas sayuran,536.0,Harga-Harga,137.0,Rupiah,MTM1IzI=; NzcjMg==; MjYjMQ==; MjIwIzI=; MjIxIzI=; NDUjMQ==; MTQ5IzI=,"Rata-rata harga eceren Bahan kebutuhan pokok menurut jenis komoditas; Rata-Rata Lama Sekolah; Jumlah Penduduk, Rumah Tangga dan Rata-rata Anggota rumah Tangga Menurut Kecamatan di Kabupaten Barru 2019; Angka Harapan Lama Sekolah dan Rata-rata Lama  Sekolah di Kabupaten Barru; Angka Harapan Lama Sekolah dan Rata-rata Lama  Sekolah di Kabupaten Barru; Angka Harapan Lama Sekolah Dan Rata-Rata Lama Sekolah Di Kabupaten Barru 2014-2020; 	Luas Panen Tanaman Sayuran Menurut Kecamatan dan Jenis Tanaman di Kabupaten Barru (ha)",/2/MTM1IzI=/rata-rata-harga-eceren-bahan-kebutuhan-pokok-menurut-jenis-komoditas.html; /2/NzcjMg==/rata-rata-lama-sekolah.html; /1/MjYjMQ==/jumlah-penduduk--rumah-tangga-dan-rata-rata-anggota-rumah-tangga-menurut-kecamatan-di-kabupaten-barru-2019.html; /2/MjIwIzI=/angka-harapan-lama-sekolah-dan-rata-rata-lama--sekolah-di-kabupaten-barru.html; /2/MjIxIzI=/angka-harapan-lama-sekolah-dan-rata-rata-lama--sekolah-di-kabupaten-barru.html; /1/NDUjMQ==/angka-harapan-lama-sekolah-dan-rata-rata-lama-sekolah-di-kabupaten-barru-2014-2020.html; /2/MTQ5IzI=/-luas-panen-tanaman-sayuran-menurut-kecamatan-dan-jenis-tanaman-di-kabupaten-barru--ha-.html,0.0,0,Tidak ada
122,2022,kangkung,10750.0,Data Tersedia,2024-04-17 01:15:22,Rata-rata harga eceran sayuran menurut komoditas sayuran,536.0,Harga-Harga,137.0,Rupiah,MTM1IzI=; NzcjMg==; MjYjMQ==; MjIwIzI=; MjIxIzI=; NDUjMQ==; MTQ5IzI=,"Rata-rata harga eceren Bahan kebutuhan pokok menurut jenis komoditas; Rata-Rata Lama Sekolah; Jumlah Penduduk, Rumah Tangga dan Rata-rata Anggota rumah Tangga Menurut Kecamatan di Kabupaten Barru 2019; Angka Harapan Lama Sekolah dan Rata-rata Lama  Sekolah di Kabupaten Barru; Angka Harapan Lama Sekolah dan Rata-rata Lama  Sekolah di Kabupaten Barru; Angka Harapan Lama Sekolah Dan Rata-Rata Lama Sekolah Di Kabupaten Barru 2014-2020; 	Luas Panen Tanaman Sayuran Menurut Kecamatan dan Jenis Tanaman di Kabupaten Barru (ha)",/2/MTM1IzI=/rata-rata-harga-eceren-bahan-kebutuhan-pokok-menurut-jenis-komoditas.html; /2/NzcjMg==/rata-rata-lama-sekolah.html; /1/MjYjMQ==/jumlah-penduduk--rumah-tangga-dan-rata-rata-anggota-rumah-tangga-menurut-kecamatan-di-kabupaten-barru-2019.html; /2/MjIwIzI=/angka-harapan-lama-sekolah-dan-rata-rata-lama--sekolah-di-kabupaten-barru.html; /2/MjIxIzI=/angka-harapan-lama-sekolah-dan-rata-rata-lama--sekolah-di-kabupaten-barru.html; /1/NDUjMQ==/angka-harapan-lama-sekolah-dan-rata-rata-lama-sekolah-di-kabupaten-barru-2014-2020.html; /2/MTQ5IzI=/-luas-panen-tanaman-sayuran-menurut-kecamatan-dan-jenis-tanaman-di-kabupaten-barru--ha-.html,1.0,0,Tidak ada
122,2022,bayam,14417.0,Data Tersedia,2024-04-17 01:15:22,Rata-rata harga eceran sayuran menurut komoditas sayuran,536.0,Harga-Harga,137.0,Rupiah,MTM1IzI=; NzcjMg==; MjYjMQ==; MjIwIzI=; MjIxIzI=; NDUjMQ==; MTQ5IzI=,"Rata-rata harga eceren Bahan kebutuhan pokok menurut jenis komoditas; Rata-Rata Lama Sekolah; Jumlah Penduduk, Rumah Tangga dan Rata-rata Anggota rumah Tangga Menurut Kecamatan di Kabupaten Barru 2019; Angka Harapan Lama Sekolah dan Rata-rata Lama  Sekolah di Kabupaten Barru; Angka Harapan Lama Sekolah dan Rata-rata Lama  Sekolah di Kabupaten Barru; Angka Harapan Lama Sekolah Dan Rata-Rata Lama Sekolah Di Kabupaten Barru 2014-2020; 	Luas Panen Tanaman Sayuran Menurut Kecamatan dan Jenis Tanaman di Kabupaten Barru (ha)",/2/MTM1IzI=/rata-rata-harga-eceren-bahan-kebutuhan-pokok-menurut-jenis-komoditas.html; /2/NzcjMg==/rata-rata-lama-sekolah.html; /1/MjYjMQ==/jumlah-penduduk--rumah-tangga-dan-rata-rata-anggota-rumah-tangga-menurut-kecamatan-di-kabupaten-barru-2019.html; /2/MjIwIzI=/angka-harapan-lama-sekolah-dan-rata-rata-lama--sekolah-di-kabupaten-barru.html; /2/MjIxIzI=/angka-harapan-lama-sekolah-dan-rata-rata-lama--sekolah-di-kabupaten-barru.html; /1/NDUjMQ==/angka-harapan-lama-sekolah-dan-rata-rata-lama-sekolah-di-kabupaten-barru-2014-2020.html; /2/MTQ5IzI=/-luas-panen-tanaman-sayuran-menurut-kecamatan-dan-jenis-tanaman-di-kabupaten-barru--ha-.html,2.0,0,Tidak ada
122,2022,kol putih,8250.0,Data Tersedia,2024-04-17 01:15:22,Rata-rata harga eceran sayuran menurut komoditas sayuran,536.0,Harga-Harga,137.0,Rupiah,MTM1IzI=; NzcjMg==; MjYjMQ==; MjIwIzI=; MjIxIzI=; NDUjMQ==; MTQ5IzI=,"Rata-rata harga eceren Bahan kebutuhan pokok menurut jenis komoditas; Rata-Rata Lama Sekolah; Jumlah Penduduk, Rumah Tangga dan Rata-rata Anggota rumah Tangga Menurut Kecamatan di Kabupaten Barru 2019; Angka Harapan Lama Sekolah dan Rata-rata Lama  Sekolah di Kabupaten Barru; Angka Harapan Lama Sekolah dan Rata-rata Lama  Sekolah di Kabupaten Barru; Angka Harapan Lama Sekolah Dan Rata-Rata Lama Sekolah Di Kabupaten Barru 2014-2020; 	Luas Panen Tanaman Sayuran Menurut Kecamatan dan Jenis Tanaman di Kabupaten Barru (ha)",/2/MTM1IzI=/rata-rata-harga-eceren-bahan-kebutuhan-pokok-menurut-jenis-komoditas.html; /2/NzcjMg==/rata-rata-lama-sekolah.html; /1/MjYjMQ==/jumlah-penduduk--rumah-tangga-dan-rata-rata-anggota-rumah-tangga-menurut-kecamatan-di-kabupaten-barru-2019.html; /2/MjIwIzI=/angka-harapan-lama-sekolah-dan-rata-rata-lama--sekolah-di-kabupaten-barru.html; /2/MjIxIzI=/angka-harapan-lama-sekolah-dan-rata-rata-lama--sekolah-di-kabupaten-barru.html; /1/NDUjMQ==/angka-harapan-lama-sekolah-dan-rata-rata-lama-sekolah-di-kabupaten-barru-2014-2020.html; /2/MTQ5IzI=/-luas-panen-tanaman-sayuran-menurut-kecamatan-dan-jenis-tanaman-di-kabupaten-barru--ha-.html,3.0,0,Tidak ada
122,2022,kacang panjang,14167.0,Data Tersedia,2024-04-17 01:15:22,Rata-rata harga eceran sayuran menurut komoditas sayuran,536.0,Harga-Harga,137.0,Rupiah,MTM1IzI=; NzcjMg==; MjYjMQ==; MjIwIzI=; MjIxIzI=; NDUjMQ==; MTQ5IzI=,"Rata-rata harga eceren Bahan kebutuhan pokok menurut jenis komoditas; Rata-Rata Lama Sekolah; Jumlah Penduduk, Rumah Tangga dan Rata-rata Anggota rumah Tangga Menurut Kecamatan di Kabupaten Barru 2019; Angka Harapan Lama Sekolah dan Rata-rata Lama  Sekolah di Kabupaten Barru; Angka Harapan Lama Sekolah dan Rata-rata Lama  Sekolah di Kabupaten Barru; Angka Harapan Lama Sekolah Dan Rata-Rata Lama Sekolah Di Kabupaten Barru 2014-2020; 	Luas Panen Tanaman Sayuran Menurut Kecamatan dan Jenis Tanaman di Kabupaten Barru (ha)",/2/MTM1IzI=/rata-rata-harga-eceren-bahan-kebutuhan-pokok-menurut-jenis-komoditas.html; /2/NzcjMg==/rata-rata-lama-sekolah.html; /1/MjYjMQ==/jumlah-penduduk--rumah-tangga-dan-rata-rata-anggota-rumah-tangga-menurut-kecamatan-di-kabupaten-barru-2019.html; /2/MjIwIzI=/angka-harapan-lama-sekolah-dan-rata-rata-lama--sekolah-di-kabupaten-barru.html; /2/MjIxIzI=/angka-harapan-lama-sekolah-dan-rata-rata-lama--sekolah-di-kabupaten-barru.html; /1/NDUjMQ==/angka-harapan-lama-sekolah-dan-rata-rata-lama-sekolah-di-kabupaten-barru-2014-2020.html; /2/MTQ5IzI=/-luas-panen-tanaman-sayuran-menurut-kecamatan-dan-jenis-tanaman-di-kabupaten-barru--ha-.html,4.0,0,Tidak ada
122,2022,kentang,17833.0,Data Tersedia,2024-04-17 01:15:22,Rata-rata harga eceran sayuran menurut komoditas sayuran,536.0,Harga-Harga,137.0,Rupiah,MTM1IzI=; NzcjMg==; MjYjMQ==; MjIwIzI=; MjIxIzI=; NDUjMQ==; MTQ5IzI=,"Rata-rata harga eceren Bahan kebutuhan pokok menurut jenis komoditas; Rata-Rata Lama Sekolah; Jumlah Penduduk, Rumah Tangga dan Rata-rata Anggota rumah Tangga Menurut Kecamatan di Kabupaten Barru 2019; Angka Harapan Lama Sekolah dan Rata-rata Lama  Sekolah di Kabupaten Barru; Angka Harapan Lama Sekolah dan Rata-rata Lama  Sekolah di Kabupaten Barru; Angka Harapan Lama Sekolah Dan Rata-Rata Lama Sekolah Di Kabupaten Barru 2014-2020; 	Luas Panen Tanaman Sayuran Menurut Kecamatan dan Jenis Tanaman di Kabupaten Barru (ha)",/2/MTM1IzI=/rata-rata-harga-eceren-bahan-kebutuhan-pokok-menurut-jenis-komoditas.html; /2/NzcjMg==/rata-rata-lama-sekolah.html; /1/MjYjMQ==/jumlah-penduduk--rumah-tangga-dan-rata-rata-anggota-rumah-tangga-menurut-kecamatan-di-kabupaten-barru-2019.html; /2/MjIwIzI=/angka-harapan-lama-sekolah-dan-rata-rata-lama--sekolah-di-kabupaten-barru.html; /2/MjIxIzI=/angka-harapan-lama-sekolah-dan-rata-rata-lama--sekolah-di-kabupaten-barru.html; /1/NDUjMQ==/angka-harapan-lama-sekolah-dan-rata-rata-lama-sekolah-di-kabupaten-barru-2014-2020.html; /2/MTQ5IzI=/-luas-panen-tanaman-sayuran-menurut-kecamatan-dan-jenis-tanaman-di-kabupaten-barru--ha-.html,5.0,0,Tidak ada
122,2022,lombok merah,36250.0,Data Tersedia,2024-04-17 01:15:22,Rata-rata harga eceran sayuran menurut komoditas sayuran,536.0,Harga-Harga,137.0,Rupiah,MTM1IzI=; NzcjMg==; MjYjMQ==; MjIwIzI=; MjIxIzI=; NDUjMQ==; MTQ5IzI=,"Rata-rata harga eceren Bahan kebutuhan pokok menurut jenis komoditas; Rata-Rata Lama Sekolah; Jumlah Penduduk, Rumah Tangga dan Rata-rata Anggota rumah Tangga Menurut Kecamatan di Kabupaten Barru 2019; Angka Harapan Lama Sekolah dan Rata-rata Lama  Sekolah di Kabupaten Barru; Angka Harapan Lama Sekolah dan Rata-rata Lama  Sekolah di Kabupaten Barru; Angka Harapan Lama Sekolah Dan Rata-Rata Lama Sekolah Di Kabupaten Barru 2014-2020; 	Luas Panen Tanaman Sayuran Menurut Kecamatan dan Jenis Tanaman di Kabupaten Barru (ha)",/2/MTM1IzI=/rata-rata-harga-eceren-bahan-kebutuhan-pokok-menurut-jenis-komoditas.html; /2/NzcjMg==/rata-rata-lama-sekolah.html; /1/MjYjMQ==/jumlah-penduduk--rumah-tangga-dan-rata-rata-anggota-rumah-tangga-menurut-kecamatan-di-kabupaten-barru-2019.html; /2/MjIwIzI=/angka-harapan-lama-sekolah-dan-rata-rata-lama--sekolah-di-kabupaten-barru.html; /2/MjIxIzI=/angka-harapan-lama-sekolah-dan-rata-rata-lama--sekolah-di-kabupaten-barru.html; /1/NDUjMQ==/angka-harapan-lama-sekolah-dan-rata-rata-lama-sekolah-di-kabupaten-barru-2014-2020.html; /2/MTQ5IzI=/-luas-panen-tanaman-sayuran-menurut-kecamatan-dan-jenis-tanaman-di-kabupaten-barru--ha-.html,6.0,0,Tidak ada
122,2022,lombok rawit,45417.0,Data Tersedia,2024-04-17 01:15:22,Rata-rata harga eceran sayuran menurut komoditas sayuran,536.0,Harga-Harga,137.0,Rupiah,MTM1IzI=; NzcjMg==; MjYjMQ==; MjIwIzI=; MjIxIzI=; NDUjMQ==; MTQ5IzI=,"Rata-rata harga eceren Bahan kebutuhan pokok menurut jenis komoditas; Rata-Rata Lama Sekolah; Jumlah Penduduk, Rumah Tangga dan Rata-rata Anggota rumah Tangga Menurut Kecamatan di Kabupaten Barru 2019; Angka Harapan Lama Sekolah dan Rata-rata Lama  Sekolah di Kabupaten Barru; Angka Harapan Lama Sekolah dan Rata-rata Lama  Sekolah di Kabupaten Barru; Angka Harapan Lama Sekolah Dan Rata-Rata Lama Sekolah Di Kabupaten Barru 2014-2020; 	Luas Panen Tanaman Sayuran Menurut Kecamatan dan Jenis Tanaman di Kabupaten Barru (ha)",/2/MTM1IzI=/rata-rata-harga-eceren-bahan-kebutuhan-pokok-menurut-jenis-komoditas.html; /2/NzcjMg==/rata-rata-lama-sekolah.html; /1/MjYjMQ==/jumlah-penduduk--rumah-tangga-dan-rata-rata-anggota-rumah-tangga-menurut-kecamatan-di-kabupaten-barru-2019.html; /2/MjIwIzI=/angka-harapan-lama-sekolah-dan-rata-rata-lama--sekolah-di-kabupaten-barru.html; /2/MjIxIzI=/angka-harapan-lama-sekolah-dan-rata-rata-lama--sekolah-di-kabupaten-barru.html; /1/NDUjMQ==/angka-harapan-lama-sekolah-dan-rata-rata-lama-sekolah-di-kabupaten-barru-2014-2020.html; /2/MTQ5IzI=/-luas-panen-tanaman-sayuran-menurut-kecamatan-dan-jenis-tanaman-di-kabupaten-barru--ha-.html,7.0,0,Tidak ada
122,2022,sawi hijau,12917.0,Data Tersedia,2024-04-17 01:15:22,Rata-rata harga eceran sayuran menurut komoditas sayuran,536.0,Harga-Harga,137.0,Rupiah,MTM1IzI=; NzcjMg==; MjYjMQ==; MjIwIzI=; MjIxIzI=; NDUjMQ==; MTQ5IzI=,"Rata-rata harga eceren Bahan kebutuhan pokok menurut jenis komoditas; Rata-Rata Lama Sekolah; Jumlah Penduduk, Rumah Tangga dan Rata-rata Anggota rumah Tangga Menurut Kecamatan di Kabupaten Barru 2019; Angka Harapan Lama Sekolah dan Rata-rata Lama  Sekolah di Kabupaten Barru; Angka Harapan Lama Sekolah dan Rata-rata Lama  Sekolah di Kabupaten Barru; Angka Harapan Lama Sekolah Dan Rata-Rata Lama Sekolah Di Kabupaten Barru 2014-2020; 	Luas Panen Tanaman Sayuran Menurut Kecamatan dan Jenis Tanaman di Kabupaten Barru (ha)",/2/MTM1IzI=/rata-rata-harga-eceren-bahan-kebutuhan-pokok-menurut-jenis-komoditas.html; /2/NzcjMg==/rata-rata-lama-sekolah.html; /1/MjYjMQ==/jumlah-penduduk--rumah-tangga-dan-rata-rata-anggota-rumah-tangga-menurut-kecamatan-di-kabupaten-barru-2019.html; /2/MjIwIzI=/angka-harapan-lama-sekolah-dan-rata-rata-lama--sekolah-di-kabupaten-barru.html; /2/MjIxIzI=/angka-harapan-lama-sekolah-dan-rata-rata-lama--sekolah-di-kabupaten-barru.html; /1/NDUjMQ==/angka-harapan-lama-sekolah-dan-rata-rata-lama-sekolah-di-kabupaten-barru-2014-2020.html; /2/MTQ5IzI=/-luas-panen-tanaman-sayuran-menurut-kecamatan-dan-jenis-tanaman-di-kabupaten-barru--ha-.html,8.0,0,Tidak ada
122,2022,tomat sayur,9000.0,Data Tersedia,2024-04-17 01:15:22,Rata-rata harga eceran sayuran menurut komoditas sayuran,536.0,Harga-Harga,137.0,Rupiah,MTM1IzI=; NzcjMg==; MjYjMQ==; MjIwIzI=; MjIxIzI=; NDUjMQ==; MTQ5IzI=,"Rata-rata harga eceren Bahan kebutuhan pokok menurut jenis komoditas; Rata-Rata Lama Sekolah; Jumlah Penduduk, Rumah Tangga dan Rata-rata Anggota rumah Tangga Menurut Kecamatan di Kabupaten Barru 2019; Angka Harapan Lama Sekolah dan Rata-rata Lama  Sekolah di Kabupaten Barru; Angka Harapan Lama Sekolah dan Rata-rata Lama  Sekolah di Kabupaten Barru; Angka Harapan Lama Sekolah Dan Rata-Rata Lama Sekolah Di Kabupaten Barru 2014-2020; 	Luas Panen Tanaman Sayuran Menurut Kecamatan dan Jenis Tanaman di Kabupaten Barru (ha)",/2/MTM1IzI=/rata-rata-harga-eceren-bahan-kebutuhan-pokok-menurut-jenis-komoditas.html; /2/NzcjMg==/rata-rata-lama-sekolah.html; /1/MjYjMQ==/jumlah-penduduk--rumah-tangga-dan-rata-rata-anggota-rumah-tangga-menurut-kecamatan-di-kabupaten-barru-2019.html; /2/MjIwIzI=/angka-harapan-lama-sekolah-dan-rata-rata-lama--sekolah-di-kabupaten-barru.html; /2/MjIxIzI=/angka-harapan-lama-sekolah-dan-rata-rata-lama--sekolah-di-kabupaten-barru.html; /1/NDUjMQ==/angka-harapan-lama-sekolah-dan-rata-rata-lama-sekolah-di-kabupaten-barru-2014-2020.html; /2/MTQ5IzI=/-luas-panen-tanaman-sayuran-menurut-kecamatan-dan-jenis-tanaman-di-kabupaten-barru--ha-.html,9.0,0,Tidak ada
122,2022,terung panjang,6167.0,Data Tersedia,2024-04-17 01:15:22,Rata-rata harga eceran sayuran menurut komoditas sayuran,536.0,Harga-Harga,137.0,Rupiah,MTM1IzI=; NzcjMg==; MjYjMQ==; MjIwIzI=; MjIxIzI=; NDUjMQ==; MTQ5IzI=,"Rata-rata harga eceren Bahan kebutuhan pokok menurut jenis komoditas; Rata-Rata Lama Sekolah; Jumlah Penduduk, Rumah Tangga dan Rata-rata Anggota rumah Tangga Menurut Kecamatan di Kabupaten Barru 2019; Angka Harapan Lama Sekolah dan Rata-rata Lama  Sekolah di Kabupaten Barru; Angka Harapan Lama Sekolah dan Rata-rata Lama  Sekolah di Kabupaten Barru; Angka Harapan Lama Sekolah Dan Rata-Rata Lama Sekolah Di Kabupaten Barru 2014-2020; 	Luas Panen Tanaman Sayuran Menurut Kecamatan dan Jenis Tanaman di Kabupaten Barru (ha)",/2/MTM1IzI=/rata-rata-harga-eceren-bahan-kebutuhan-pokok-menurut-jenis-komoditas.html; /2/NzcjMg==/rata-rata-lama-sekolah.html; /1/MjYjMQ==/jumlah-penduduk--rumah-tangga-dan-rata-rata-anggota-rumah-tangga-menurut-kecamatan-di-kabupaten-barru-2019.html; /2/MjIwIzI=/angka-harapan-lama-sekolah-dan-rata-rata-lama--sekolah-di-kabupaten-barru.html; /2/MjIxIzI=/angka-harapan-lama-sekolah-dan-rata-rata-lama--sekolah-di-kabupaten-barru.html; /1/NDUjMQ==/angka-harapan-lama-sekolah-dan-rata-rata-lama-sekolah-di-kabupaten-barru-2014-2020.html; /2/MTQ5IzI=/-luas-panen-tanaman-sayuran-menurut-kecamatan-dan-jenis-tanaman-di-kabupaten-barru--ha-.html,10.0,0,Tidak ada
122,2022,wortel,11167.0,Data Tersedia,2024-04-17 01:15:22,Rata-rata harga eceran sayuran menurut komoditas sayuran,536.0,Harga-Harga,137.0,Rupiah,MTM1IzI=; NzcjMg==; MjYjMQ==; MjIwIzI=; MjIxIzI=; NDUjMQ==; MTQ5IzI=,"Rata-rata harga eceren Bahan kebutuhan pokok menurut jenis komoditas; Rata-Rata Lama Sekolah; Jumlah Penduduk, Rumah Tangga dan Rata-rata Anggota rumah Tangga Menurut Kecamatan di Kabupaten Barru 2019; Angka Harapan Lama Sekolah dan Rata-rata Lama  Sekolah di Kabupaten Barru; Angka Harapan Lama Sekolah dan Rata-rata Lama  Sekolah di Kabupaten Barru; Angka Harapan Lama Sekolah Dan Rata-Rata Lama Sekolah Di Kabupaten Barru 2014-2020; 	Luas Panen Tanaman Sayuran Menurut Kecamatan dan Jenis Tanaman di Kabupaten Barru (ha)",/2/MTM1IzI=/rata-rata-harga-eceren-bahan-kebutuhan-pokok-menurut-jenis-komoditas.html; /2/NzcjMg==/rata-rata-lama-sekolah.html; /1/MjYjMQ==/jumlah-penduduk--rumah-tangga-dan-rata-rata-anggota-rumah-tangga-menurut-kecamatan-di-kabupaten-barru-2019.html; /2/MjIwIzI=/angka-harapan-lama-sekolah-dan-rata-rata-lama--sekolah-di-kabupaten-barru.html; /2/MjIxIzI=/angka-harapan-lama-sekolah-dan-rata-rata-lama--sekolah-di-kabupaten-barru.html; /1/NDUjMQ==/angka-harapan-lama-sekolah-dan-rata-rata-lama-sekolah-di-kabupaten-barru-2014-2020.html; /2/MTQ5IzI=/-luas-panen-tanaman-sayuran-menurut-kecamatan-dan-jenis-tanaman-di-kabupaten-barru--ha-.html,11.0,0,Tidak ada
122,2022,buncis,12083.0,Data Tersedia,2024-04-17 01:15:22,Rata-rata harga eceran sayuran menurut komoditas sayuran,536.0,Harga-Harga,137.0,Rupiah,MTM1IzI=; NzcjMg==; MjYjMQ==; MjIwIzI=; MjIxIzI=; NDUjMQ==; MTQ5IzI=,"Rata-rata harga eceren Bahan kebutuhan pokok menurut jenis komoditas; Rata-Rata Lama Sekolah; Jumlah Penduduk, Rumah Tangga dan Rata-rata Anggota rumah Tangga Menurut Kecamatan di Kabupaten Barru 2019; Angka Harapan Lama Sekolah dan Rata-rata Lama  Sekolah di Kabupaten Barru; Angka Harapan Lama Sekolah dan Rata-rata Lama  Sekolah di Kabupaten Barru; Angka Harapan Lama Sekolah Dan Rata-Rata Lama Sekolah Di Kabupaten Barru 2014-2020; 	Luas Panen Tanaman Sayuran Menurut Kecamatan dan Jenis Tanaman di Kabupaten Barru (ha)",/2/MTM1IzI=/rata-rata-harga-eceren-bahan-kebutuhan-pokok-menurut-jenis-komoditas.html; /2/NzcjMg==/rata-rata-lama-sekolah.html; /1/MjYjMQ==/jumlah-penduduk--rumah-tangga-dan-rata-rata-anggota-rumah-tangga-menurut-kecamatan-di-kabupaten-barru-2019.html; /2/MjIwIzI=/angka-harapan-lama-sekolah-dan-rata-rata-lama--sekolah-di-kabupaten-barru.html; /2/MjIxIzI=/angka-harapan-lama-sekolah-dan-rata-rata-lama--sekolah-di-kabupaten-barru.html; /1/NDUjMQ==/angka-harapan-lama-sekolah-dan-rata-rata-lama-sekolah-di-kabupaten-barru-2014-2020.html; /2/MTQ5IzI=/-luas-panen-tanaman-sayuran-menurut-kecamatan-dan-jenis-tanaman-di-kabupaten-barru--ha-.html,12.0,0,Tidak ada
122,2022,ketimun,5917.0,Data Tersedia,2024-04-17 01:15:22,Rata-rata harga eceran sayuran menurut komoditas sayuran,536.0,Harga-Harga,137.0,Rupiah,MTM1IzI=; NzcjMg==; MjYjMQ==; MjIwIzI=; MjIxIzI=; NDUjMQ==; MTQ5IzI=,"Rata-rata harga eceren Bahan kebutuhan pokok menurut jenis komoditas; Rata-Rata Lama Sekolah; Jumlah Penduduk, Rumah Tangga dan Rata-rata Anggota rumah Tangga Menurut Kecamatan di Kabupaten Barru 2019; Angka Harapan Lama Sekolah dan Rata-rata Lama  Sekolah di Kabupaten Barru; Angka Harapan Lama Sekolah dan Rata-rata Lama  Sekolah di Kabupaten Barru; Angka Harapan Lama Sekolah Dan Rata-Rata Lama Sekolah Di Kabupaten Barru 2014-2020; 	Luas Panen Tanaman Sayuran Menurut Kecamatan dan Jenis Tanaman di Kabupaten Barru (ha)",/2/MTM1IzI=/rata-rata-harga-eceren-bahan-kebutuhan-pokok-menurut-jenis-komoditas.html; /2/NzcjMg==/rata-rata-lama-sekolah.html; /1/MjYjMQ==/jumlah-penduduk--rumah-tangga-dan-rata-rata-anggota-rumah-tangga-menurut-kecamatan-di-kabupaten-barru-2019.html; /2/MjIwIzI=/angka-harapan-lama-sekolah-dan-rata-rata-lama--sekolah-di-kabupaten-barru.html; /2/MjIxIzI=/angka-harapan-lama-sekolah-dan-rata-rata-lama--sekolah-di-kabupaten-barru.html; /1/NDUjMQ==/angka-harapan-lama-sekolah-dan-rata-rata-lama-sekolah-di-kabupaten-barru-2014-2020.html; /2/MTQ5IzI=/-luas-panen-tanaman-sayuran-menurut-kecamatan-dan-jenis-tanaman-di-kabupaten-barru--ha-.html,13.0,0,Tidak ada
123,,labu siam,,Data Tidak Ditemukan,2024-04-17 01:15:22,Rata-rata harga eceran sayuran menurut komoditas sayuran,536.0,Harga-Harga,137.0,Rupiah,MTM1IzI=; NzcjMg==; MjYjMQ==; MjIwIzI=; MjIxIzI=; NDUjMQ==; MTQ5IzI=,"Rata-rata harga eceren Bahan kebutuhan pokok menurut jenis komoditas; Rata-Rata Lama Sekolah; Jumlah Penduduk, Rumah Tangga dan Rata-rata Anggota rumah Tangga Menurut Kecamatan di Kabupaten Barru 2019; Angka Harapan Lama Sekolah dan Rata-rata Lama  Sekolah di Kabupaten Barru; Angka Harapan Lama Sekolah dan Rata-rata Lama  Sekolah di Kabupaten Barru; Angka Harapan Lama Sekolah Dan Rata-Rata Lama Sekolah Di Kabupaten Barru 2014-2020; 	Luas Panen Tanaman Sayuran Menurut Kecamatan dan Jenis Tanaman di Kabupaten Barru (ha)",/2/MTM1IzI=/rata-rata-harga-eceren-bahan-kebutuhan-pokok-menurut-jenis-komoditas.html; /2/NzcjMg==/rata-rata-lama-sekolah.html; /1/MjYjMQ==/jumlah-penduduk--rumah-tangga-dan-rata-rata-anggota-rumah-tangga-menurut-kecamatan-di-kabupaten-barru-2019.html; /2/MjIwIzI=/angka-harapan-lama-sekolah-dan-rata-rata-lama--sekolah-di-kabupaten-barru.html; /2/MjIxIzI=/angka-harapan-lama-sekolah-dan-rata-rata-lama--sekolah-di-kabupaten-barru.html; /1/NDUjMQ==/angka-harapan-lama-sekolah-dan-rata-rata-lama-sekolah-di-kabupaten-barru-2014-2020.html; /2/MTQ5IzI=/-luas-panen-tanaman-sayuran-menurut-kecamatan-dan-jenis-tanaman-di-kabupaten-barru--ha-.html,0.0,0,Tidak ada
123,,kangkung,,Data Tidak Ditemukan,2024-04-17 01:15:22,Rata-rata harga eceran sayuran menurut komoditas sayuran,536.0,Harga-Harga,137.0,Rupiah,MTM1IzI=; NzcjMg==; MjYjMQ==; MjIwIzI=; MjIxIzI=; NDUjMQ==; MTQ5IzI=,"Rata-rata harga eceren Bahan kebutuhan pokok menurut jenis komoditas; Rata-Rata Lama Sekolah; Jumlah Penduduk, Rumah Tangga dan Rata-rata Anggota rumah Tangga Menurut Kecamatan di Kabupaten Barru 2019; Angka Harapan Lama Sekolah dan Rata-rata Lama  Sekolah di Kabupaten Barru; Angka Harapan Lama Sekolah dan Rata-rata Lama  Sekolah di Kabupaten Barru; Angka Harapan Lama Sekolah Dan Rata-Rata Lama Sekolah Di Kabupaten Barru 2014-2020; 	Luas Panen Tanaman Sayuran Menurut Kecamatan dan Jenis Tanaman di Kabupaten Barru (ha)",/2/MTM1IzI=/rata-rata-harga-eceren-bahan-kebutuhan-pokok-menurut-jenis-komoditas.html; /2/NzcjMg==/rata-rata-lama-sekolah.html; /1/MjYjMQ==/jumlah-penduduk--rumah-tangga-dan-rata-rata-anggota-rumah-tangga-menurut-kecamatan-di-kabupaten-barru-2019.html; /2/MjIwIzI=/angka-harapan-lama-sekolah-dan-rata-rata-lama--sekolah-di-kabupaten-barru.html; /2/MjIxIzI=/angka-harapan-lama-sekolah-dan-rata-rata-lama--sekolah-di-kabupaten-barru.html; /1/NDUjMQ==/angka-harapan-lama-sekolah-dan-rata-rata-lama-sekolah-di-kabupaten-barru-2014-2020.html; /2/MTQ5IzI=/-luas-panen-tanaman-sayuran-menurut-kecamatan-dan-jenis-tanaman-di-kabupaten-barru--ha-.html,1.0,0,Tidak ada
123,,bayam,,Data Tidak Ditemukan,2024-04-17 01:15:22,Rata-rata harga eceran sayuran menurut komoditas sayuran,536.0,Harga-Harga,137.0,Rupiah,MTM1IzI=; NzcjMg==; MjYjMQ==; MjIwIzI=; MjIxIzI=; NDUjMQ==; MTQ5IzI=,"Rata-rata harga eceren Bahan kebutuhan pokok menurut jenis komoditas; Rata-Rata Lama Sekolah; Jumlah Penduduk, Rumah Tangga dan Rata-rata Anggota rumah Tangga Menurut Kecamatan di Kabupaten Barru 2019; Angka Harapan Lama Sekolah dan Rata-rata Lama  Sekolah di Kabupaten Barru; Angka Harapan Lama Sekolah dan Rata-rata Lama  Sekolah di Kabupaten Barru; Angka Harapan Lama Sekolah Dan Rata-Rata Lama Sekolah Di Kabupaten Barru 2014-2020; 	Luas Panen Tanaman Sayuran Menurut Kecamatan dan Jenis Tanaman di Kabupaten Barru (ha)",/2/MTM1IzI=/rata-rata-harga-eceren-bahan-kebutuhan-pokok-menurut-jenis-komoditas.html; /2/NzcjMg==/rata-rata-lama-sekolah.html; /1/MjYjMQ==/jumlah-penduduk--rumah-tangga-dan-rata-rata-anggota-rumah-tangga-menurut-kecamatan-di-kabupaten-barru-2019.html; /2/MjIwIzI=/angka-harapan-lama-sekolah-dan-rata-rata-lama--sekolah-di-kabupaten-barru.html; /2/MjIxIzI=/angka-harapan-lama-sekolah-dan-rata-rata-lama--sekolah-di-kabupaten-barru.html; /1/NDUjMQ==/angka-harapan-lama-sekolah-dan-rata-rata-lama-sekolah-di-kabupaten-barru-2014-2020.html; /2/MTQ5IzI=/-luas-panen-tanaman-sayuran-menurut-kecamatan-dan-jenis-tanaman-di-kabupaten-barru--ha-.html,2.0,0,Tidak ada
123,,kol putih,,Data Tidak Ditemukan,2024-04-17 01:15:22,Rata-rata harga eceran sayuran menurut komoditas sayuran,536.0,Harga-Harga,137.0,Rupiah,MTM1IzI=; NzcjMg==; MjYjMQ==; MjIwIzI=; MjIxIzI=; NDUjMQ==; MTQ5IzI=,"Rata-rata harga eceren Bahan kebutuhan pokok menurut jenis komoditas; Rata-Rata Lama Sekolah; Jumlah Penduduk, Rumah Tangga dan Rata-rata Anggota rumah Tangga Menurut Kecamatan di Kabupaten Barru 2019; Angka Harapan Lama Sekolah dan Rata-rata Lama  Sekolah di Kabupaten Barru; Angka Harapan Lama Sekolah dan Rata-rata Lama  Sekolah di Kabupaten Barru; Angka Harapan Lama Sekolah Dan Rata-Rata Lama Sekolah Di Kabupaten Barru 2014-2020; 	Luas Panen Tanaman Sayuran Menurut Kecamatan dan Jenis Tanaman di Kabupaten Barru (ha)",/2/MTM1IzI=/rata-rata-harga-eceren-bahan-kebutuhan-pokok-menurut-jenis-komoditas.html; /2/NzcjMg==/rata-rata-lama-sekolah.html; /1/MjYjMQ==/jumlah-penduduk--rumah-tangga-dan-rata-rata-anggota-rumah-tangga-menurut-kecamatan-di-kabupaten-barru-2019.html; /2/MjIwIzI=/angka-harapan-lama-sekolah-dan-rata-rata-lama--sekolah-di-kabupaten-barru.html; /2/MjIxIzI=/angka-harapan-lama-sekolah-dan-rata-rata-lama--sekolah-di-kabupaten-barru.html; /1/NDUjMQ==/angka-harapan-lama-sekolah-dan-rata-rata-lama-sekolah-di-kabupaten-barru-2014-2020.html; /2/MTQ5IzI=/-luas-panen-tanaman-sayuran-menurut-kecamatan-dan-jenis-tanaman-di-kabupaten-barru--ha-.html,3.0,0,Tidak ada
123,,kacang panjang,,Data Tidak Ditemukan,2024-04-17 01:15:22,Rata-rata harga eceran sayuran menurut komoditas sayuran,536.0,Harga-Harga,137.0,Rupiah,MTM1IzI=; NzcjMg==; MjYjMQ==; MjIwIzI=; MjIxIzI=; NDUjMQ==; MTQ5IzI=,"Rata-rata harga eceren Bahan kebutuhan pokok menurut jenis komoditas; Rata-Rata Lama Sekolah; Jumlah Penduduk, Rumah Tangga dan Rata-rata Anggota rumah Tangga Menurut Kecamatan di Kabupaten Barru 2019; Angka Harapan Lama Sekolah dan Rata-rata Lama  Sekolah di Kabupaten Barru; Angka Harapan Lama Sekolah dan Rata-rata Lama  Sekolah di Kabupaten Barru; Angka Harapan Lama Sekolah Dan Rata-Rata Lama Sekolah Di Kabupaten Barru 2014-2020; 	Luas Panen Tanaman Sayuran Menurut Kecamatan dan Jenis Tanaman di Kabupaten Barru (ha)",/2/MTM1IzI=/rata-rata-harga-eceren-bahan-kebutuhan-pokok-menurut-jenis-komoditas.html; /2/NzcjMg==/rata-rata-lama-sekolah.html; /1/MjYjMQ==/jumlah-penduduk--rumah-tangga-dan-rata-rata-anggota-rumah-tangga-menurut-kecamatan-di-kabupaten-barru-2019.html; /2/MjIwIzI=/angka-harapan-lama-sekolah-dan-rata-rata-lama--sekolah-di-kabupaten-barru.html; /2/MjIxIzI=/angka-harapan-lama-sekolah-dan-rata-rata-lama--sekolah-di-kabupaten-barru.html; /1/NDUjMQ==/angka-harapan-lama-sekolah-dan-rata-rata-lama-sekolah-di-kabupaten-barru-2014-2020.html; /2/MTQ5IzI=/-luas-panen-tanaman-sayuran-menurut-kecamatan-dan-jenis-tanaman-di-kabupaten-barru--ha-.html,4.0,0,Tidak ada
123,,kentang,,Data Tidak Ditemukan,2024-04-17 01:15:22,Rata-rata harga eceran sayuran menurut komoditas sayuran,536.0,Harga-Harga,137.0,Rupiah,MTM1IzI=; NzcjMg==; MjYjMQ==; MjIwIzI=; MjIxIzI=; NDUjMQ==; MTQ5IzI=,"Rata-rata harga eceren Bahan kebutuhan pokok menurut jenis komoditas; Rata-Rata Lama Sekolah; Jumlah Penduduk, Rumah Tangga dan Rata-rata Anggota rumah Tangga Menurut Kecamatan di Kabupaten Barru 2019; Angka Harapan Lama Sekolah dan Rata-rata Lama  Sekolah di Kabupaten Barru; Angka Harapan Lama Sekolah dan Rata-rata Lama  Sekolah di Kabupaten Barru; Angka Harapan Lama Sekolah Dan Rata-Rata Lama Sekolah Di Kabupaten Barru 2014-2020; 	Luas Panen Tanaman Sayuran Menurut Kecamatan dan Jenis Tanaman di Kabupaten Barru (ha)",/2/MTM1IzI=/rata-rata-harga-eceren-bahan-kebutuhan-pokok-menurut-jenis-komoditas.html; /2/NzcjMg==/rata-rata-lama-sekolah.html; /1/MjYjMQ==/jumlah-penduduk--rumah-tangga-dan-rata-rata-anggota-rumah-tangga-menurut-kecamatan-di-kabupaten-barru-2019.html; /2/MjIwIzI=/angka-harapan-lama-sekolah-dan-rata-rata-lama--sekolah-di-kabupaten-barru.html; /2/MjIxIzI=/angka-harapan-lama-sekolah-dan-rata-rata-lama--sekolah-di-kabupaten-barru.html; /1/NDUjMQ==/angka-harapan-lama-sekolah-dan-rata-rata-lama-sekolah-di-kabupaten-barru-2014-2020.html; /2/MTQ5IzI=/-luas-panen-tanaman-sayuran-menurut-kecamatan-dan-jenis-tanaman-di-kabupaten-barru--ha-.html,5.0,0,Tidak ada
123,,lombok merah,,Data Tidak Ditemukan,2024-04-17 01:15:22,Rata-rata harga eceran sayuran menurut komoditas sayuran,536.0,Harga-Harga,137.0,Rupiah,MTM1IzI=; NzcjMg==; MjYjMQ==; MjIwIzI=; MjIxIzI=; NDUjMQ==; MTQ5IzI=,"Rata-rata harga eceren Bahan kebutuhan pokok menurut jenis komoditas; Rata-Rata Lama Sekolah; Jumlah Penduduk, Rumah Tangga dan Rata-rata Anggota rumah Tangga Menurut Kecamatan di Kabupaten Barru 2019; Angka Harapan Lama Sekolah dan Rata-rata Lama  Sekolah di Kabupaten Barru; Angka Harapan Lama Sekolah dan Rata-rata Lama  Sekolah di Kabupaten Barru; Angka Harapan Lama Sekolah Dan Rata-Rata Lama Sekolah Di Kabupaten Barru 2014-2020; 	Luas Panen Tanaman Sayuran Menurut Kecamatan dan Jenis Tanaman di Kabupaten Barru (ha)",/2/MTM1IzI=/rata-rata-harga-eceren-bahan-kebutuhan-pokok-menurut-jenis-komoditas.html; /2/NzcjMg==/rata-rata-lama-sekolah.html; /1/MjYjMQ==/jumlah-penduduk--rumah-tangga-dan-rata-rata-anggota-rumah-tangga-menurut-kecamatan-di-kabupaten-barru-2019.html; /2/MjIwIzI=/angka-harapan-lama-sekolah-dan-rata-rata-lama--sekolah-di-kabupaten-barru.html; /2/MjIxIzI=/angka-harapan-lama-sekolah-dan-rata-rata-lama--sekolah-di-kabupaten-barru.html; /1/NDUjMQ==/angka-harapan-lama-sekolah-dan-rata-rata-lama-sekolah-di-kabupaten-barru-2014-2020.html; /2/MTQ5IzI=/-luas-panen-tanaman-sayuran-menurut-kecamatan-dan-jenis-tanaman-di-kabupaten-barru--ha-.html,6.0,0,Tidak ada
123,,lombok rawit,,Data Tidak Ditemukan,2024-04-17 01:15:22,Rata-rata harga eceran sayuran menurut komoditas sayuran,536.0,Harga-Harga,137.0,Rupiah,MTM1IzI=; NzcjMg==; MjYjMQ==; MjIwIzI=; MjIxIzI=; NDUjMQ==; MTQ5IzI=,"Rata-rata harga eceren Bahan kebutuhan pokok menurut jenis komoditas; Rata-Rata Lama Sekolah; Jumlah Penduduk, Rumah Tangga dan Rata-rata Anggota rumah Tangga Menurut Kecamatan di Kabupaten Barru 2019; Angka Harapan Lama Sekolah dan Rata-rata Lama  Sekolah di Kabupaten Barru; Angka Harapan Lama Sekolah dan Rata-rata Lama  Sekolah di Kabupaten Barru; Angka Harapan Lama Sekolah Dan Rata-Rata Lama Sekolah Di Kabupaten Barru 2014-2020; 	Luas Panen Tanaman Sayuran Menurut Kecamatan dan Jenis Tanaman di Kabupaten Barru (ha)",/2/MTM1IzI=/rata-rata-harga-eceren-bahan-kebutuhan-pokok-menurut-jenis-komoditas.html; /2/NzcjMg==/rata-rata-lama-sekolah.html; /1/MjYjMQ==/jumlah-penduduk--rumah-tangga-dan-rata-rata-anggota-rumah-tangga-menurut-kecamatan-di-kabupaten-barru-2019.html; /2/MjIwIzI=/angka-harapan-lama-sekolah-dan-rata-rata-lama--sekolah-di-kabupaten-barru.html; /2/MjIxIzI=/angka-harapan-lama-sekolah-dan-rata-rata-lama--sekolah-di-kabupaten-barru.html; /1/NDUjMQ==/angka-harapan-lama-sekolah-dan-rata-rata-lama-sekolah-di-kabupaten-barru-2014-2020.html; /2/MTQ5IzI=/-luas-panen-tanaman-sayuran-menurut-kecamatan-dan-jenis-tanaman-di-kabupaten-barru--ha-.html,7.0,0,Tidak ada
123,,sawi hijau,,Data Tidak Ditemukan,2024-04-17 01:15:22,Rata-rata harga eceran sayuran menurut komoditas sayuran,536.0,Harga-Harga,137.0,Rupiah,MTM1IzI=; NzcjMg==; MjYjMQ==; MjIwIzI=; MjIxIzI=; NDUjMQ==; MTQ5IzI=,"Rata-rata harga eceren Bahan kebutuhan pokok menurut jenis komoditas; Rata-Rata Lama Sekolah; Jumlah Penduduk, Rumah Tangga dan Rata-rata Anggota rumah Tangga Menurut Kecamatan di Kabupaten Barru 2019; Angka Harapan Lama Sekolah dan Rata-rata Lama  Sekolah di Kabupaten Barru; Angka Harapan Lama Sekolah dan Rata-rata Lama  Sekolah di Kabupaten Barru; Angka Harapan Lama Sekolah Dan Rata-Rata Lama Sekolah Di Kabupaten Barru 2014-2020; 	Luas Panen Tanaman Sayuran Menurut Kecamatan dan Jenis Tanaman di Kabupaten Barru (ha)",/2/MTM1IzI=/rata-rata-harga-eceren-bahan-kebutuhan-pokok-menurut-jenis-komoditas.html; /2/NzcjMg==/rata-rata-lama-sekolah.html; /1/MjYjMQ==/jumlah-penduduk--rumah-tangga-dan-rata-rata-anggota-rumah-tangga-menurut-kecamatan-di-kabupaten-barru-2019.html; /2/MjIwIzI=/angka-harapan-lama-sekolah-dan-rata-rata-lama--sekolah-di-kabupaten-barru.html; /2/MjIxIzI=/angka-harapan-lama-sekolah-dan-rata-rata-lama--sekolah-di-kabupaten-barru.html; /1/NDUjMQ==/angka-harapan-lama-sekolah-dan-rata-rata-lama-sekolah-di-kabupaten-barru-2014-2020.html; /2/MTQ5IzI=/-luas-panen-tanaman-sayuran-menurut-kecamatan-dan-jenis-tanaman-di-kabupaten-barru--ha-.html,8.0,0,Tidak ada
123,,tomat sayur,,Data Tidak Ditemukan,2024-04-17 01:15:22,Rata-rata harga eceran sayuran menurut komoditas sayuran,536.0,Harga-Harga,137.0,Rupiah,MTM1IzI=; NzcjMg==; MjYjMQ==; MjIwIzI=; MjIxIzI=; NDUjMQ==; MTQ5IzI=,"Rata-rata harga eceren Bahan kebutuhan pokok menurut jenis komoditas; Rata-Rata Lama Sekolah; Jumlah Penduduk, Rumah Tangga dan Rata-rata Anggota rumah Tangga Menurut Kecamatan di Kabupaten Barru 2019; Angka Harapan Lama Sekolah dan Rata-rata Lama  Sekolah di Kabupaten Barru; Angka Harapan Lama Sekolah dan Rata-rata Lama  Sekolah di Kabupaten Barru; Angka Harapan Lama Sekolah Dan Rata-Rata Lama Sekolah Di Kabupaten Barru 2014-2020; 	Luas Panen Tanaman Sayuran Menurut Kecamatan dan Jenis Tanaman di Kabupaten Barru (ha)",/2/MTM1IzI=/rata-rata-harga-eceren-bahan-kebutuhan-pokok-menurut-jenis-komoditas.html; /2/NzcjMg==/rata-rata-lama-sekolah.html; /1/MjYjMQ==/jumlah-penduduk--rumah-tangga-dan-rata-rata-anggota-rumah-tangga-menurut-kecamatan-di-kabupaten-barru-2019.html; /2/MjIwIzI=/angka-harapan-lama-sekolah-dan-rata-rata-lama--sekolah-di-kabupaten-barru.html; /2/MjIxIzI=/angka-harapan-lama-sekolah-dan-rata-rata-lama--sekolah-di-kabupaten-barru.html; /1/NDUjMQ==/angka-harapan-lama-sekolah-dan-rata-rata-lama-sekolah-di-kabupaten-barru-2014-2020.html; /2/MTQ5IzI=/-luas-panen-tanaman-sayuran-menurut-kecamatan-dan-jenis-tanaman-di-kabupaten-barru--ha-.html,9.0,0,Tidak ada
123,,terung panjang,,Data Tidak Ditemukan,2024-04-17 01:15:22,Rata-rata harga eceran sayuran menurut komoditas sayuran,536.0,Harga-Harga,137.0,Rupiah,MTM1IzI=; NzcjMg==; MjYjMQ==; MjIwIzI=; MjIxIzI=; NDUjMQ==; MTQ5IzI=,"Rata-rata harga eceren Bahan kebutuhan pokok menurut jenis komoditas; Rata-Rata Lama Sekolah; Jumlah Penduduk, Rumah Tangga dan Rata-rata Anggota rumah Tangga Menurut Kecamatan di Kabupaten Barru 2019; Angka Harapan Lama Sekolah dan Rata-rata Lama  Sekolah di Kabupaten Barru; Angka Harapan Lama Sekolah dan Rata-rata Lama  Sekolah di Kabupaten Barru; Angka Harapan Lama Sekolah Dan Rata-Rata Lama Sekolah Di Kabupaten Barru 2014-2020; 	Luas Panen Tanaman Sayuran Menurut Kecamatan dan Jenis Tanaman di Kabupaten Barru (ha)",/2/MTM1IzI=/rata-rata-harga-eceren-bahan-kebutuhan-pokok-menurut-jenis-komoditas.html; /2/NzcjMg==/rata-rata-lama-sekolah.html; /1/MjYjMQ==/jumlah-penduduk--rumah-tangga-dan-rata-rata-anggota-rumah-tangga-menurut-kecamatan-di-kabupaten-barru-2019.html; /2/MjIwIzI=/angka-harapan-lama-sekolah-dan-rata-rata-lama--sekolah-di-kabupaten-barru.html; /2/MjIxIzI=/angka-harapan-lama-sekolah-dan-rata-rata-lama--sekolah-di-kabupaten-barru.html; /1/NDUjMQ==/angka-harapan-lama-sekolah-dan-rata-rata-lama-sekolah-di-kabupaten-barru-2014-2020.html; /2/MTQ5IzI=/-luas-panen-tanaman-sayuran-menurut-kecamatan-dan-jenis-tanaman-di-kabupaten-barru--ha-.html,10.0,0,Tidak ada
123,,wortel,,Data Tidak Ditemukan,2024-04-17 01:15:22,Rata-rata harga eceran sayuran menurut komoditas sayuran,536.0,Harga-Harga,137.0,Rupiah,MTM1IzI=; NzcjMg==; MjYjMQ==; MjIwIzI=; MjIxIzI=; NDUjMQ==; MTQ5IzI=,"Rata-rata harga eceren Bahan kebutuhan pokok menurut jenis komoditas; Rata-Rata Lama Sekolah; Jumlah Penduduk, Rumah Tangga dan Rata-rata Anggota rumah Tangga Menurut Kecamatan di Kabupaten Barru 2019; Angka Harapan Lama Sekolah dan Rata-rata Lama  Sekolah di Kabupaten Barru; Angka Harapan Lama Sekolah dan Rata-rata Lama  Sekolah di Kabupaten Barru; Angka Harapan Lama Sekolah Dan Rata-Rata Lama Sekolah Di Kabupaten Barru 2014-2020; 	Luas Panen Tanaman Sayuran Menurut Kecamatan dan Jenis Tanaman di Kabupaten Barru (ha)",/2/MTM1IzI=/rata-rata-harga-eceren-bahan-kebutuhan-pokok-menurut-jenis-komoditas.html; /2/NzcjMg==/rata-rata-lama-sekolah.html; /1/MjYjMQ==/jumlah-penduduk--rumah-tangga-dan-rata-rata-anggota-rumah-tangga-menurut-kecamatan-di-kabupaten-barru-2019.html; /2/MjIwIzI=/angka-harapan-lama-sekolah-dan-rata-rata-lama--sekolah-di-kabupaten-barru.html; /2/MjIxIzI=/angka-harapan-lama-sekolah-dan-rata-rata-lama--sekolah-di-kabupaten-barru.html; /1/NDUjMQ==/angka-harapan-lama-sekolah-dan-rata-rata-lama-sekolah-di-kabupaten-barru-2014-2020.html; /2/MTQ5IzI=/-luas-panen-tanaman-sayuran-menurut-kecamatan-dan-jenis-tanaman-di-kabupaten-barru--ha-.html,11.0,0,Tidak ada
123,,buncis,,Data Tidak Ditemukan,2024-04-17 01:15:22,Rata-rata harga eceran sayuran menurut komoditas sayuran,536.0,Harga-Harga,137.0,Rupiah,MTM1IzI=; NzcjMg==; MjYjMQ==; MjIwIzI=; MjIxIzI=; NDUjMQ==; MTQ5IzI=,"Rata-rata harga eceren Bahan kebutuhan pokok menurut jenis komoditas; Rata-Rata Lama Sekolah; Jumlah Penduduk, Rumah Tangga dan Rata-rata Anggota rumah Tangga Menurut Kecamatan di Kabupaten Barru 2019; Angka Harapan Lama Sekolah dan Rata-rata Lama  Sekolah di Kabupaten Barru; Angka Harapan Lama Sekolah dan Rata-rata Lama  Sekolah di Kabupaten Barru; Angka Harapan Lama Sekolah Dan Rata-Rata Lama Sekolah Di Kabupaten Barru 2014-2020; 	Luas Panen Tanaman Sayuran Menurut Kecamatan dan Jenis Tanaman di Kabupaten Barru (ha)",/2/MTM1IzI=/rata-rata-harga-eceren-bahan-kebutuhan-pokok-menurut-jenis-komoditas.html; /2/NzcjMg==/rata-rata-lama-sekolah.html; /1/MjYjMQ==/jumlah-penduduk--rumah-tangga-dan-rata-rata-anggota-rumah-tangga-menurut-kecamatan-di-kabupaten-barru-2019.html; /2/MjIwIzI=/angka-harapan-lama-sekolah-dan-rata-rata-lama--sekolah-di-kabupaten-barru.html; /2/MjIxIzI=/angka-harapan-lama-sekolah-dan-rata-rata-lama--sekolah-di-kabupaten-barru.html; /1/NDUjMQ==/angka-harapan-lama-sekolah-dan-rata-rata-lama-sekolah-di-kabupaten-barru-2014-2020.html; /2/MTQ5IzI=/-luas-panen-tanaman-sayuran-menurut-kecamatan-dan-jenis-tanaman-di-kabupaten-barru--ha-.html,12.0,0,Tidak ada
123,,ketimun,,Data Tidak Ditemukan,2024-04-17 01:15:22,Rata-rata harga eceran sayuran menurut komoditas sayuran,536.0,Harga-Harga,137.0,Rupiah,MTM1IzI=; NzcjMg==; MjYjMQ==; MjIwIzI=; MjIxIzI=; NDUjMQ==; MTQ5IzI=,"Rata-rata harga eceren Bahan kebutuhan pokok menurut jenis komoditas; Rata-Rata Lama Sekolah; Jumlah Penduduk, Rumah Tangga dan Rata-rata Anggota rumah Tangga Menurut Kecamatan di Kabupaten Barru 2019; Angka Harapan Lama Sekolah dan Rata-rata Lama  Sekolah di Kabupaten Barru; Angka Harapan Lama Sekolah dan Rata-rata Lama  Sekolah di Kabupaten Barru; Angka Harapan Lama Sekolah Dan Rata-Rata Lama Sekolah Di Kabupaten Barru 2014-2020; 	Luas Panen Tanaman Sayuran Menurut Kecamatan dan Jenis Tanaman di Kabupaten Barru (ha)",/2/MTM1IzI=/rata-rata-harga-eceren-bahan-kebutuhan-pokok-menurut-jenis-komoditas.html; /2/NzcjMg==/rata-rata-lama-sekolah.html; /1/MjYjMQ==/jumlah-penduduk--rumah-tangga-dan-rata-rata-anggota-rumah-tangga-menurut-kecamatan-di-kabupaten-barru-2019.html; /2/MjIwIzI=/angka-harapan-lama-sekolah-dan-rata-rata-lama--sekolah-di-kabupaten-barru.html; /2/MjIxIzI=/angka-harapan-lama-sekolah-dan-rata-rata-lama--sekolah-di-kabupaten-barru.html; /1/NDUjMQ==/angka-harapan-lama-sekolah-dan-rata-rata-lama-sekolah-di-kabupaten-barru-2014-2020.html; /2/MTQ5IzI=/-luas-panen-tanaman-sayuran-menurut-kecamatan-dan-jenis-tanaman-di-kabupaten-barru--ha-.html,13.0,0,Tidak ada
124,,,,Data Tidak Ditemukan,,,,,,,,,,,,
125,,,,Data Tidak Ditemukan,,,,,,,,,,,,
