id_tahun,tahun,vervar_label,nilai,status,last_update,var_label,subject_id,subject_label,var_id,var_unit,related_ids,related_titles,related_links,vervar_id,turvar_id,turvar_label
100,,,,Data Tidak Ditemukan,,,,,,,,,,,,
101,,,,Data Tidak Ditemukan,,,,,,,,,,,,
102,,,,Data Tidak Ditemukan,,,,,,,,,,,,
103,,,,Data Tidak Ditemukan,,,,,,,,,,,,
104,,,,Data Tidak Ditemukan,,,,,,,,,,,,
105,,,,Data Tidak Ditemukan,,,,,,,,,,,,
106,,,,Data Tidak Ditemukan,,,,,,,,,,,,
107,,,,Data Tidak Ditemukan,,,,,,,,,,,,
108,,,,Data Tidak Ditemukan,,,,,,,,,,,,
109,,,,Data Tidak Ditemukan,,,,,,,,,,,,
110,,,,Data Tidak Ditemukan,,,,,,,,,,,,
111,,,,Data Tidak Ditemukan,,,,,,,,,,,,
112,,,,Data Tidak Ditemukan,,,,,,,,,,,,
113,,,,Data Tidak Ditemukan,,,,,,,,,,,,
114,,,,Data Tidak Ditemukan,,,,,,,,,,,,
115,,,,Data Tidak Ditemukan,,,,,,,,,,,,
116,,,,Data Tidak Ditemukan,,,,,,,,,,,,
117,,,,Data Tidak Ditemukan,,,,,,,,,,,,
118,,,,Data Tidak Ditemukan,,,,,,,,,,,,
119,,,,Data Tidak Ditemukan,,,,,,,,,,,,
120,2020,Tanete Riaja,828.0,Data Tersedia,2024-04-26 01:37:20,Jumlah Pelanggan Air,558.0,Energi,140.0,,MTM5IzI=; MTQxIzI=; MTc4IzI=; MTg5IzI=; NTcjMg==; NTYjMg==; MTEwIzI=,Jumlah Pelanggan Listrik; Jumlah Pelanggan Air; Jumlah Pelanggan Air yang disalurkan; Pesrentasi Rumah tangga menurut penggunaan sumber air utama; Jumlah Guru; Jumlah Murid; Jumlah Anggota Dewan,/2/MTM5IzI=/jumlah-pelanggan-listrik.html; /2/MTQxIzI=/jumlah-pelanggan-air.html; /2/MTc4IzI=/jumlah-pelanggan-air-yang-disalurkan.html; /2/MTg5IzI=/pesrentasi-rumah-tangga-menurut-penggunaan-sumber-air-utama.html; /2/NTcjMg==/jumlah-guru.html; /2/NTYjMg==/jumlah-murid.html; /2/MTEwIzI=/jumlah-anggota-dewan.html,1.0,75.0,Pelanggan
120,2020,Tanete Riaja,101657.0,Data Tersedia,2024-04-26 01:37:20,Jumlah Pelanggan Air,558.0,Energi,140.0,,MTM5IzI=; MTQxIzI=; MTc4IzI=; MTg5IzI=; NTcjMg==; NTYjMg==; MTEwIzI=,Jumlah Pelanggan Listrik; Jumlah Pelanggan Air; Jumlah Pelanggan Air yang disalurkan; Pesrentasi Rumah tangga menurut penggunaan sumber air utama; Jumlah Guru; Jumlah Murid; Jumlah Anggota Dewan,/2/MTM5IzI=/jumlah-pelanggan-listrik.html; /2/MTQxIzI=/jumlah-pelanggan-air.html; /2/MTc4IzI=/jumlah-pelanggan-air-yang-disalurkan.html; /2/MTg5IzI=/pesrentasi-rumah-tangga-menurut-penggunaan-sumber-air-utama.html; /2/NTcjMg==/jumlah-guru.html; /2/NTYjMg==/jumlah-murid.html; /2/MTEwIzI=/jumlah-anggota-dewan.html,1.0,76.0,Air Disalurkan
120,2020,Tanete Riaja,424002850.0,Data Tersedia,2024-04-26 01:37:20,Jumlah Pelanggan Air,558.0,Energi,140.0,,MTM5IzI=; MTQxIzI=; MTc4IzI=; MTg5IzI=; NTcjMg==; NTYjMg==; MTEwIzI=,Jumlah Pelanggan Listrik; Jumlah Pelanggan Air; Jumlah Pelanggan Air yang disalurkan; Pesrentasi Rumah tangga menurut penggunaan sumber air utama; Jumlah Guru; Jumlah Murid; Jumlah Anggota Dewan,/2/MTM5IzI=/jumlah-pelanggan-listrik.html; /2/MTQxIzI=/jumlah-pelanggan-air.html; /2/MTc4IzI=/jumlah-pelanggan-air-yang-disalurkan.html; /2/MTg5IzI=/pesrentasi-rumah-tangga-menurut-penggunaan-sumber-air-utama.html; /2/NTcjMg==/jumlah-guru.html; /2/NTYjMg==/jumlah-murid.html; /2/MTEwIzI=/jumlah-anggota-dewan.html,1.0,77.0,Nilai
120,2020,Pujananting,,Data Tidak Ditemukan,2024-04-26 01:37:20,Jumlah Pelanggan Air,558.0,Energi,140.0,,MTM5IzI=; MTQxIzI=; MTc4IzI=; MTg5IzI=; NTcjMg==; NTYjMg==; MTEwIzI=,Jumlah Pelanggan Listrik; Jumlah Pelanggan Air; Jumlah Pelanggan Air yang disalurkan; Pesrentasi Rumah tangga menurut penggunaan sumber air utama; Jumlah Guru; Jumlah Murid; Jumlah Anggota Dewan,/2/MTM5IzI=/jumlah-pelanggan-listrik.html; /2/MTQxIzI=/jumlah-pelanggan-air.html; /2/MTc4IzI=/jumlah-pelanggan-air-yang-disalurkan.html; /2/MTg5IzI=/pesrentasi-rumah-tangga-menurut-penggunaan-sumber-air-utama.html; /2/NTcjMg==/jumlah-guru.html; /2/NTYjMg==/jumlah-murid.html; /2/MTEwIzI=/jumlah-anggota-dewan.html,2.0,75.0,Pelanggan
120,2020,Pujananting,,Data Tidak Ditemukan,2024-04-26 01:37:20,Jumlah Pelanggan Air,558.0,Energi,140.0,,MTM5IzI=; MTQxIzI=; MTc4IzI=; MTg5IzI=; NTcjMg==; NTYjMg==; MTEwIzI=,Jumlah Pelanggan Listrik; Jumlah Pelanggan Air; Jumlah Pelanggan Air yang disalurkan; Pesrentasi Rumah tangga menurut penggunaan sumber air utama; Jumlah Guru; Jumlah Murid; Jumlah Anggota Dewan,/2/MTM5IzI=/jumlah-pelanggan-listrik.html; /2/MTQxIzI=/jumlah-pelanggan-air.html; /2/MTc4IzI=/jumlah-pelanggan-air-yang-disalurkan.html; /2/MTg5IzI=/pesrentasi-rumah-tangga-menurut-penggunaan-sumber-air-utama.html; /2/NTcjMg==/jumlah-guru.html; /2/NTYjMg==/jumlah-murid.html; /2/MTEwIzI=/jumlah-anggota-dewan.html,2.0,76.0,Air Disalurkan
120,2020,Pujananting,,Data Tidak Ditemukan,2024-04-26 01:37:20,Jumlah Pelanggan Air,558.0,Energi,140.0,,MTM5IzI=; MTQxIzI=; MTc4IzI=; MTg5IzI=; NTcjMg==; NTYjMg==; MTEwIzI=,Jumlah Pelanggan Listrik; Jumlah Pelanggan Air; Jumlah Pelanggan Air yang disalurkan; Pesrentasi Rumah tangga menurut penggunaan sumber air utama; Jumlah Guru; Jumlah Murid; Jumlah Anggota Dewan,/2/MTM5IzI=/jumlah-pelanggan-listrik.html; /2/MTQxIzI=/jumlah-pelanggan-air.html; /2/MTc4IzI=/jumlah-pelanggan-air-yang-disalurkan.html; /2/MTg5IzI=/pesrentasi-rumah-tangga-menurut-penggunaan-sumber-air-utama.html; /2/NTcjMg==/jumlah-guru.html; /2/NTYjMg==/jumlah-murid.html; /2/MTEwIzI=/jumlah-anggota-dewan.html,2.0,77.0,Nilai
120,2020,Tanete Rilau,3121.0,Data Tersedia,2024-04-26 01:37:20,Jumlah Pelanggan Air,558.0,Energi,140.0,,MTM5IzI=; MTQxIzI=; MTc4IzI=; MTg5IzI=; NTcjMg==; NTYjMg==; MTEwIzI=,Jumlah Pelanggan Listrik; Jumlah Pelanggan Air; Jumlah Pelanggan Air yang disalurkan; Pesrentasi Rumah tangga menurut penggunaan sumber air utama; Jumlah Guru; Jumlah Murid; Jumlah Anggota Dewan,/2/MTM5IzI=/jumlah-pelanggan-listrik.html; /2/MTQxIzI=/jumlah-pelanggan-air.html; /2/MTc4IzI=/jumlah-pelanggan-air-yang-disalurkan.html; /2/MTg5IzI=/pesrentasi-rumah-tangga-menurut-penggunaan-sumber-air-utama.html; /2/NTcjMg==/jumlah-guru.html; /2/NTYjMg==/jumlah-murid.html; /2/MTEwIzI=/jumlah-anggota-dewan.html,3.0,75.0,Pelanggan
120,2020,Tanete Rilau,469799.0,Data Tersedia,2024-04-26 01:37:20,Jumlah Pelanggan Air,558.0,Energi,140.0,,MTM5IzI=; MTQxIzI=; MTc4IzI=; MTg5IzI=; NTcjMg==; NTYjMg==; MTEwIzI=,Jumlah Pelanggan Listrik; Jumlah Pelanggan Air; Jumlah Pelanggan Air yang disalurkan; Pesrentasi Rumah tangga menurut penggunaan sumber air utama; Jumlah Guru; Jumlah Murid; Jumlah Anggota Dewan,/2/MTM5IzI=/jumlah-pelanggan-listrik.html; /2/MTQxIzI=/jumlah-pelanggan-air.html; /2/MTc4IzI=/jumlah-pelanggan-air-yang-disalurkan.html; /2/MTg5IzI=/pesrentasi-rumah-tangga-menurut-penggunaan-sumber-air-utama.html; /2/NTcjMg==/jumlah-guru.html; /2/NTYjMg==/jumlah-murid.html; /2/MTEwIzI=/jumlah-anggota-dewan.html,3.0,76.0,Air Disalurkan
120,2020,Tanete Rilau,2078686280.0,Data Tersedia,2024-04-26 01:37:20,Jumlah Pelanggan Air,558.0,Energi,140.0,,MTM5IzI=; MTQxIzI=; MTc4IzI=; MTg5IzI=; NTcjMg==; NTYjMg==; MTEwIzI=,Jumlah Pelanggan Listrik; Jumlah Pelanggan Air; Jumlah Pelanggan Air yang disalurkan; Pesrentasi Rumah tangga menurut penggunaan sumber air utama; Jumlah Guru; Jumlah Murid; Jumlah Anggota Dewan,/2/MTM5IzI=/jumlah-pelanggan-listrik.html; /2/MTQxIzI=/jumlah-pelanggan-air.html; /2/MTc4IzI=/jumlah-pelanggan-air-yang-disalurkan.html; /2/MTg5IzI=/pesrentasi-rumah-tangga-menurut-penggunaan-sumber-air-utama.html; /2/NTcjMg==/jumlah-guru.html; /2/NTYjMg==/jumlah-murid.html; /2/MTEwIzI=/jumlah-anggota-dewan.html,3.0,77.0,Nilai
120,2020,Barru,4957.0,Data Tersedia,2024-04-26 01:37:20,Jumlah Pelanggan Air,558.0,Energi,140.0,,MTM5IzI=; MTQxIzI=; MTc4IzI=; MTg5IzI=; NTcjMg==; NTYjMg==; MTEwIzI=,Jumlah Pelanggan Listrik; Jumlah Pelanggan Air; Jumlah Pelanggan Air yang disalurkan; Pesrentasi Rumah tangga menurut penggunaan sumber air utama; Jumlah Guru; Jumlah Murid; Jumlah Anggota Dewan,/2/MTM5IzI=/jumlah-pelanggan-listrik.html; /2/MTQxIzI=/jumlah-pelanggan-air.html; /2/MTc4IzI=/jumlah-pelanggan-air-yang-disalurkan.html; /2/MTg5IzI=/pesrentasi-rumah-tangga-menurut-penggunaan-sumber-air-utama.html; /2/NTcjMg==/jumlah-guru.html; /2/NTYjMg==/jumlah-murid.html; /2/MTEwIzI=/jumlah-anggota-dewan.html,4.0,75.0,Pelanggan
120,2020,Barru,782929.0,Data Tersedia,2024-04-26 01:37:20,Jumlah Pelanggan Air,558.0,Energi,140.0,,MTM5IzI=; MTQxIzI=; MTc4IzI=; MTg5IzI=; NTcjMg==; NTYjMg==; MTEwIzI=,Jumlah Pelanggan Listrik; Jumlah Pelanggan Air; Jumlah Pelanggan Air yang disalurkan; Pesrentasi Rumah tangga menurut penggunaan sumber air utama; Jumlah Guru; Jumlah Murid; Jumlah Anggota Dewan,/2/MTM5IzI=/jumlah-pelanggan-listrik.html; /2/MTQxIzI=/jumlah-pelanggan-air.html; /2/MTc4IzI=/jumlah-pelanggan-air-yang-disalurkan.html; /2/MTg5IzI=/pesrentasi-rumah-tangga-menurut-penggunaan-sumber-air-utama.html; /2/NTcjMg==/jumlah-guru.html; /2/NTYjMg==/jumlah-murid.html; /2/MTEwIzI=/jumlah-anggota-dewan.html,4.0,76.0,Air Disalurkan
120,2020,Barru,4206967725.0,Data Tersedia,2024-04-26 01:37:20,Jumlah Pelanggan Air,558.0,Energi,140.0,,MTM5IzI=; MTQxIzI=; MTc4IzI=; MTg5IzI=; NTcjMg==; NTYjMg==; MTEwIzI=,Jumlah Pelanggan Listrik; Jumlah Pelanggan Air; Jumlah Pelanggan Air yang disalurkan; Pesrentasi Rumah tangga menurut penggunaan sumber air utama; Jumlah Guru; Jumlah Murid; Jumlah Anggota Dewan,/2/MTM5IzI=/jumlah-pelanggan-listrik.html; /2/MTQxIzI=/jumlah-pelanggan-air.html; /2/MTc4IzI=/jumlah-pelanggan-air-yang-disalurkan.html; /2/MTg5IzI=/pesrentasi-rumah-tangga-menurut-penggunaan-sumber-air-utama.html; /2/NTcjMg==/jumlah-guru.html; /2/NTYjMg==/jumlah-murid.html; /2/MTEwIzI=/jumlah-anggota-dewan.html,4.0,77.0,Nilai
120,2020,Soppeng Riaja,421.0,Data Tersedia,2024-04-26 01:37:20,Jumlah Pelanggan Air,558.0,Energi,140.0,,MTM5IzI=; MTQxIzI=; MTc4IzI=; MTg5IzI=; NTcjMg==; NTYjMg==; MTEwIzI=,Jumlah Pelanggan Listrik; Jumlah Pelanggan Air; Jumlah Pelanggan Air yang disalurkan; Pesrentasi Rumah tangga menurut penggunaan sumber air utama; Jumlah Guru; Jumlah Murid; Jumlah Anggota Dewan,/2/MTM5IzI=/jumlah-pelanggan-listrik.html; /2/MTQxIzI=/jumlah-pelanggan-air.html; /2/MTc4IzI=/jumlah-pelanggan-air-yang-disalurkan.html; /2/MTg5IzI=/pesrentasi-rumah-tangga-menurut-penggunaan-sumber-air-utama.html; /2/NTcjMg==/jumlah-guru.html; /2/NTYjMg==/jumlah-murid.html; /2/MTEwIzI=/jumlah-anggota-dewan.html,5.0,75.0,Pelanggan
120,2020,Soppeng Riaja,43589.0,Data Tersedia,2024-04-26 01:37:20,Jumlah Pelanggan Air,558.0,Energi,140.0,,MTM5IzI=; MTQxIzI=; MTc4IzI=; MTg5IzI=; NTcjMg==; NTYjMg==; MTEwIzI=,Jumlah Pelanggan Listrik; Jumlah Pelanggan Air; Jumlah Pelanggan Air yang disalurkan; Pesrentasi Rumah tangga menurut penggunaan sumber air utama; Jumlah Guru; Jumlah Murid; Jumlah Anggota Dewan,/2/MTM5IzI=/jumlah-pelanggan-listrik.html; /2/MTQxIzI=/jumlah-pelanggan-air.html; /2/MTc4IzI=/jumlah-pelanggan-air-yang-disalurkan.html; /2/MTg5IzI=/pesrentasi-rumah-tangga-menurut-penggunaan-sumber-air-utama.html; /2/NTcjMg==/jumlah-guru.html; /2/NTYjMg==/jumlah-murid.html; /2/MTEwIzI=/jumlah-anggota-dewan.html,5.0,76.0,Air Disalurkan
120,2020,Soppeng Riaja,261591625.0,Data Tersedia,2024-04-26 01:37:20,Jumlah Pelanggan Air,558.0,Energi,140.0,,MTM5IzI=; MTQxIzI=; MTc4IzI=; MTg5IzI=; NTcjMg==; NTYjMg==; MTEwIzI=,Jumlah Pelanggan Listrik; Jumlah Pelanggan Air; Jumlah Pelanggan Air yang disalurkan; Pesrentasi Rumah tangga menurut penggunaan sumber air utama; Jumlah Guru; Jumlah Murid; Jumlah Anggota Dewan,/2/MTM5IzI=/jumlah-pelanggan-listrik.html; /2/MTQxIzI=/jumlah-pelanggan-air.html; /2/MTc4IzI=/jumlah-pelanggan-air-yang-disalurkan.html; /2/MTg5IzI=/pesrentasi-rumah-tangga-menurut-penggunaan-sumber-air-utama.html; /2/NTcjMg==/jumlah-guru.html; /2/NTYjMg==/jumlah-murid.html; /2/MTEwIzI=/jumlah-anggota-dewan.html,5.0,77.0,Nilai
120,2020,Balusu,608.0,Data Tersedia,2024-04-26 01:37:20,Jumlah Pelanggan Air,558.0,Energi,140.0,,MTM5IzI=; MTQxIzI=; MTc4IzI=; MTg5IzI=; NTcjMg==; NTYjMg==; MTEwIzI=,Jumlah Pelanggan Listrik; Jumlah Pelanggan Air; Jumlah Pelanggan Air yang disalurkan; Pesrentasi Rumah tangga menurut penggunaan sumber air utama; Jumlah Guru; Jumlah Murid; Jumlah Anggota Dewan,/2/MTM5IzI=/jumlah-pelanggan-listrik.html; /2/MTQxIzI=/jumlah-pelanggan-air.html; /2/MTc4IzI=/jumlah-pelanggan-air-yang-disalurkan.html; /2/MTg5IzI=/pesrentasi-rumah-tangga-menurut-penggunaan-sumber-air-utama.html; /2/NTcjMg==/jumlah-guru.html; /2/NTYjMg==/jumlah-murid.html; /2/MTEwIzI=/jumlah-anggota-dewan.html,6.0,75.0,Pelanggan
120,2020,Balusu,78511.0,Data Tersedia,2024-04-26 01:37:20,Jumlah Pelanggan Air,558.0,Energi,140.0,,MTM5IzI=; MTQxIzI=; MTc4IzI=; MTg5IzI=; NTcjMg==; NTYjMg==; MTEwIzI=,Jumlah Pelanggan Listrik; Jumlah Pelanggan Air; Jumlah Pelanggan Air yang disalurkan; Pesrentasi Rumah tangga menurut penggunaan sumber air utama; Jumlah Guru; Jumlah Murid; Jumlah Anggota Dewan,/2/MTM5IzI=/jumlah-pelanggan-listrik.html; /2/MTQxIzI=/jumlah-pelanggan-air.html; /2/MTc4IzI=/jumlah-pelanggan-air-yang-disalurkan.html; /2/MTg5IzI=/pesrentasi-rumah-tangga-menurut-penggunaan-sumber-air-utama.html; /2/NTcjMg==/jumlah-guru.html; /2/NTYjMg==/jumlah-murid.html; /2/MTEwIzI=/jumlah-anggota-dewan.html,6.0,76.0,Air Disalurkan
120,2020,Balusu,400487625.0,Data Tersedia,2024-04-26 01:37:20,Jumlah Pelanggan Air,558.0,Energi,140.0,,MTM5IzI=; MTQxIzI=; MTc4IzI=; MTg5IzI=; NTcjMg==; NTYjMg==; MTEwIzI=,Jumlah Pelanggan Listrik; Jumlah Pelanggan Air; Jumlah Pelanggan Air yang disalurkan; Pesrentasi Rumah tangga menurut penggunaan sumber air utama; Jumlah Guru; Jumlah Murid; Jumlah Anggota Dewan,/2/MTM5IzI=/jumlah-pelanggan-listrik.html; /2/MTQxIzI=/jumlah-pelanggan-air.html; /2/MTc4IzI=/jumlah-pelanggan-air-yang-disalurkan.html; /2/MTg5IzI=/pesrentasi-rumah-tangga-menurut-penggunaan-sumber-air-utama.html; /2/NTcjMg==/jumlah-guru.html; /2/NTYjMg==/jumlah-murid.html; /2/MTEwIzI=/jumlah-anggota-dewan.html,6.0,77.0,Nilai
120,2020,Mallusetasi,705.0,Data Tersedia,2024-04-26 01:37:20,Jumlah Pelanggan Air,558.0,Energi,140.0,,MTM5IzI=; MTQxIzI=; MTc4IzI=; MTg5IzI=; NTcjMg==; NTYjMg==; MTEwIzI=,Jumlah Pelanggan Listrik; Jumlah Pelanggan Air; Jumlah Pelanggan Air yang disalurkan; Pesrentasi Rumah tangga menurut penggunaan sumber air utama; Jumlah Guru; Jumlah Murid; Jumlah Anggota Dewan,/2/MTM5IzI=/jumlah-pelanggan-listrik.html; /2/MTQxIzI=/jumlah-pelanggan-air.html; /2/MTc4IzI=/jumlah-pelanggan-air-yang-disalurkan.html; /2/MTg5IzI=/pesrentasi-rumah-tangga-menurut-penggunaan-sumber-air-utama.html; /2/NTcjMg==/jumlah-guru.html; /2/NTYjMg==/jumlah-murid.html; /2/MTEwIzI=/jumlah-anggota-dewan.html,7.0,75.0,Pelanggan
120,2020,Mallusetasi,48745.0,Data Tersedia,2024-04-26 01:37:20,Jumlah Pelanggan Air,558.0,Energi,140.0,,MTM5IzI=; MTQxIzI=; MTc4IzI=; MTg5IzI=; NTcjMg==; NTYjMg==; MTEwIzI=,Jumlah Pelanggan Listrik; Jumlah Pelanggan Air; Jumlah Pelanggan Air yang disalurkan; Pesrentasi Rumah tangga menurut penggunaan sumber air utama; Jumlah Guru; Jumlah Murid; Jumlah Anggota Dewan,/2/MTM5IzI=/jumlah-pelanggan-listrik.html; /2/MTQxIzI=/jumlah-pelanggan-air.html; /2/MTc4IzI=/jumlah-pelanggan-air-yang-disalurkan.html; /2/MTg5IzI=/pesrentasi-rumah-tangga-menurut-penggunaan-sumber-air-utama.html; /2/NTcjMg==/jumlah-guru.html; /2/NTYjMg==/jumlah-murid.html; /2/MTEwIzI=/jumlah-anggota-dewan.html,7.0,76.0,Air Disalurkan
120,2020,Mallusetasi,335530075.0,Data Tersedia,2024-04-26 01:37:20,Jumlah Pelanggan Air,558.0,Energi,140.0,,MTM5IzI=; MTQxIzI=; MTc4IzI=; MTg5IzI=; NTcjMg==; NTYjMg==; MTEwIzI=,Jumlah Pelanggan Listrik; Jumlah Pelanggan Air; Jumlah Pelanggan Air yang disalurkan; Pesrentasi Rumah tangga menurut penggunaan sumber air utama; Jumlah Guru; Jumlah Murid; Jumlah Anggota Dewan,/2/MTM5IzI=/jumlah-pelanggan-listrik.html; /2/MTQxIzI=/jumlah-pelanggan-air.html; /2/MTc4IzI=/jumlah-pelanggan-air-yang-disalurkan.html; /2/MTg5IzI=/pesrentasi-rumah-tangga-menurut-penggunaan-sumber-air-utama.html; /2/NTcjMg==/jumlah-guru.html; /2/NTYjMg==/jumlah-murid.html; /2/MTEwIzI=/jumlah-anggota-dewan.html,7.0,77.0,Nilai
120,2020,Kabupaten Barru,10640.0,Data Tersedia,2024-04-26 01:37:20,Jumlah Pelanggan Air,558.0,Energi,140.0,,MTM5IzI=; MTQxIzI=; MTc4IzI=; MTg5IzI=; NTcjMg==; NTYjMg==; MTEwIzI=,Jumlah Pelanggan Listrik; Jumlah Pelanggan Air; Jumlah Pelanggan Air yang disalurkan; Pesrentasi Rumah tangga menurut penggunaan sumber air utama; Jumlah Guru; Jumlah Murid; Jumlah Anggota Dewan,/2/MTM5IzI=/jumlah-pelanggan-listrik.html; /2/MTQxIzI=/jumlah-pelanggan-air.html; /2/MTc4IzI=/jumlah-pelanggan-air-yang-disalurkan.html; /2/MTg5IzI=/pesrentasi-rumah-tangga-menurut-penggunaan-sumber-air-utama.html; /2/NTcjMg==/jumlah-guru.html; /2/NTYjMg==/jumlah-murid.html; /2/MTEwIzI=/jumlah-anggota-dewan.html,8.0,75.0,Pelanggan
120,2020,Kabupaten Barru,1525230.0,Data Tersedia,2024-04-26 01:37:20,Jumlah Pelanggan Air,558.0,Energi,140.0,,MTM5IzI=; MTQxIzI=; MTc4IzI=; MTg5IzI=; NTcjMg==; NTYjMg==; MTEwIzI=,Jumlah Pelanggan Listrik; Jumlah Pelanggan Air; Jumlah Pelanggan Air yang disalurkan; Pesrentasi Rumah tangga menurut penggunaan sumber air utama; Jumlah Guru; Jumlah Murid; Jumlah Anggota Dewan,/2/MTM5IzI=/jumlah-pelanggan-listrik.html; /2/MTQxIzI=/jumlah-pelanggan-air.html; /2/MTc4IzI=/jumlah-pelanggan-air-yang-disalurkan.html; /2/MTg5IzI=/pesrentasi-rumah-tangga-menurut-penggunaan-sumber-air-utama.html; /2/NTcjMg==/jumlah-guru.html; /2/NTYjMg==/jumlah-murid.html; /2/MTEwIzI=/jumlah-anggota-dewan.html,8.0,76.0,Air Disalurkan
120,2020,Kabupaten Barru,7707266180.0,Data Tersedia,2024-04-26 01:37:20,Jumlah Pelanggan Air,558.0,Energi,140.0,,MTM5IzI=; MTQxIzI=; MTc4IzI=; MTg5IzI=; NTcjMg==; NTYjMg==; MTEwIzI=,Jumlah Pelanggan Listrik; Jumlah Pelanggan Air; Jumlah Pelanggan Air yang disalurkan; Pesrentasi Rumah tangga menurut penggunaan sumber air utama; Jumlah Guru; Jumlah Murid; Jumlah Anggota Dewan,/2/MTM5IzI=/jumlah-pelanggan-listrik.html; /2/MTQxIzI=/jumlah-pelanggan-air.html; /2/MTc4IzI=/jumlah-pelanggan-air-yang-disalurkan.html; /2/MTg5IzI=/pesrentasi-rumah-tangga-menurut-penggunaan-sumber-air-utama.html; /2/NTcjMg==/jumlah-guru.html; /2/NTYjMg==/jumlah-murid.html; /2/MTEwIzI=/jumlah-anggota-dewan.html,8.0,77.0,Nilai
121,2021,Tanete Riaja,871.0,Data Tersedia,2024-04-26 01:37:20,Jumlah Pelanggan Air,558.0,Energi,140.0,,MTM5IzI=; MTQxIzI=; MTc4IzI=; MTg5IzI=; NTcjMg==; NTYjMg==; MTEwIzI=,Jumlah Pelanggan Listrik; Jumlah Pelanggan Air; Jumlah Pelanggan Air yang disalurkan; Pesrentasi Rumah tangga menurut penggunaan sumber air utama; Jumlah Guru; Jumlah Murid; Jumlah Anggota Dewan,/2/MTM5IzI=/jumlah-pelanggan-listrik.html; /2/MTQxIzI=/jumlah-pelanggan-air.html; /2/MTc4IzI=/jumlah-pelanggan-air-yang-disalurkan.html; /2/MTg5IzI=/pesrentasi-rumah-tangga-menurut-penggunaan-sumber-air-utama.html; /2/NTcjMg==/jumlah-guru.html; /2/NTYjMg==/jumlah-murid.html; /2/MTEwIzI=/jumlah-anggota-dewan.html,1.0,75.0,Pelanggan
121,2021,Tanete Riaja,120660.0,Data Tersedia,2024-04-26 01:37:20,Jumlah Pelanggan Air,558.0,Energi,140.0,,MTM5IzI=; MTQxIzI=; MTc4IzI=; MTg5IzI=; NTcjMg==; NTYjMg==; MTEwIzI=,Jumlah Pelanggan Listrik; Jumlah Pelanggan Air; Jumlah Pelanggan Air yang disalurkan; Pesrentasi Rumah tangga menurut penggunaan sumber air utama; Jumlah Guru; Jumlah Murid; Jumlah Anggota Dewan,/2/MTM5IzI=/jumlah-pelanggan-listrik.html; /2/MTQxIzI=/jumlah-pelanggan-air.html; /2/MTc4IzI=/jumlah-pelanggan-air-yang-disalurkan.html; /2/MTg5IzI=/pesrentasi-rumah-tangga-menurut-penggunaan-sumber-air-utama.html; /2/NTcjMg==/jumlah-guru.html; /2/NTYjMg==/jumlah-murid.html; /2/MTEwIzI=/jumlah-anggota-dewan.html,1.0,76.0,Air Disalurkan
121,2021,Tanete Riaja,525669725.0,Data Tersedia,2024-04-26 01:37:20,Jumlah Pelanggan Air,558.0,Energi,140.0,,MTM5IzI=; MTQxIzI=; MTc4IzI=; MTg5IzI=; NTcjMg==; NTYjMg==; MTEwIzI=,Jumlah Pelanggan Listrik; Jumlah Pelanggan Air; Jumlah Pelanggan Air yang disalurkan; Pesrentasi Rumah tangga menurut penggunaan sumber air utama; Jumlah Guru; Jumlah Murid; Jumlah Anggota Dewan,/2/MTM5IzI=/jumlah-pelanggan-listrik.html; /2/MTQxIzI=/jumlah-pelanggan-air.html; /2/MTc4IzI=/jumlah-pelanggan-air-yang-disalurkan.html; /2/MTg5IzI=/pesrentasi-rumah-tangga-menurut-penggunaan-sumber-air-utama.html; /2/NTcjMg==/jumlah-guru.html; /2/NTYjMg==/jumlah-murid.html; /2/MTEwIzI=/jumlah-anggota-dewan.html,1.0,77.0,Nilai
121,2021,Pujananting,,Data Tidak Ditemukan,2024-04-26 01:37:20,Jumlah Pelanggan Air,558.0,Energi,140.0,,MTM5IzI=; MTQxIzI=; MTc4IzI=; MTg5IzI=; NTcjMg==; NTYjMg==; MTEwIzI=,Jumlah Pelanggan Listrik; Jumlah Pelanggan Air; Jumlah Pelanggan Air yang disalurkan; Pesrentasi Rumah tangga menurut penggunaan sumber air utama; Jumlah Guru; Jumlah Murid; Jumlah Anggota Dewan,/2/MTM5IzI=/jumlah-pelanggan-listrik.html; /2/MTQxIzI=/jumlah-pelanggan-air.html; /2/MTc4IzI=/jumlah-pelanggan-air-yang-disalurkan.html; /2/MTg5IzI=/pesrentasi-rumah-tangga-menurut-penggunaan-sumber-air-utama.html; /2/NTcjMg==/jumlah-guru.html; /2/NTYjMg==/jumlah-murid.html; /2/MTEwIzI=/jumlah-anggota-dewan.html,2.0,75.0,Pelanggan
121,2021,Pujananting,,Data Tidak Ditemukan,2024-04-26 01:37:20,Jumlah Pelanggan Air,558.0,Energi,140.0,,MTM5IzI=; MTQxIzI=; MTc4IzI=; MTg5IzI=; NTcjMg==; NTYjMg==; MTEwIzI=,Jumlah Pelanggan Listrik; Jumlah Pelanggan Air; Jumlah Pelanggan Air yang disalurkan; Pesrentasi Rumah tangga menurut penggunaan sumber air utama; Jumlah Guru; Jumlah Murid; Jumlah Anggota Dewan,/2/MTM5IzI=/jumlah-pelanggan-listrik.html; /2/MTQxIzI=/jumlah-pelanggan-air.html; /2/MTc4IzI=/jumlah-pelanggan-air-yang-disalurkan.html; /2/MTg5IzI=/pesrentasi-rumah-tangga-menurut-penggunaan-sumber-air-utama.html; /2/NTcjMg==/jumlah-guru.html; /2/NTYjMg==/jumlah-murid.html; /2/MTEwIzI=/jumlah-anggota-dewan.html,2.0,76.0,Air Disalurkan
121,2021,Pujananting,,Data Tidak Ditemukan,2024-04-26 01:37:20,Jumlah Pelanggan Air,558.0,Energi,140.0,,MTM5IzI=; MTQxIzI=; MTc4IzI=; MTg5IzI=; NTcjMg==; NTYjMg==; MTEwIzI=,Jumlah Pelanggan Listrik; Jumlah Pelanggan Air; Jumlah Pelanggan Air yang disalurkan; Pesrentasi Rumah tangga menurut penggunaan sumber air utama; Jumlah Guru; Jumlah Murid; Jumlah Anggota Dewan,/2/MTM5IzI=/jumlah-pelanggan-listrik.html; /2/MTQxIzI=/jumlah-pelanggan-air.html; /2/MTc4IzI=/jumlah-pelanggan-air-yang-disalurkan.html; /2/MTg5IzI=/pesrentasi-rumah-tangga-menurut-penggunaan-sumber-air-utama.html; /2/NTcjMg==/jumlah-guru.html; /2/NTYjMg==/jumlah-murid.html; /2/MTEwIzI=/jumlah-anggota-dewan.html,2.0,77.0,Nilai
121,2021,Tanete Rilau,3352.0,Data Tersedia,2024-04-26 01:37:20,Jumlah Pelanggan Air,558.0,Energi,140.0,,MTM5IzI=; MTQxIzI=; MTc4IzI=; MTg5IzI=; NTcjMg==; NTYjMg==; MTEwIzI=,Jumlah Pelanggan Listrik; Jumlah Pelanggan Air; Jumlah Pelanggan Air yang disalurkan; Pesrentasi Rumah tangga menurut penggunaan sumber air utama; Jumlah Guru; Jumlah Murid; Jumlah Anggota Dewan,/2/MTM5IzI=/jumlah-pelanggan-listrik.html; /2/MTQxIzI=/jumlah-pelanggan-air.html; /2/MTc4IzI=/jumlah-pelanggan-air-yang-disalurkan.html; /2/MTg5IzI=/pesrentasi-rumah-tangga-menurut-penggunaan-sumber-air-utama.html; /2/NTcjMg==/jumlah-guru.html; /2/NTYjMg==/jumlah-murid.html; /2/MTEwIzI=/jumlah-anggota-dewan.html,3.0,75.0,Pelanggan
121,2021,Tanete Rilau,487625.0,Data Tersedia,2024-04-26 01:37:20,Jumlah Pelanggan Air,558.0,Energi,140.0,,MTM5IzI=; MTQxIzI=; MTc4IzI=; MTg5IzI=; NTcjMg==; NTYjMg==; MTEwIzI=,Jumlah Pelanggan Listrik; Jumlah Pelanggan Air; Jumlah Pelanggan Air yang disalurkan; Pesrentasi Rumah tangga menurut penggunaan sumber air utama; Jumlah Guru; Jumlah Murid; Jumlah Anggota Dewan,/2/MTM5IzI=/jumlah-pelanggan-listrik.html; /2/MTQxIzI=/jumlah-pelanggan-air.html; /2/MTc4IzI=/jumlah-pelanggan-air-yang-disalurkan.html; /2/MTg5IzI=/pesrentasi-rumah-tangga-menurut-penggunaan-sumber-air-utama.html; /2/NTcjMg==/jumlah-guru.html; /2/NTYjMg==/jumlah-murid.html; /2/MTEwIzI=/jumlah-anggota-dewan.html,3.0,76.0,Air Disalurkan
121,2021,Tanete Rilau,2178407425.0,Data Tersedia,2024-04-26 01:37:20,Jumlah Pelanggan Air,558.0,Energi,140.0,,MTM5IzI=; MTQxIzI=; MTc4IzI=; MTg5IzI=; NTcjMg==; NTYjMg==; MTEwIzI=,Jumlah Pelanggan Listrik; Jumlah Pelanggan Air; Jumlah Pelanggan Air yang disalurkan; Pesrentasi Rumah tangga menurut penggunaan sumber air utama; Jumlah Guru; Jumlah Murid; Jumlah Anggota Dewan,/2/MTM5IzI=/jumlah-pelanggan-listrik.html; /2/MTQxIzI=/jumlah-pelanggan-air.html; /2/MTc4IzI=/jumlah-pelanggan-air-yang-disalurkan.html; /2/MTg5IzI=/pesrentasi-rumah-tangga-menurut-penggunaan-sumber-air-utama.html; /2/NTcjMg==/jumlah-guru.html; /2/NTYjMg==/jumlah-murid.html; /2/MTEwIzI=/jumlah-anggota-dewan.html,3.0,77.0,Nilai
121,2021,Barru,5263.0,Data Tersedia,2024-04-26 01:37:20,Jumlah Pelanggan Air,558.0,Energi,140.0,,MTM5IzI=; MTQxIzI=; MTc4IzI=; MTg5IzI=; NTcjMg==; NTYjMg==; MTEwIzI=,Jumlah Pelanggan Listrik; Jumlah Pelanggan Air; Jumlah Pelanggan Air yang disalurkan; Pesrentasi Rumah tangga menurut penggunaan sumber air utama; Jumlah Guru; Jumlah Murid; Jumlah Anggota Dewan,/2/MTM5IzI=/jumlah-pelanggan-listrik.html; /2/MTQxIzI=/jumlah-pelanggan-air.html; /2/MTc4IzI=/jumlah-pelanggan-air-yang-disalurkan.html; /2/MTg5IzI=/pesrentasi-rumah-tangga-menurut-penggunaan-sumber-air-utama.html; /2/NTcjMg==/jumlah-guru.html; /2/NTYjMg==/jumlah-murid.html; /2/MTEwIzI=/jumlah-anggota-dewan.html,4.0,75.0,Pelanggan
121,2021,Barru,829400.0,Data Tersedia,2024-04-26 01:37:20,Jumlah Pelanggan Air,558.0,Energi,140.0,,MTM5IzI=; MTQxIzI=; MTc4IzI=; MTg5IzI=; NTcjMg==; NTYjMg==; MTEwIzI=,Jumlah Pelanggan Listrik; Jumlah Pelanggan Air; Jumlah Pelanggan Air yang disalurkan; Pesrentasi Rumah tangga menurut penggunaan sumber air utama; Jumlah Guru; Jumlah Murid; Jumlah Anggota Dewan,/2/MTM5IzI=/jumlah-pelanggan-listrik.html; /2/MTQxIzI=/jumlah-pelanggan-air.html; /2/MTc4IzI=/jumlah-pelanggan-air-yang-disalurkan.html; /2/MTg5IzI=/pesrentasi-rumah-tangga-menurut-penggunaan-sumber-air-utama.html; /2/NTcjMg==/jumlah-guru.html; /2/NTYjMg==/jumlah-murid.html; /2/MTEwIzI=/jumlah-anggota-dewan.html,4.0,76.0,Air Disalurkan
121,2021,Barru,4480906225.0,Data Tersedia,2024-04-26 01:37:20,Jumlah Pelanggan Air,558.0,Energi,140.0,,MTM5IzI=; MTQxIzI=; MTc4IzI=; MTg5IzI=; NTcjMg==; NTYjMg==; MTEwIzI=,Jumlah Pelanggan Listrik; Jumlah Pelanggan Air; Jumlah Pelanggan Air yang disalurkan; Pesrentasi Rumah tangga menurut penggunaan sumber air utama; Jumlah Guru; Jumlah Murid; Jumlah Anggota Dewan,/2/MTM5IzI=/jumlah-pelanggan-listrik.html; /2/MTQxIzI=/jumlah-pelanggan-air.html; /2/MTc4IzI=/jumlah-pelanggan-air-yang-disalurkan.html; /2/MTg5IzI=/pesrentasi-rumah-tangga-menurut-penggunaan-sumber-air-utama.html; /2/NTcjMg==/jumlah-guru.html; /2/NTYjMg==/jumlah-murid.html; /2/MTEwIzI=/jumlah-anggota-dewan.html,4.0,77.0,Nilai
121,2021,Soppeng Riaja,482.0,Data Tersedia,2024-04-26 01:37:20,Jumlah Pelanggan Air,558.0,Energi,140.0,,MTM5IzI=; MTQxIzI=; MTc4IzI=; MTg5IzI=; NTcjMg==; NTYjMg==; MTEwIzI=,Jumlah Pelanggan Listrik; Jumlah Pelanggan Air; Jumlah Pelanggan Air yang disalurkan; Pesrentasi Rumah tangga menurut penggunaan sumber air utama; Jumlah Guru; Jumlah Murid; Jumlah Anggota Dewan,/2/MTM5IzI=/jumlah-pelanggan-listrik.html; /2/MTQxIzI=/jumlah-pelanggan-air.html; /2/MTc4IzI=/jumlah-pelanggan-air-yang-disalurkan.html; /2/MTg5IzI=/pesrentasi-rumah-tangga-menurut-penggunaan-sumber-air-utama.html; /2/NTcjMg==/jumlah-guru.html; /2/NTYjMg==/jumlah-murid.html; /2/MTEwIzI=/jumlah-anggota-dewan.html,5.0,75.0,Pelanggan
121,2021,Soppeng Riaja,46063.0,Data Tersedia,2024-04-26 01:37:20,Jumlah Pelanggan Air,558.0,Energi,140.0,,MTM5IzI=; MTQxIzI=; MTc4IzI=; MTg5IzI=; NTcjMg==; NTYjMg==; MTEwIzI=,Jumlah Pelanggan Listrik; Jumlah Pelanggan Air; Jumlah Pelanggan Air yang disalurkan; Pesrentasi Rumah tangga menurut penggunaan sumber air utama; Jumlah Guru; Jumlah Murid; Jumlah Anggota Dewan,/2/MTM5IzI=/jumlah-pelanggan-listrik.html; /2/MTQxIzI=/jumlah-pelanggan-air.html; /2/MTc4IzI=/jumlah-pelanggan-air-yang-disalurkan.html; /2/MTg5IzI=/pesrentasi-rumah-tangga-menurut-penggunaan-sumber-air-utama.html; /2/NTcjMg==/jumlah-guru.html; /2/NTYjMg==/jumlah-murid.html; /2/MTEwIzI=/jumlah-anggota-dewan.html,5.0,76.0,Air Disalurkan
121,2021,Soppeng Riaja,298148575.0,Data Tersedia,2024-04-26 01:37:20,Jumlah Pelanggan Air,558.0,Energi,140.0,,MTM5IzI=; MTQxIzI=; MTc4IzI=; MTg5IzI=; NTcjMg==; NTYjMg==; MTEwIzI=,Jumlah Pelanggan Listrik; Jumlah Pelanggan Air; Jumlah Pelanggan Air yang disalurkan; Pesrentasi Rumah tangga menurut penggunaan sumber air utama; Jumlah Guru; Jumlah Murid; Jumlah Anggota Dewan,/2/MTM5IzI=/jumlah-pelanggan-listrik.html; /2/MTQxIzI=/jumlah-pelanggan-air.html; /2/MTc4IzI=/jumlah-pelanggan-air-yang-disalurkan.html; /2/MTg5IzI=/pesrentasi-rumah-tangga-menurut-penggunaan-sumber-air-utama.html; /2/NTcjMg==/jumlah-guru.html; /2/NTYjMg==/jumlah-murid.html; /2/MTEwIzI=/jumlah-anggota-dewan.html,5.0,77.0,Nilai
121,2021,Balusu,698.0,Data Tersedia,2024-04-26 01:37:20,Jumlah Pelanggan Air,558.0,Energi,140.0,,MTM5IzI=; MTQxIzI=; MTc4IzI=; MTg5IzI=; NTcjMg==; NTYjMg==; MTEwIzI=,Jumlah Pelanggan Listrik; Jumlah Pelanggan Air; Jumlah Pelanggan Air yang disalurkan; Pesrentasi Rumah tangga menurut penggunaan sumber air utama; Jumlah Guru; Jumlah Murid; Jumlah Anggota Dewan,/2/MTM5IzI=/jumlah-pelanggan-listrik.html; /2/MTQxIzI=/jumlah-pelanggan-air.html; /2/MTc4IzI=/jumlah-pelanggan-air-yang-disalurkan.html; /2/MTg5IzI=/pesrentasi-rumah-tangga-menurut-penggunaan-sumber-air-utama.html; /2/NTcjMg==/jumlah-guru.html; /2/NTYjMg==/jumlah-murid.html; /2/MTEwIzI=/jumlah-anggota-dewan.html,6.0,75.0,Pelanggan
121,2021,Balusu,106070.0,Data Tersedia,2024-04-26 01:37:20,Jumlah Pelanggan Air,558.0,Energi,140.0,,MTM5IzI=; MTQxIzI=; MTc4IzI=; MTg5IzI=; NTcjMg==; NTYjMg==; MTEwIzI=,Jumlah Pelanggan Listrik; Jumlah Pelanggan Air; Jumlah Pelanggan Air yang disalurkan; Pesrentasi Rumah tangga menurut penggunaan sumber air utama; Jumlah Guru; Jumlah Murid; Jumlah Anggota Dewan,/2/MTM5IzI=/jumlah-pelanggan-listrik.html; /2/MTQxIzI=/jumlah-pelanggan-air.html; /2/MTc4IzI=/jumlah-pelanggan-air-yang-disalurkan.html; /2/MTg5IzI=/pesrentasi-rumah-tangga-menurut-penggunaan-sumber-air-utama.html; /2/NTcjMg==/jumlah-guru.html; /2/NTYjMg==/jumlah-murid.html; /2/MTEwIzI=/jumlah-anggota-dewan.html,6.0,76.0,Air Disalurkan
121,2021,Balusu,564052175.0,Data Tersedia,2024-04-26 01:37:20,Jumlah Pelanggan Air,558.0,Energi,140.0,,MTM5IzI=; MTQxIzI=; MTc4IzI=; MTg5IzI=; NTcjMg==; NTYjMg==; MTEwIzI=,Jumlah Pelanggan Listrik; Jumlah Pelanggan Air; Jumlah Pelanggan Air yang disalurkan; Pesrentasi Rumah tangga menurut penggunaan sumber air utama; Jumlah Guru; Jumlah Murid; Jumlah Anggota Dewan,/2/MTM5IzI=/jumlah-pelanggan-listrik.html; /2/MTQxIzI=/jumlah-pelanggan-air.html; /2/MTc4IzI=/jumlah-pelanggan-air-yang-disalurkan.html; /2/MTg5IzI=/pesrentasi-rumah-tangga-menurut-penggunaan-sumber-air-utama.html; /2/NTcjMg==/jumlah-guru.html; /2/NTYjMg==/jumlah-murid.html; /2/MTEwIzI=/jumlah-anggota-dewan.html,6.0,77.0,Nilai
121,2021,Mallusetasi,752.0,Data Tersedia,2024-04-26 01:37:20,Jumlah Pelanggan Air,558.0,Energi,140.0,,MTM5IzI=; MTQxIzI=; MTc4IzI=; MTg5IzI=; NTcjMg==; NTYjMg==; MTEwIzI=,Jumlah Pelanggan Listrik; Jumlah Pelanggan Air; Jumlah Pelanggan Air yang disalurkan; Pesrentasi Rumah tangga menurut penggunaan sumber air utama; Jumlah Guru; Jumlah Murid; Jumlah Anggota Dewan,/2/MTM5IzI=/jumlah-pelanggan-listrik.html; /2/MTQxIzI=/jumlah-pelanggan-air.html; /2/MTc4IzI=/jumlah-pelanggan-air-yang-disalurkan.html; /2/MTg5IzI=/pesrentasi-rumah-tangga-menurut-penggunaan-sumber-air-utama.html; /2/NTcjMg==/jumlah-guru.html; /2/NTYjMg==/jumlah-murid.html; /2/MTEwIzI=/jumlah-anggota-dewan.html,7.0,75.0,Pelanggan
121,2021,Mallusetasi,71685.0,Data Tersedia,2024-04-26 01:37:20,Jumlah Pelanggan Air,558.0,Energi,140.0,,MTM5IzI=; MTQxIzI=; MTc4IzI=; MTg5IzI=; NTcjMg==; NTYjMg==; MTEwIzI=,Jumlah Pelanggan Listrik; Jumlah Pelanggan Air; Jumlah Pelanggan Air yang disalurkan; Pesrentasi Rumah tangga menurut penggunaan sumber air utama; Jumlah Guru; Jumlah Murid; Jumlah Anggota Dewan,/2/MTM5IzI=/jumlah-pelanggan-listrik.html; /2/MTQxIzI=/jumlah-pelanggan-air.html; /2/MTc4IzI=/jumlah-pelanggan-air-yang-disalurkan.html; /2/MTg5IzI=/pesrentasi-rumah-tangga-menurut-penggunaan-sumber-air-utama.html; /2/NTcjMg==/jumlah-guru.html; /2/NTYjMg==/jumlah-murid.html; /2/MTEwIzI=/jumlah-anggota-dewan.html,7.0,76.0,Air Disalurkan
121,2021,Mallusetasi,388612825.0,Data Tersedia,2024-04-26 01:37:20,Jumlah Pelanggan Air,558.0,Energi,140.0,,MTM5IzI=; MTQxIzI=; MTc4IzI=; MTg5IzI=; NTcjMg==; NTYjMg==; MTEwIzI=,Jumlah Pelanggan Listrik; Jumlah Pelanggan Air; Jumlah Pelanggan Air yang disalurkan; Pesrentasi Rumah tangga menurut penggunaan sumber air utama; Jumlah Guru; Jumlah Murid; Jumlah Anggota Dewan,/2/MTM5IzI=/jumlah-pelanggan-listrik.html; /2/MTQxIzI=/jumlah-pelanggan-air.html; /2/MTc4IzI=/jumlah-pelanggan-air-yang-disalurkan.html; /2/MTg5IzI=/pesrentasi-rumah-tangga-menurut-penggunaan-sumber-air-utama.html; /2/NTcjMg==/jumlah-guru.html; /2/NTYjMg==/jumlah-murid.html; /2/MTEwIzI=/jumlah-anggota-dewan.html,7.0,77.0,Nilai
121,2021,Kabupaten Barru,11418.0,Data Tersedia,2024-04-26 01:37:20,Jumlah Pelanggan Air,558.0,Energi,140.0,,MTM5IzI=; MTQxIzI=; MTc4IzI=; MTg5IzI=; NTcjMg==; NTYjMg==; MTEwIzI=,Jumlah Pelanggan Listrik; Jumlah Pelanggan Air; Jumlah Pelanggan Air yang disalurkan; Pesrentasi Rumah tangga menurut penggunaan sumber air utama; Jumlah Guru; Jumlah Murid; Jumlah Anggota Dewan,/2/MTM5IzI=/jumlah-pelanggan-listrik.html; /2/MTQxIzI=/jumlah-pelanggan-air.html; /2/MTc4IzI=/jumlah-pelanggan-air-yang-disalurkan.html; /2/MTg5IzI=/pesrentasi-rumah-tangga-menurut-penggunaan-sumber-air-utama.html; /2/NTcjMg==/jumlah-guru.html; /2/NTYjMg==/jumlah-murid.html; /2/MTEwIzI=/jumlah-anggota-dewan.html,8.0,75.0,Pelanggan
121,2021,Kabupaten Barru,1661503.0,Data Tersedia,2024-04-26 01:37:20,Jumlah Pelanggan Air,558.0,Energi,140.0,,MTM5IzI=; MTQxIzI=; MTc4IzI=; MTg5IzI=; NTcjMg==; NTYjMg==; MTEwIzI=,Jumlah Pelanggan Listrik; Jumlah Pelanggan Air; Jumlah Pelanggan Air yang disalurkan; Pesrentasi Rumah tangga menurut penggunaan sumber air utama; Jumlah Guru; Jumlah Murid; Jumlah Anggota Dewan,/2/MTM5IzI=/jumlah-pelanggan-listrik.html; /2/MTQxIzI=/jumlah-pelanggan-air.html; /2/MTc4IzI=/jumlah-pelanggan-air-yang-disalurkan.html; /2/MTg5IzI=/pesrentasi-rumah-tangga-menurut-penggunaan-sumber-air-utama.html; /2/NTcjMg==/jumlah-guru.html; /2/NTYjMg==/jumlah-murid.html; /2/MTEwIzI=/jumlah-anggota-dewan.html,8.0,76.0,Air Disalurkan
121,2021,Kabupaten Barru,8435796950.0,Data Tersedia,2024-04-26 01:37:20,Jumlah Pelanggan Air,558.0,Energi,140.0,,MTM5IzI=; MTQxIzI=; MTc4IzI=; MTg5IzI=; NTcjMg==; NTYjMg==; MTEwIzI=,Jumlah Pelanggan Listrik; Jumlah Pelanggan Air; Jumlah Pelanggan Air yang disalurkan; Pesrentasi Rumah tangga menurut penggunaan sumber air utama; Jumlah Guru; Jumlah Murid; Jumlah Anggota Dewan,/2/MTM5IzI=/jumlah-pelanggan-listrik.html; /2/MTQxIzI=/jumlah-pelanggan-air.html; /2/MTc4IzI=/jumlah-pelanggan-air-yang-disalurkan.html; /2/MTg5IzI=/pesrentasi-rumah-tangga-menurut-penggunaan-sumber-air-utama.html; /2/NTcjMg==/jumlah-guru.html; /2/NTYjMg==/jumlah-murid.html; /2/MTEwIzI=/jumlah-anggota-dewan.html,8.0,77.0,Nilai
122,2022,Tanete Riaja,946.0,Data Tersedia,2024-04-26 01:37:20,Jumlah Pelanggan Air,558.0,Energi,140.0,,MTM5IzI=; MTQxIzI=; MTc4IzI=; MTg5IzI=; NTcjMg==; NTYjMg==; MTEwIzI=,Jumlah Pelanggan Listrik; Jumlah Pelanggan Air; Jumlah Pelanggan Air yang disalurkan; Pesrentasi Rumah tangga menurut penggunaan sumber air utama; Jumlah Guru; Jumlah Murid; Jumlah Anggota Dewan,/2/MTM5IzI=/jumlah-pelanggan-listrik.html; /2/MTQxIzI=/jumlah-pelanggan-air.html; /2/MTc4IzI=/jumlah-pelanggan-air-yang-disalurkan.html; /2/MTg5IzI=/pesrentasi-rumah-tangga-menurut-penggunaan-sumber-air-utama.html; /2/NTcjMg==/jumlah-guru.html; /2/NTYjMg==/jumlah-murid.html; /2/MTEwIzI=/jumlah-anggota-dewan.html,1.0,75.0,Pelanggan
122,2022,Tanete Riaja,128087.0,Data Tersedia,2024-04-26 01:37:20,Jumlah Pelanggan Air,558.0,Energi,140.0,,MTM5IzI=; MTQxIzI=; MTc4IzI=; MTg5IzI=; NTcjMg==; NTYjMg==; MTEwIzI=,Jumlah Pelanggan Listrik; Jumlah Pelanggan Air; Jumlah Pelanggan Air yang disalurkan; Pesrentasi Rumah tangga menurut penggunaan sumber air utama; Jumlah Guru; Jumlah Murid; Jumlah Anggota Dewan,/2/MTM5IzI=/jumlah-pelanggan-listrik.html; /2/MTQxIzI=/jumlah-pelanggan-air.html; /2/MTc4IzI=/jumlah-pelanggan-air-yang-disalurkan.html; /2/MTg5IzI=/pesrentasi-rumah-tangga-menurut-penggunaan-sumber-air-utama.html; /2/NTcjMg==/jumlah-guru.html; /2/NTYjMg==/jumlah-murid.html; /2/MTEwIzI=/jumlah-anggota-dewan.html,1.0,76.0,Air Disalurkan
122,2022,Tanete Riaja,588522800.0,Data Tersedia,2024-04-26 01:37:20,Jumlah Pelanggan Air,558.0,Energi,140.0,,MTM5IzI=; MTQxIzI=; MTc4IzI=; MTg5IzI=; NTcjMg==; NTYjMg==; MTEwIzI=,Jumlah Pelanggan Listrik; Jumlah Pelanggan Air; Jumlah Pelanggan Air yang disalurkan; Pesrentasi Rumah tangga menurut penggunaan sumber air utama; Jumlah Guru; Jumlah Murid; Jumlah Anggota Dewan,/2/MTM5IzI=/jumlah-pelanggan-listrik.html; /2/MTQxIzI=/jumlah-pelanggan-air.html; /2/MTc4IzI=/jumlah-pelanggan-air-yang-disalurkan.html; /2/MTg5IzI=/pesrentasi-rumah-tangga-menurut-penggunaan-sumber-air-utama.html; /2/NTcjMg==/jumlah-guru.html; /2/NTYjMg==/jumlah-murid.html; /2/MTEwIzI=/jumlah-anggota-dewan.html,1.0,77.0,Nilai
122,2022,Pujananting,,Data Tidak Ditemukan,2024-04-26 01:37:20,Jumlah Pelanggan Air,558.0,Energi,140.0,,MTM5IzI=; MTQxIzI=; MTc4IzI=; MTg5IzI=; NTcjMg==; NTYjMg==; MTEwIzI=,Jumlah Pelanggan Listrik; Jumlah Pelanggan Air; Jumlah Pelanggan Air yang disalurkan; Pesrentasi Rumah tangga menurut penggunaan sumber air utama; Jumlah Guru; Jumlah Murid; Jumlah Anggota Dewan,/2/MTM5IzI=/jumlah-pelanggan-listrik.html; /2/MTQxIzI=/jumlah-pelanggan-air.html; /2/MTc4IzI=/jumlah-pelanggan-air-yang-disalurkan.html; /2/MTg5IzI=/pesrentasi-rumah-tangga-menurut-penggunaan-sumber-air-utama.html; /2/NTcjMg==/jumlah-guru.html; /2/NTYjMg==/jumlah-murid.html; /2/MTEwIzI=/jumlah-anggota-dewan.html,2.0,75.0,Pelanggan
122,2022,Pujananting,,Data Tidak Ditemukan,2024-04-26 01:37:20,Jumlah Pelanggan Air,558.0,Energi,140.0,,MTM5IzI=; MTQxIzI=; MTc4IzI=; MTg5IzI=; NTcjMg==; NTYjMg==; MTEwIzI=,Jumlah Pelanggan Listrik; Jumlah Pelanggan Air; Jumlah Pelanggan Air yang disalurkan; Pesrentasi Rumah tangga menurut penggunaan sumber air utama; Jumlah Guru; Jumlah Murid; Jumlah Anggota Dewan,/2/MTM5IzI=/jumlah-pelanggan-listrik.html; /2/MTQxIzI=/jumlah-pelanggan-air.html; /2/MTc4IzI=/jumlah-pelanggan-air-yang-disalurkan.html; /2/MTg5IzI=/pesrentasi-rumah-tangga-menurut-penggunaan-sumber-air-utama.html; /2/NTcjMg==/jumlah-guru.html; /2/NTYjMg==/jumlah-murid.html; /2/MTEwIzI=/jumlah-anggota-dewan.html,2.0,76.0,Air Disalurkan
122,2022,Pujananting,,Data Tidak Ditemukan,2024-04-26 01:37:20,Jumlah Pelanggan Air,558.0,Energi,140.0,,MTM5IzI=; MTQxIzI=; MTc4IzI=; MTg5IzI=; NTcjMg==; NTYjMg==; MTEwIzI=,Jumlah Pelanggan Listrik; Jumlah Pelanggan Air; Jumlah Pelanggan Air yang disalurkan; Pesrentasi Rumah tangga menurut penggunaan sumber air utama; Jumlah Guru; Jumlah Murid; Jumlah Anggota Dewan,/2/MTM5IzI=/jumlah-pelanggan-listrik.html; /2/MTQxIzI=/jumlah-pelanggan-air.html; /2/MTc4IzI=/jumlah-pelanggan-air-yang-disalurkan.html; /2/MTg5IzI=/pesrentasi-rumah-tangga-menurut-penggunaan-sumber-air-utama.html; /2/NTcjMg==/jumlah-guru.html; /2/NTYjMg==/jumlah-murid.html; /2/MTEwIzI=/jumlah-anggota-dewan.html,2.0,77.0,Nilai
122,2022,Tanete Rilau,3386.0,Data Tersedia,2024-04-26 01:37:20,Jumlah Pelanggan Air,558.0,Energi,140.0,,MTM5IzI=; MTQxIzI=; MTc4IzI=; MTg5IzI=; NTcjMg==; NTYjMg==; MTEwIzI=,Jumlah Pelanggan Listrik; Jumlah Pelanggan Air; Jumlah Pelanggan Air yang disalurkan; Pesrentasi Rumah tangga menurut penggunaan sumber air utama; Jumlah Guru; Jumlah Murid; Jumlah Anggota Dewan,/2/MTM5IzI=/jumlah-pelanggan-listrik.html; /2/MTQxIzI=/jumlah-pelanggan-air.html; /2/MTc4IzI=/jumlah-pelanggan-air-yang-disalurkan.html; /2/MTg5IzI=/pesrentasi-rumah-tangga-menurut-penggunaan-sumber-air-utama.html; /2/NTcjMg==/jumlah-guru.html; /2/NTYjMg==/jumlah-murid.html; /2/MTEwIzI=/jumlah-anggota-dewan.html,3.0,75.0,Pelanggan
122,2022,Tanete Rilau,505142.0,Data Tersedia,2024-04-26 01:37:20,Jumlah Pelanggan Air,558.0,Energi,140.0,,MTM5IzI=; MTQxIzI=; MTc4IzI=; MTg5IzI=; NTcjMg==; NTYjMg==; MTEwIzI=,Jumlah Pelanggan Listrik; Jumlah Pelanggan Air; Jumlah Pelanggan Air yang disalurkan; Pesrentasi Rumah tangga menurut penggunaan sumber air utama; Jumlah Guru; Jumlah Murid; Jumlah Anggota Dewan,/2/MTM5IzI=/jumlah-pelanggan-listrik.html; /2/MTQxIzI=/jumlah-pelanggan-air.html; /2/MTc4IzI=/jumlah-pelanggan-air-yang-disalurkan.html; /2/MTg5IzI=/pesrentasi-rumah-tangga-menurut-penggunaan-sumber-air-utama.html; /2/NTcjMg==/jumlah-guru.html; /2/NTYjMg==/jumlah-murid.html; /2/MTEwIzI=/jumlah-anggota-dewan.html,3.0,76.0,Air Disalurkan
122,2022,Tanete Rilau,2280006825.0,Data Tersedia,2024-04-26 01:37:20,Jumlah Pelanggan Air,558.0,Energi,140.0,,MTM5IzI=; MTQxIzI=; MTc4IzI=; MTg5IzI=; NTcjMg==; NTYjMg==; MTEwIzI=,Jumlah Pelanggan Listrik; Jumlah Pelanggan Air; Jumlah Pelanggan Air yang disalurkan; Pesrentasi Rumah tangga menurut penggunaan sumber air utama; Jumlah Guru; Jumlah Murid; Jumlah Anggota Dewan,/2/MTM5IzI=/jumlah-pelanggan-listrik.html; /2/MTQxIzI=/jumlah-pelanggan-air.html; /2/MTc4IzI=/jumlah-pelanggan-air-yang-disalurkan.html; /2/MTg5IzI=/pesrentasi-rumah-tangga-menurut-penggunaan-sumber-air-utama.html; /2/NTcjMg==/jumlah-guru.html; /2/NTYjMg==/jumlah-murid.html; /2/MTEwIzI=/jumlah-anggota-dewan.html,3.0,77.0,Nilai
122,2022,Barru,5450.0,Data Tersedia,2024-04-26 01:37:20,Jumlah Pelanggan Air,558.0,Energi,140.0,,MTM5IzI=; MTQxIzI=; MTc4IzI=; MTg5IzI=; NTcjMg==; NTYjMg==; MTEwIzI=,Jumlah Pelanggan Listrik; Jumlah Pelanggan Air; Jumlah Pelanggan Air yang disalurkan; Pesrentasi Rumah tangga menurut penggunaan sumber air utama; Jumlah Guru; Jumlah Murid; Jumlah Anggota Dewan,/2/MTM5IzI=/jumlah-pelanggan-listrik.html; /2/MTQxIzI=/jumlah-pelanggan-air.html; /2/MTc4IzI=/jumlah-pelanggan-air-yang-disalurkan.html; /2/MTg5IzI=/pesrentasi-rumah-tangga-menurut-penggunaan-sumber-air-utama.html; /2/NTcjMg==/jumlah-guru.html; /2/NTYjMg==/jumlah-murid.html; /2/MTEwIzI=/jumlah-anggota-dewan.html,4.0,75.0,Pelanggan
122,2022,Barru,881342.0,Data Tersedia,2024-04-26 01:37:20,Jumlah Pelanggan Air,558.0,Energi,140.0,,MTM5IzI=; MTQxIzI=; MTc4IzI=; MTg5IzI=; NTcjMg==; NTYjMg==; MTEwIzI=,Jumlah Pelanggan Listrik; Jumlah Pelanggan Air; Jumlah Pelanggan Air yang disalurkan; Pesrentasi Rumah tangga menurut penggunaan sumber air utama; Jumlah Guru; Jumlah Murid; Jumlah Anggota Dewan,/2/MTM5IzI=/jumlah-pelanggan-listrik.html; /2/MTQxIzI=/jumlah-pelanggan-air.html; /2/MTc4IzI=/jumlah-pelanggan-air-yang-disalurkan.html; /2/MTg5IzI=/pesrentasi-rumah-tangga-menurut-penggunaan-sumber-air-utama.html; /2/NTcjMg==/jumlah-guru.html; /2/NTYjMg==/jumlah-murid.html; /2/MTEwIzI=/jumlah-anggota-dewan.html,4.0,76.0,Air Disalurkan
122,2022,Barru,4760788375.0,Data Tersedia,2024-04-26 01:37:20,Jumlah Pelanggan Air,558.0,Energi,140.0,,MTM5IzI=; MTQxIzI=; MTc4IzI=; MTg5IzI=; NTcjMg==; NTYjMg==; MTEwIzI=,Jumlah Pelanggan Listrik; Jumlah Pelanggan Air; Jumlah Pelanggan Air yang disalurkan; Pesrentasi Rumah tangga menurut penggunaan sumber air utama; Jumlah Guru; Jumlah Murid; Jumlah Anggota Dewan,/2/MTM5IzI=/jumlah-pelanggan-listrik.html; /2/MTQxIzI=/jumlah-pelanggan-air.html; /2/MTc4IzI=/jumlah-pelanggan-air-yang-disalurkan.html; /2/MTg5IzI=/pesrentasi-rumah-tangga-menurut-penggunaan-sumber-air-utama.html; /2/NTcjMg==/jumlah-guru.html; /2/NTYjMg==/jumlah-murid.html; /2/MTEwIzI=/jumlah-anggota-dewan.html,4.0,77.0,Nilai
122,2022,Soppeng Riaja,482.0,Data Tersedia,2024-04-26 01:37:20,Jumlah Pelanggan Air,558.0,Energi,140.0,,MTM5IzI=; MTQxIzI=; MTc4IzI=; MTg5IzI=; NTcjMg==; NTYjMg==; MTEwIzI=,Jumlah Pelanggan Listrik; Jumlah Pelanggan Air; Jumlah Pelanggan Air yang disalurkan; Pesrentasi Rumah tangga menurut penggunaan sumber air utama; Jumlah Guru; Jumlah Murid; Jumlah Anggota Dewan,/2/MTM5IzI=/jumlah-pelanggan-listrik.html; /2/MTQxIzI=/jumlah-pelanggan-air.html; /2/MTc4IzI=/jumlah-pelanggan-air-yang-disalurkan.html; /2/MTg5IzI=/pesrentasi-rumah-tangga-menurut-penggunaan-sumber-air-utama.html; /2/NTcjMg==/jumlah-guru.html; /2/NTYjMg==/jumlah-murid.html; /2/MTEwIzI=/jumlah-anggota-dewan.html,5.0,75.0,Pelanggan
122,2022,Soppeng Riaja,58040.0,Data Tersedia,2024-04-26 01:37:20,Jumlah Pelanggan Air,558.0,Energi,140.0,,MTM5IzI=; MTQxIzI=; MTc4IzI=; MTg5IzI=; NTcjMg==; NTYjMg==; MTEwIzI=,Jumlah Pelanggan Listrik; Jumlah Pelanggan Air; Jumlah Pelanggan Air yang disalurkan; Pesrentasi Rumah tangga menurut penggunaan sumber air utama; Jumlah Guru; Jumlah Murid; Jumlah Anggota Dewan,/2/MTM5IzI=/jumlah-pelanggan-listrik.html; /2/MTQxIzI=/jumlah-pelanggan-air.html; /2/MTc4IzI=/jumlah-pelanggan-air-yang-disalurkan.html; /2/MTg5IzI=/pesrentasi-rumah-tangga-menurut-penggunaan-sumber-air-utama.html; /2/NTcjMg==/jumlah-guru.html; /2/NTYjMg==/jumlah-murid.html; /2/MTEwIzI=/jumlah-anggota-dewan.html,5.0,76.0,Air Disalurkan
122,2022,Soppeng Riaja,357565650.0,Data Tersedia,2024-04-26 01:37:20,Jumlah Pelanggan Air,558.0,Energi,140.0,,MTM5IzI=; MTQxIzI=; MTc4IzI=; MTg5IzI=; NTcjMg==; NTYjMg==; MTEwIzI=,Jumlah Pelanggan Listrik; Jumlah Pelanggan Air; Jumlah Pelanggan Air yang disalurkan; Pesrentasi Rumah tangga menurut penggunaan sumber air utama; Jumlah Guru; Jumlah Murid; Jumlah Anggota Dewan,/2/MTM5IzI=/jumlah-pelanggan-listrik.html; /2/MTQxIzI=/jumlah-pelanggan-air.html; /2/MTc4IzI=/jumlah-pelanggan-air-yang-disalurkan.html; /2/MTg5IzI=/pesrentasi-rumah-tangga-menurut-penggunaan-sumber-air-utama.html; /2/NTcjMg==/jumlah-guru.html; /2/NTYjMg==/jumlah-murid.html; /2/MTEwIzI=/jumlah-anggota-dewan.html,5.0,77.0,Nilai
122,2022,Balusu,753.0,Data Tersedia,2024-04-26 01:37:20,Jumlah Pelanggan Air,558.0,Energi,140.0,,MTM5IzI=; MTQxIzI=; MTc4IzI=; MTg5IzI=; NTcjMg==; NTYjMg==; MTEwIzI=,Jumlah Pelanggan Listrik; Jumlah Pelanggan Air; Jumlah Pelanggan Air yang disalurkan; Pesrentasi Rumah tangga menurut penggunaan sumber air utama; Jumlah Guru; Jumlah Murid; Jumlah Anggota Dewan,/2/MTM5IzI=/jumlah-pelanggan-listrik.html; /2/MTQxIzI=/jumlah-pelanggan-air.html; /2/MTc4IzI=/jumlah-pelanggan-air-yang-disalurkan.html; /2/MTg5IzI=/pesrentasi-rumah-tangga-menurut-penggunaan-sumber-air-utama.html; /2/NTcjMg==/jumlah-guru.html; /2/NTYjMg==/jumlah-murid.html; /2/MTEwIzI=/jumlah-anggota-dewan.html,6.0,75.0,Pelanggan
122,2022,Balusu,116810.0,Data Tersedia,2024-04-26 01:37:20,Jumlah Pelanggan Air,558.0,Energi,140.0,,MTM5IzI=; MTQxIzI=; MTc4IzI=; MTg5IzI=; NTcjMg==; NTYjMg==; MTEwIzI=,Jumlah Pelanggan Listrik; Jumlah Pelanggan Air; Jumlah Pelanggan Air yang disalurkan; Pesrentasi Rumah tangga menurut penggunaan sumber air utama; Jumlah Guru; Jumlah Murid; Jumlah Anggota Dewan,/2/MTM5IzI=/jumlah-pelanggan-listrik.html; /2/MTQxIzI=/jumlah-pelanggan-air.html; /2/MTc4IzI=/jumlah-pelanggan-air-yang-disalurkan.html; /2/MTg5IzI=/pesrentasi-rumah-tangga-menurut-penggunaan-sumber-air-utama.html; /2/NTcjMg==/jumlah-guru.html; /2/NTYjMg==/jumlah-murid.html; /2/MTEwIzI=/jumlah-anggota-dewan.html,6.0,76.0,Air Disalurkan
122,2022,Balusu,689979125.0,Data Tersedia,2024-04-26 01:37:20,Jumlah Pelanggan Air,558.0,Energi,140.0,,MTM5IzI=; MTQxIzI=; MTc4IzI=; MTg5IzI=; NTcjMg==; NTYjMg==; MTEwIzI=,Jumlah Pelanggan Listrik; Jumlah Pelanggan Air; Jumlah Pelanggan Air yang disalurkan; Pesrentasi Rumah tangga menurut penggunaan sumber air utama; Jumlah Guru; Jumlah Murid; Jumlah Anggota Dewan,/2/MTM5IzI=/jumlah-pelanggan-listrik.html; /2/MTQxIzI=/jumlah-pelanggan-air.html; /2/MTc4IzI=/jumlah-pelanggan-air-yang-disalurkan.html; /2/MTg5IzI=/pesrentasi-rumah-tangga-menurut-penggunaan-sumber-air-utama.html; /2/NTcjMg==/jumlah-guru.html; /2/NTYjMg==/jumlah-murid.html; /2/MTEwIzI=/jumlah-anggota-dewan.html,6.0,77.0,Nilai
122,2022,Mallusetasi,731.0,Data Tersedia,2024-04-26 01:37:20,Jumlah Pelanggan Air,558.0,Energi,140.0,,MTM5IzI=; MTQxIzI=; MTc4IzI=; MTg5IzI=; NTcjMg==; NTYjMg==; MTEwIzI=,Jumlah Pelanggan Listrik; Jumlah Pelanggan Air; Jumlah Pelanggan Air yang disalurkan; Pesrentasi Rumah tangga menurut penggunaan sumber air utama; Jumlah Guru; Jumlah Murid; Jumlah Anggota Dewan,/2/MTM5IzI=/jumlah-pelanggan-listrik.html; /2/MTQxIzI=/jumlah-pelanggan-air.html; /2/MTc4IzI=/jumlah-pelanggan-air-yang-disalurkan.html; /2/MTg5IzI=/pesrentasi-rumah-tangga-menurut-penggunaan-sumber-air-utama.html; /2/NTcjMg==/jumlah-guru.html; /2/NTYjMg==/jumlah-murid.html; /2/MTEwIzI=/jumlah-anggota-dewan.html,7.0,75.0,Pelanggan
122,2022,Mallusetasi,72171.0,Data Tersedia,2024-04-26 01:37:20,Jumlah Pelanggan Air,558.0,Energi,140.0,,MTM5IzI=; MTQxIzI=; MTc4IzI=; MTg5IzI=; NTcjMg==; NTYjMg==; MTEwIzI=,Jumlah Pelanggan Listrik; Jumlah Pelanggan Air; Jumlah Pelanggan Air yang disalurkan; Pesrentasi Rumah tangga menurut penggunaan sumber air utama; Jumlah Guru; Jumlah Murid; Jumlah Anggota Dewan,/2/MTM5IzI=/jumlah-pelanggan-listrik.html; /2/MTQxIzI=/jumlah-pelanggan-air.html; /2/MTc4IzI=/jumlah-pelanggan-air-yang-disalurkan.html; /2/MTg5IzI=/pesrentasi-rumah-tangga-menurut-penggunaan-sumber-air-utama.html; /2/NTcjMg==/jumlah-guru.html; /2/NTYjMg==/jumlah-murid.html; /2/MTEwIzI=/jumlah-anggota-dewan.html,7.0,76.0,Air Disalurkan
122,2022,Mallusetasi,390493075.0,Data Tersedia,2024-04-26 01:37:20,Jumlah Pelanggan Air,558.0,Energi,140.0,,MTM5IzI=; MTQxIzI=; MTc4IzI=; MTg5IzI=; NTcjMg==; NTYjMg==; MTEwIzI=,Jumlah Pelanggan Listrik; Jumlah Pelanggan Air; Jumlah Pelanggan Air yang disalurkan; Pesrentasi Rumah tangga menurut penggunaan sumber air utama; Jumlah Guru; Jumlah Murid; Jumlah Anggota Dewan,/2/MTM5IzI=/jumlah-pelanggan-listrik.html; /2/MTQxIzI=/jumlah-pelanggan-air.html; /2/MTc4IzI=/jumlah-pelanggan-air-yang-disalurkan.html; /2/MTg5IzI=/pesrentasi-rumah-tangga-menurut-penggunaan-sumber-air-utama.html; /2/NTcjMg==/jumlah-guru.html; /2/NTYjMg==/jumlah-murid.html; /2/MTEwIzI=/jumlah-anggota-dewan.html,7.0,77.0,Nilai
122,2022,Kabupaten Barru,11748.0,Data Tersedia,2024-04-26 01:37:20,Jumlah Pelanggan Air,558.0,Energi,140.0,,MTM5IzI=; MTQxIzI=; MTc4IzI=; MTg5IzI=; NTcjMg==; NTYjMg==; MTEwIzI=,Jumlah Pelanggan Listrik; Jumlah Pelanggan Air; Jumlah Pelanggan Air yang disalurkan; Pesrentasi Rumah tangga menurut penggunaan sumber air utama; Jumlah Guru; Jumlah Murid; Jumlah Anggota Dewan,/2/MTM5IzI=/jumlah-pelanggan-listrik.html; /2/MTQxIzI=/jumlah-pelanggan-air.html; /2/MTc4IzI=/jumlah-pelanggan-air-yang-disalurkan.html; /2/MTg5IzI=/pesrentasi-rumah-tangga-menurut-penggunaan-sumber-air-utama.html; /2/NTcjMg==/jumlah-guru.html; /2/NTYjMg==/jumlah-murid.html; /2/MTEwIzI=/jumlah-anggota-dewan.html,8.0,75.0,Pelanggan
122,2022,Kabupaten Barru,1761592.0,Data Tersedia,2024-04-26 01:37:20,Jumlah Pelanggan Air,558.0,Energi,140.0,,MTM5IzI=; MTQxIzI=; MTc4IzI=; MTg5IzI=; NTcjMg==; NTYjMg==; MTEwIzI=,Jumlah Pelanggan Listrik; Jumlah Pelanggan Air; Jumlah Pelanggan Air yang disalurkan; Pesrentasi Rumah tangga menurut penggunaan sumber air utama; Jumlah Guru; Jumlah Murid; Jumlah Anggota Dewan,/2/MTM5IzI=/jumlah-pelanggan-listrik.html; /2/MTQxIzI=/jumlah-pelanggan-air.html; /2/MTc4IzI=/jumlah-pelanggan-air-yang-disalurkan.html; /2/MTg5IzI=/pesrentasi-rumah-tangga-menurut-penggunaan-sumber-air-utama.html; /2/NTcjMg==/jumlah-guru.html; /2/NTYjMg==/jumlah-murid.html; /2/MTEwIzI=/jumlah-anggota-dewan.html,8.0,76.0,Air Disalurkan
122,2022,Kabupaten Barru,9067355850.0,Data Tersedia,2024-04-26 01:37:20,Jumlah Pelanggan Air,558.0,Energi,140.0,,MTM5IzI=; MTQxIzI=; MTc4IzI=; MTg5IzI=; NTcjMg==; NTYjMg==; MTEwIzI=,Jumlah Pelanggan Listrik; Jumlah Pelanggan Air; Jumlah Pelanggan Air yang disalurkan; Pesrentasi Rumah tangga menurut penggunaan sumber air utama; Jumlah Guru; Jumlah Murid; Jumlah Anggota Dewan,/2/MTM5IzI=/jumlah-pelanggan-listrik.html; /2/MTQxIzI=/jumlah-pelanggan-air.html; /2/MTc4IzI=/jumlah-pelanggan-air-yang-disalurkan.html; /2/MTg5IzI=/pesrentasi-rumah-tangga-menurut-penggunaan-sumber-air-utama.html; /2/NTcjMg==/jumlah-guru.html; /2/NTYjMg==/jumlah-murid.html; /2/MTEwIzI=/jumlah-anggota-dewan.html,8.0,77.0,Nilai
123,,Tanete Riaja,,Data Tidak Ditemukan,2024-04-26 01:37:20,Jumlah Pelanggan Air,558.0,Energi,140.0,,MTM5IzI=; MTQxIzI=; MTc4IzI=; MTg5IzI=; NTcjMg==; NTYjMg==; MTEwIzI=,Jumlah Pelanggan Listrik; Jumlah Pelanggan Air; Jumlah Pelanggan Air yang disalurkan; Pesrentasi Rumah tangga menurut penggunaan sumber air utama; Jumlah Guru; Jumlah Murid; Jumlah Anggota Dewan,/2/MTM5IzI=/jumlah-pelanggan-listrik.html; /2/MTQxIzI=/jumlah-pelanggan-air.html; /2/MTc4IzI=/jumlah-pelanggan-air-yang-disalurkan.html; /2/MTg5IzI=/pesrentasi-rumah-tangga-menurut-penggunaan-sumber-air-utama.html; /2/NTcjMg==/jumlah-guru.html; /2/NTYjMg==/jumlah-murid.html; /2/MTEwIzI=/jumlah-anggota-dewan.html,1.0,75.0,Pelanggan
123,,Tanete Riaja,,Data Tidak Ditemukan,2024-04-26 01:37:20,Jumlah Pelanggan Air,558.0,Energi,140.0,,MTM5IzI=; MTQxIzI=; MTc4IzI=; MTg5IzI=; NTcjMg==; NTYjMg==; MTEwIzI=,Jumlah Pelanggan Listrik; Jumlah Pelanggan Air; Jumlah Pelanggan Air yang disalurkan; Pesrentasi Rumah tangga menurut penggunaan sumber air utama; Jumlah Guru; Jumlah Murid; Jumlah Anggota Dewan,/2/MTM5IzI=/jumlah-pelanggan-listrik.html; /2/MTQxIzI=/jumlah-pelanggan-air.html; /2/MTc4IzI=/jumlah-pelanggan-air-yang-disalurkan.html; /2/MTg5IzI=/pesrentasi-rumah-tangga-menurut-penggunaan-sumber-air-utama.html; /2/NTcjMg==/jumlah-guru.html; /2/NTYjMg==/jumlah-murid.html; /2/MTEwIzI=/jumlah-anggota-dewan.html,1.0,76.0,Air Disalurkan
123,,Tanete Riaja,,Data Tidak Ditemukan,2024-04-26 01:37:20,Jumlah Pelanggan Air,558.0,Energi,140.0,,MTM5IzI=; MTQxIzI=; MTc4IzI=; MTg5IzI=; NTcjMg==; NTYjMg==; MTEwIzI=,Jumlah Pelanggan Listrik; Jumlah Pelanggan Air; Jumlah Pelanggan Air yang disalurkan; Pesrentasi Rumah tangga menurut penggunaan sumber air utama; Jumlah Guru; Jumlah Murid; Jumlah Anggota Dewan,/2/MTM5IzI=/jumlah-pelanggan-listrik.html; /2/MTQxIzI=/jumlah-pelanggan-air.html; /2/MTc4IzI=/jumlah-pelanggan-air-yang-disalurkan.html; /2/MTg5IzI=/pesrentasi-rumah-tangga-menurut-penggunaan-sumber-air-utama.html; /2/NTcjMg==/jumlah-guru.html; /2/NTYjMg==/jumlah-murid.html; /2/MTEwIzI=/jumlah-anggota-dewan.html,1.0,77.0,Nilai
123,,Pujananting,,Data Tidak Ditemukan,2024-04-26 01:37:20,Jumlah Pelanggan Air,558.0,Energi,140.0,,MTM5IzI=; MTQxIzI=; MTc4IzI=; MTg5IzI=; NTcjMg==; NTYjMg==; MTEwIzI=,Jumlah Pelanggan Listrik; Jumlah Pelanggan Air; Jumlah Pelanggan Air yang disalurkan; Pesrentasi Rumah tangga menurut penggunaan sumber air utama; Jumlah Guru; Jumlah Murid; Jumlah Anggota Dewan,/2/MTM5IzI=/jumlah-pelanggan-listrik.html; /2/MTQxIzI=/jumlah-pelanggan-air.html; /2/MTc4IzI=/jumlah-pelanggan-air-yang-disalurkan.html; /2/MTg5IzI=/pesrentasi-rumah-tangga-menurut-penggunaan-sumber-air-utama.html; /2/NTcjMg==/jumlah-guru.html; /2/NTYjMg==/jumlah-murid.html; /2/MTEwIzI=/jumlah-anggota-dewan.html,2.0,75.0,Pelanggan
123,,Pujananting,,Data Tidak Ditemukan,2024-04-26 01:37:20,Jumlah Pelanggan Air,558.0,Energi,140.0,,MTM5IzI=; MTQxIzI=; MTc4IzI=; MTg5IzI=; NTcjMg==; NTYjMg==; MTEwIzI=,Jumlah Pelanggan Listrik; Jumlah Pelanggan Air; Jumlah Pelanggan Air yang disalurkan; Pesrentasi Rumah tangga menurut penggunaan sumber air utama; Jumlah Guru; Jumlah Murid; Jumlah Anggota Dewan,/2/MTM5IzI=/jumlah-pelanggan-listrik.html; /2/MTQxIzI=/jumlah-pelanggan-air.html; /2/MTc4IzI=/jumlah-pelanggan-air-yang-disalurkan.html; /2/MTg5IzI=/pesrentasi-rumah-tangga-menurut-penggunaan-sumber-air-utama.html; /2/NTcjMg==/jumlah-guru.html; /2/NTYjMg==/jumlah-murid.html; /2/MTEwIzI=/jumlah-anggota-dewan.html,2.0,76.0,Air Disalurkan
123,,Pujananting,,Data Tidak Ditemukan,2024-04-26 01:37:20,Jumlah Pelanggan Air,558.0,Energi,140.0,,MTM5IzI=; MTQxIzI=; MTc4IzI=; MTg5IzI=; NTcjMg==; NTYjMg==; MTEwIzI=,Jumlah Pelanggan Listrik; Jumlah Pelanggan Air; Jumlah Pelanggan Air yang disalurkan; Pesrentasi Rumah tangga menurut penggunaan sumber air utama; Jumlah Guru; Jumlah Murid; Jumlah Anggota Dewan,/2/MTM5IzI=/jumlah-pelanggan-listrik.html; /2/MTQxIzI=/jumlah-pelanggan-air.html; /2/MTc4IzI=/jumlah-pelanggan-air-yang-disalurkan.html; /2/MTg5IzI=/pesrentasi-rumah-tangga-menurut-penggunaan-sumber-air-utama.html; /2/NTcjMg==/jumlah-guru.html; /2/NTYjMg==/jumlah-murid.html; /2/MTEwIzI=/jumlah-anggota-dewan.html,2.0,77.0,Nilai
123,,Tanete Rilau,,Data Tidak Ditemukan,2024-04-26 01:37:20,Jumlah Pelanggan Air,558.0,Energi,140.0,,MTM5IzI=; MTQxIzI=; MTc4IzI=; MTg5IzI=; NTcjMg==; NTYjMg==; MTEwIzI=,Jumlah Pelanggan Listrik; Jumlah Pelanggan Air; Jumlah Pelanggan Air yang disalurkan; Pesrentasi Rumah tangga menurut penggunaan sumber air utama; Jumlah Guru; Jumlah Murid; Jumlah Anggota Dewan,/2/MTM5IzI=/jumlah-pelanggan-listrik.html; /2/MTQxIzI=/jumlah-pelanggan-air.html; /2/MTc4IzI=/jumlah-pelanggan-air-yang-disalurkan.html; /2/MTg5IzI=/pesrentasi-rumah-tangga-menurut-penggunaan-sumber-air-utama.html; /2/NTcjMg==/jumlah-guru.html; /2/NTYjMg==/jumlah-murid.html; /2/MTEwIzI=/jumlah-anggota-dewan.html,3.0,75.0,Pelanggan
123,,Tanete Rilau,,Data Tidak Ditemukan,2024-04-26 01:37:20,Jumlah Pelanggan Air,558.0,Energi,140.0,,MTM5IzI=; MTQxIzI=; MTc4IzI=; MTg5IzI=; NTcjMg==; NTYjMg==; MTEwIzI=,Jumlah Pelanggan Listrik; Jumlah Pelanggan Air; Jumlah Pelanggan Air yang disalurkan; Pesrentasi Rumah tangga menurut penggunaan sumber air utama; Jumlah Guru; Jumlah Murid; Jumlah Anggota Dewan,/2/MTM5IzI=/jumlah-pelanggan-listrik.html; /2/MTQxIzI=/jumlah-pelanggan-air.html; /2/MTc4IzI=/jumlah-pelanggan-air-yang-disalurkan.html; /2/MTg5IzI=/pesrentasi-rumah-tangga-menurut-penggunaan-sumber-air-utama.html; /2/NTcjMg==/jumlah-guru.html; /2/NTYjMg==/jumlah-murid.html; /2/MTEwIzI=/jumlah-anggota-dewan.html,3.0,76.0,Air Disalurkan
123,,Tanete Rilau,,Data Tidak Ditemukan,2024-04-26 01:37:20,Jumlah Pelanggan Air,558.0,Energi,140.0,,MTM5IzI=; MTQxIzI=; MTc4IzI=; MTg5IzI=; NTcjMg==; NTYjMg==; MTEwIzI=,Jumlah Pelanggan Listrik; Jumlah Pelanggan Air; Jumlah Pelanggan Air yang disalurkan; Pesrentasi Rumah tangga menurut penggunaan sumber air utama; Jumlah Guru; Jumlah Murid; Jumlah Anggota Dewan,/2/MTM5IzI=/jumlah-pelanggan-listrik.html; /2/MTQxIzI=/jumlah-pelanggan-air.html; /2/MTc4IzI=/jumlah-pelanggan-air-yang-disalurkan.html; /2/MTg5IzI=/pesrentasi-rumah-tangga-menurut-penggunaan-sumber-air-utama.html; /2/NTcjMg==/jumlah-guru.html; /2/NTYjMg==/jumlah-murid.html; /2/MTEwIzI=/jumlah-anggota-dewan.html,3.0,77.0,Nilai
123,,Barru,,Data Tidak Ditemukan,2024-04-26 01:37:20,Jumlah Pelanggan Air,558.0,Energi,140.0,,MTM5IzI=; MTQxIzI=; MTc4IzI=; MTg5IzI=; NTcjMg==; NTYjMg==; MTEwIzI=,Jumlah Pelanggan Listrik; Jumlah Pelanggan Air; Jumlah Pelanggan Air yang disalurkan; Pesrentasi Rumah tangga menurut penggunaan sumber air utama; Jumlah Guru; Jumlah Murid; Jumlah Anggota Dewan,/2/MTM5IzI=/jumlah-pelanggan-listrik.html; /2/MTQxIzI=/jumlah-pelanggan-air.html; /2/MTc4IzI=/jumlah-pelanggan-air-yang-disalurkan.html; /2/MTg5IzI=/pesrentasi-rumah-tangga-menurut-penggunaan-sumber-air-utama.html; /2/NTcjMg==/jumlah-guru.html; /2/NTYjMg==/jumlah-murid.html; /2/MTEwIzI=/jumlah-anggota-dewan.html,4.0,75.0,Pelanggan
123,,Barru,,Data Tidak Ditemukan,2024-04-26 01:37:20,Jumlah Pelanggan Air,558.0,Energi,140.0,,MTM5IzI=; MTQxIzI=; MTc4IzI=; MTg5IzI=; NTcjMg==; NTYjMg==; MTEwIzI=,Jumlah Pelanggan Listrik; Jumlah Pelanggan Air; Jumlah Pelanggan Air yang disalurkan; Pesrentasi Rumah tangga menurut penggunaan sumber air utama; Jumlah Guru; Jumlah Murid; Jumlah Anggota Dewan,/2/MTM5IzI=/jumlah-pelanggan-listrik.html; /2/MTQxIzI=/jumlah-pelanggan-air.html; /2/MTc4IzI=/jumlah-pelanggan-air-yang-disalurkan.html; /2/MTg5IzI=/pesrentasi-rumah-tangga-menurut-penggunaan-sumber-air-utama.html; /2/NTcjMg==/jumlah-guru.html; /2/NTYjMg==/jumlah-murid.html; /2/MTEwIzI=/jumlah-anggota-dewan.html,4.0,76.0,Air Disalurkan
123,,Barru,,Data Tidak Ditemukan,2024-04-26 01:37:20,Jumlah Pelanggan Air,558.0,Energi,140.0,,MTM5IzI=; MTQxIzI=; MTc4IzI=; MTg5IzI=; NTcjMg==; NTYjMg==; MTEwIzI=,Jumlah Pelanggan Listrik; Jumlah Pelanggan Air; Jumlah Pelanggan Air yang disalurkan; Pesrentasi Rumah tangga menurut penggunaan sumber air utama; Jumlah Guru; Jumlah Murid; Jumlah Anggota Dewan,/2/MTM5IzI=/jumlah-pelanggan-listrik.html; /2/MTQxIzI=/jumlah-pelanggan-air.html; /2/MTc4IzI=/jumlah-pelanggan-air-yang-disalurkan.html; /2/MTg5IzI=/pesrentasi-rumah-tangga-menurut-penggunaan-sumber-air-utama.html; /2/NTcjMg==/jumlah-guru.html; /2/NTYjMg==/jumlah-murid.html; /2/MTEwIzI=/jumlah-anggota-dewan.html,4.0,77.0,Nilai
123,,Soppeng Riaja,,Data Tidak Ditemukan,2024-04-26 01:37:20,Jumlah Pelanggan Air,558.0,Energi,140.0,,MTM5IzI=; MTQxIzI=; MTc4IzI=; MTg5IzI=; NTcjMg==; NTYjMg==; MTEwIzI=,Jumlah Pelanggan Listrik; Jumlah Pelanggan Air; Jumlah Pelanggan Air yang disalurkan; Pesrentasi Rumah tangga menurut penggunaan sumber air utama; Jumlah Guru; Jumlah Murid; Jumlah Anggota Dewan,/2/MTM5IzI=/jumlah-pelanggan-listrik.html; /2/MTQxIzI=/jumlah-pelanggan-air.html; /2/MTc4IzI=/jumlah-pelanggan-air-yang-disalurkan.html; /2/MTg5IzI=/pesrentasi-rumah-tangga-menurut-penggunaan-sumber-air-utama.html; /2/NTcjMg==/jumlah-guru.html; /2/NTYjMg==/jumlah-murid.html; /2/MTEwIzI=/jumlah-anggota-dewan.html,5.0,75.0,Pelanggan
123,,Soppeng Riaja,,Data Tidak Ditemukan,2024-04-26 01:37:20,Jumlah Pelanggan Air,558.0,Energi,140.0,,MTM5IzI=; MTQxIzI=; MTc4IzI=; MTg5IzI=; NTcjMg==; NTYjMg==; MTEwIzI=,Jumlah Pelanggan Listrik; Jumlah Pelanggan Air; Jumlah Pelanggan Air yang disalurkan; Pesrentasi Rumah tangga menurut penggunaan sumber air utama; Jumlah Guru; Jumlah Murid; Jumlah Anggota Dewan,/2/MTM5IzI=/jumlah-pelanggan-listrik.html; /2/MTQxIzI=/jumlah-pelanggan-air.html; /2/MTc4IzI=/jumlah-pelanggan-air-yang-disalurkan.html; /2/MTg5IzI=/pesrentasi-rumah-tangga-menurut-penggunaan-sumber-air-utama.html; /2/NTcjMg==/jumlah-guru.html; /2/NTYjMg==/jumlah-murid.html; /2/MTEwIzI=/jumlah-anggota-dewan.html,5.0,76.0,Air Disalurkan
123,,Soppeng Riaja,,Data Tidak Ditemukan,2024-04-26 01:37:20,Jumlah Pelanggan Air,558.0,Energi,140.0,,MTM5IzI=; MTQxIzI=; MTc4IzI=; MTg5IzI=; NTcjMg==; NTYjMg==; MTEwIzI=,Jumlah Pelanggan Listrik; Jumlah Pelanggan Air; Jumlah Pelanggan Air yang disalurkan; Pesrentasi Rumah tangga menurut penggunaan sumber air utama; Jumlah Guru; Jumlah Murid; Jumlah Anggota Dewan,/2/MTM5IzI=/jumlah-pelanggan-listrik.html; /2/MTQxIzI=/jumlah-pelanggan-air.html; /2/MTc4IzI=/jumlah-pelanggan-air-yang-disalurkan.html; /2/MTg5IzI=/pesrentasi-rumah-tangga-menurut-penggunaan-sumber-air-utama.html; /2/NTcjMg==/jumlah-guru.html; /2/NTYjMg==/jumlah-murid.html; /2/MTEwIzI=/jumlah-anggota-dewan.html,5.0,77.0,Nilai
123,,Balusu,,Data Tidak Ditemukan,2024-04-26 01:37:20,Jumlah Pelanggan Air,558.0,Energi,140.0,,MTM5IzI=; MTQxIzI=; MTc4IzI=; MTg5IzI=; NTcjMg==; NTYjMg==; MTEwIzI=,Jumlah Pelanggan Listrik; Jumlah Pelanggan Air; Jumlah Pelanggan Air yang disalurkan; Pesrentasi Rumah tangga menurut penggunaan sumber air utama; Jumlah Guru; Jumlah Murid; Jumlah Anggota Dewan,/2/MTM5IzI=/jumlah-pelanggan-listrik.html; /2/MTQxIzI=/jumlah-pelanggan-air.html; /2/MTc4IzI=/jumlah-pelanggan-air-yang-disalurkan.html; /2/MTg5IzI=/pesrentasi-rumah-tangga-menurut-penggunaan-sumber-air-utama.html; /2/NTcjMg==/jumlah-guru.html; /2/NTYjMg==/jumlah-murid.html; /2/MTEwIzI=/jumlah-anggota-dewan.html,6.0,75.0,Pelanggan
123,,Balusu,,Data Tidak Ditemukan,2024-04-26 01:37:20,Jumlah Pelanggan Air,558.0,Energi,140.0,,MTM5IzI=; MTQxIzI=; MTc4IzI=; MTg5IzI=; NTcjMg==; NTYjMg==; MTEwIzI=,Jumlah Pelanggan Listrik; Jumlah Pelanggan Air; Jumlah Pelanggan Air yang disalurkan; Pesrentasi Rumah tangga menurut penggunaan sumber air utama; Jumlah Guru; Jumlah Murid; Jumlah Anggota Dewan,/2/MTM5IzI=/jumlah-pelanggan-listrik.html; /2/MTQxIzI=/jumlah-pelanggan-air.html; /2/MTc4IzI=/jumlah-pelanggan-air-yang-disalurkan.html; /2/MTg5IzI=/pesrentasi-rumah-tangga-menurut-penggunaan-sumber-air-utama.html; /2/NTcjMg==/jumlah-guru.html; /2/NTYjMg==/jumlah-murid.html; /2/MTEwIzI=/jumlah-anggota-dewan.html,6.0,76.0,Air Disalurkan
123,,Balusu,,Data Tidak Ditemukan,2024-04-26 01:37:20,Jumlah Pelanggan Air,558.0,Energi,140.0,,MTM5IzI=; MTQxIzI=; MTc4IzI=; MTg5IzI=; NTcjMg==; NTYjMg==; MTEwIzI=,Jumlah Pelanggan Listrik; Jumlah Pelanggan Air; Jumlah Pelanggan Air yang disalurkan; Pesrentasi Rumah tangga menurut penggunaan sumber air utama; Jumlah Guru; Jumlah Murid; Jumlah Anggota Dewan,/2/MTM5IzI=/jumlah-pelanggan-listrik.html; /2/MTQxIzI=/jumlah-pelanggan-air.html; /2/MTc4IzI=/jumlah-pelanggan-air-yang-disalurkan.html; /2/MTg5IzI=/pesrentasi-rumah-tangga-menurut-penggunaan-sumber-air-utama.html; /2/NTcjMg==/jumlah-guru.html; /2/NTYjMg==/jumlah-murid.html; /2/MTEwIzI=/jumlah-anggota-dewan.html,6.0,77.0,Nilai
123,,Mallusetasi,,Data Tidak Ditemukan,2024-04-26 01:37:20,Jumlah Pelanggan Air,558.0,Energi,140.0,,MTM5IzI=; MTQxIzI=; MTc4IzI=; MTg5IzI=; NTcjMg==; NTYjMg==; MTEwIzI=,Jumlah Pelanggan Listrik; Jumlah Pelanggan Air; Jumlah Pelanggan Air yang disalurkan; Pesrentasi Rumah tangga menurut penggunaan sumber air utama; Jumlah Guru; Jumlah Murid; Jumlah Anggota Dewan,/2/MTM5IzI=/jumlah-pelanggan-listrik.html; /2/MTQxIzI=/jumlah-pelanggan-air.html; /2/MTc4IzI=/jumlah-pelanggan-air-yang-disalurkan.html; /2/MTg5IzI=/pesrentasi-rumah-tangga-menurut-penggunaan-sumber-air-utama.html; /2/NTcjMg==/jumlah-guru.html; /2/NTYjMg==/jumlah-murid.html; /2/MTEwIzI=/jumlah-anggota-dewan.html,7.0,75.0,Pelanggan
123,,Mallusetasi,,Data Tidak Ditemukan,2024-04-26 01:37:20,Jumlah Pelanggan Air,558.0,Energi,140.0,,MTM5IzI=; MTQxIzI=; MTc4IzI=; MTg5IzI=; NTcjMg==; NTYjMg==; MTEwIzI=,Jumlah Pelanggan Listrik; Jumlah Pelanggan Air; Jumlah Pelanggan Air yang disalurkan; Pesrentasi Rumah tangga menurut penggunaan sumber air utama; Jumlah Guru; Jumlah Murid; Jumlah Anggota Dewan,/2/MTM5IzI=/jumlah-pelanggan-listrik.html; /2/MTQxIzI=/jumlah-pelanggan-air.html; /2/MTc4IzI=/jumlah-pelanggan-air-yang-disalurkan.html; /2/MTg5IzI=/pesrentasi-rumah-tangga-menurut-penggunaan-sumber-air-utama.html; /2/NTcjMg==/jumlah-guru.html; /2/NTYjMg==/jumlah-murid.html; /2/MTEwIzI=/jumlah-anggota-dewan.html,7.0,76.0,Air Disalurkan
123,,Mallusetasi,,Data Tidak Ditemukan,2024-04-26 01:37:20,Jumlah Pelanggan Air,558.0,Energi,140.0,,MTM5IzI=; MTQxIzI=; MTc4IzI=; MTg5IzI=; NTcjMg==; NTYjMg==; MTEwIzI=,Jumlah Pelanggan Listrik; Jumlah Pelanggan Air; Jumlah Pelanggan Air yang disalurkan; Pesrentasi Rumah tangga menurut penggunaan sumber air utama; Jumlah Guru; Jumlah Murid; Jumlah Anggota Dewan,/2/MTM5IzI=/jumlah-pelanggan-listrik.html; /2/MTQxIzI=/jumlah-pelanggan-air.html; /2/MTc4IzI=/jumlah-pelanggan-air-yang-disalurkan.html; /2/MTg5IzI=/pesrentasi-rumah-tangga-menurut-penggunaan-sumber-air-utama.html; /2/NTcjMg==/jumlah-guru.html; /2/NTYjMg==/jumlah-murid.html; /2/MTEwIzI=/jumlah-anggota-dewan.html,7.0,77.0,Nilai
123,,Kabupaten Barru,,Data Tidak Ditemukan,2024-04-26 01:37:20,Jumlah Pelanggan Air,558.0,Energi,140.0,,MTM5IzI=; MTQxIzI=; MTc4IzI=; MTg5IzI=; NTcjMg==; NTYjMg==; MTEwIzI=,Jumlah Pelanggan Listrik; Jumlah Pelanggan Air; Jumlah Pelanggan Air yang disalurkan; Pesrentasi Rumah tangga menurut penggunaan sumber air utama; Jumlah Guru; Jumlah Murid; Jumlah Anggota Dewan,/2/MTM5IzI=/jumlah-pelanggan-listrik.html; /2/MTQxIzI=/jumlah-pelanggan-air.html; /2/MTc4IzI=/jumlah-pelanggan-air-yang-disalurkan.html; /2/MTg5IzI=/pesrentasi-rumah-tangga-menurut-penggunaan-sumber-air-utama.html; /2/NTcjMg==/jumlah-guru.html; /2/NTYjMg==/jumlah-murid.html; /2/MTEwIzI=/jumlah-anggota-dewan.html,8.0,75.0,Pelanggan
123,,Kabupaten Barru,,Data Tidak Ditemukan,2024-04-26 01:37:20,Jumlah Pelanggan Air,558.0,Energi,140.0,,MTM5IzI=; MTQxIzI=; MTc4IzI=; MTg5IzI=; NTcjMg==; NTYjMg==; MTEwIzI=,Jumlah Pelanggan Listrik; Jumlah Pelanggan Air; Jumlah Pelanggan Air yang disalurkan; Pesrentasi Rumah tangga menurut penggunaan sumber air utama; Jumlah Guru; Jumlah Murid; Jumlah Anggota Dewan,/2/MTM5IzI=/jumlah-pelanggan-listrik.html; /2/MTQxIzI=/jumlah-pelanggan-air.html; /2/MTc4IzI=/jumlah-pelanggan-air-yang-disalurkan.html; /2/MTg5IzI=/pesrentasi-rumah-tangga-menurut-penggunaan-sumber-air-utama.html; /2/NTcjMg==/jumlah-guru.html; /2/NTYjMg==/jumlah-murid.html; /2/MTEwIzI=/jumlah-anggota-dewan.html,8.0,76.0,Air Disalurkan
123,,Kabupaten Barru,,Data Tidak Ditemukan,2024-04-26 01:37:20,Jumlah Pelanggan Air,558.0,Energi,140.0,,MTM5IzI=; MTQxIzI=; MTc4IzI=; MTg5IzI=; NTcjMg==; NTYjMg==; MTEwIzI=,Jumlah Pelanggan Listrik; Jumlah Pelanggan Air; Jumlah Pelanggan Air yang disalurkan; Pesrentasi Rumah tangga menurut penggunaan sumber air utama; Jumlah Guru; Jumlah Murid; Jumlah Anggota Dewan,/2/MTM5IzI=/jumlah-pelanggan-listrik.html; /2/MTQxIzI=/jumlah-pelanggan-air.html; /2/MTc4IzI=/jumlah-pelanggan-air-yang-disalurkan.html; /2/MTg5IzI=/pesrentasi-rumah-tangga-menurut-penggunaan-sumber-air-utama.html; /2/NTcjMg==/jumlah-guru.html; /2/NTYjMg==/jumlah-murid.html; /2/MTEwIzI=/jumlah-anggota-dewan.html,8.0,77.0,Nilai
124,,,,Data Tidak Ditemukan,,,,,,,,,,,,
125,,,,Data Tidak Ditemukan,,,,,,,,,,,,
