id_tahun,tahun,vervar_label,nilai,status,last_update,var_label,subject_id,subject_label,var_id,var_unit,related_ids,related_titles,related_links,vervar_id,turvar_id,turvar_label
100,,,,Data Tidak Ditemukan,,,,,,,,,,,,
101,,,,Data Tidak Ditemukan,,,,,,,,,,,,
102,,,,Data Tidak Ditemukan,,,,,,,,,,,,
103,,,,Data Tidak Ditemukan,,,,,,,,,,,,
104,,,,Data Tidak Ditemukan,,,,,,,,,,,,
105,,,,Data Tidak Ditemukan,,,,,,,,,,,,
106,,,,Data Tidak Ditemukan,,,,,,,,,,,,
107,,,,Data Tidak Ditemukan,,,,,,,,,,,,
108,,,,Data Tidak Ditemukan,,,,,,,,,,,,
109,,,,Data Tidak Ditemukan,,,,,,,,,,,,
110,,,,Data Tidak Ditemukan,,,,,,,,,,,,
111,,,,Data Tidak Ditemukan,,,,,,,,,,,,
112,,,,Data Tidak Ditemukan,,,,,,,,,,,,
113,,,,Data Tidak Ditemukan,,,,,,,,,,,,
114,,,,Data Tidak Ditemukan,,,,,,,,,,,,
115,,,,Data Tidak Ditemukan,,,,,,,,,,,,
116,2016,Tanete Riaja,5349.0,Data Tersedia,2024-04-17 11:06:49,Jumlah Pelanggan Listrik,558.0,Energi,139.0,,MTQwIzI=; MTQxIzI=; MTc4IzI=; MTM4IzI=; NTcjMg==; NTYjMg==; NTUjMg==,"Jumlah Pelanggan Air; Jumlah Pelanggan Air; Jumlah Pelanggan Air yang disalurkan; Daya Terpasang, Produksi, dan Distribusi Listrik PT. PLN (Persero) pada Cabang/Ranting PLN Menurut Kecamatan di Kabupaten Barru; Jumlah Guru; Jumlah Murid; Jumlah Sekolah",/2/MTQwIzI=/jumlah-pelanggan-air.html; /2/MTQxIzI=/jumlah-pelanggan-air.html; /2/MTc4IzI=/jumlah-pelanggan-air-yang-disalurkan.html; /2/MTM4IzI=/daya-terpasang--produksi--dan-distribusi-listrik-pt--pln--persero--pada-cabang-ranting-pln-menurut-kecamatan-di-kabupaten-barru.html; /2/NTcjMg==/jumlah-guru.html; /2/NTYjMg==/jumlah-murid.html; /2/NTUjMg==/jumlah-sekolah.html,1.0,0,Tidak ada
116,2016,Pujananting,3070.0,Data Tersedia,2024-04-17 11:06:49,Jumlah Pelanggan Listrik,558.0,Energi,139.0,,MTQwIzI=; MTQxIzI=; MTc4IzI=; MTM4IzI=; NTcjMg==; NTYjMg==; NTUjMg==,"Jumlah Pelanggan Air; Jumlah Pelanggan Air; Jumlah Pelanggan Air yang disalurkan; Daya Terpasang, Produksi, dan Distribusi Listrik PT. PLN (Persero) pada Cabang/Ranting PLN Menurut Kecamatan di Kabupaten Barru; Jumlah Guru; Jumlah Murid; Jumlah Sekolah",/2/MTQwIzI=/jumlah-pelanggan-air.html; /2/MTQxIzI=/jumlah-pelanggan-air.html; /2/MTc4IzI=/jumlah-pelanggan-air-yang-disalurkan.html; /2/MTM4IzI=/daya-terpasang--produksi--dan-distribusi-listrik-pt--pln--persero--pada-cabang-ranting-pln-menurut-kecamatan-di-kabupaten-barru.html; /2/NTcjMg==/jumlah-guru.html; /2/NTYjMg==/jumlah-murid.html; /2/NTUjMg==/jumlah-sekolah.html,2.0,0,Tidak ada
116,2016,Tanete Rilau,7928.0,Data Tersedia,2024-04-17 11:06:49,Jumlah Pelanggan Listrik,558.0,Energi,139.0,,MTQwIzI=; MTQxIzI=; MTc4IzI=; MTM4IzI=; NTcjMg==; NTYjMg==; NTUjMg==,"Jumlah Pelanggan Air; Jumlah Pelanggan Air; Jumlah Pelanggan Air yang disalurkan; Daya Terpasang, Produksi, dan Distribusi Listrik PT. PLN (Persero) pada Cabang/Ranting PLN Menurut Kecamatan di Kabupaten Barru; Jumlah Guru; Jumlah Murid; Jumlah Sekolah",/2/MTQwIzI=/jumlah-pelanggan-air.html; /2/MTQxIzI=/jumlah-pelanggan-air.html; /2/MTc4IzI=/jumlah-pelanggan-air-yang-disalurkan.html; /2/MTM4IzI=/daya-terpasang--produksi--dan-distribusi-listrik-pt--pln--persero--pada-cabang-ranting-pln-menurut-kecamatan-di-kabupaten-barru.html; /2/NTcjMg==/jumlah-guru.html; /2/NTYjMg==/jumlah-murid.html; /2/NTUjMg==/jumlah-sekolah.html,3.0,0,Tidak ada
116,2016,Barru,9751.0,Data Tersedia,2024-04-17 11:06:49,Jumlah Pelanggan Listrik,558.0,Energi,139.0,,MTQwIzI=; MTQxIzI=; MTc4IzI=; MTM4IzI=; NTcjMg==; NTYjMg==; NTUjMg==,"Jumlah Pelanggan Air; Jumlah Pelanggan Air; Jumlah Pelanggan Air yang disalurkan; Daya Terpasang, Produksi, dan Distribusi Listrik PT. PLN (Persero) pada Cabang/Ranting PLN Menurut Kecamatan di Kabupaten Barru; Jumlah Guru; Jumlah Murid; Jumlah Sekolah",/2/MTQwIzI=/jumlah-pelanggan-air.html; /2/MTQxIzI=/jumlah-pelanggan-air.html; /2/MTc4IzI=/jumlah-pelanggan-air-yang-disalurkan.html; /2/MTM4IzI=/daya-terpasang--produksi--dan-distribusi-listrik-pt--pln--persero--pada-cabang-ranting-pln-menurut-kecamatan-di-kabupaten-barru.html; /2/NTcjMg==/jumlah-guru.html; /2/NTYjMg==/jumlah-murid.html; /2/NTUjMg==/jumlah-sekolah.html,4.0,0,Tidak ada
116,2016,Soppeng Riaja,4186.0,Data Tersedia,2024-04-17 11:06:49,Jumlah Pelanggan Listrik,558.0,Energi,139.0,,MTQwIzI=; MTQxIzI=; MTc4IzI=; MTM4IzI=; NTcjMg==; NTYjMg==; NTUjMg==,"Jumlah Pelanggan Air; Jumlah Pelanggan Air; Jumlah Pelanggan Air yang disalurkan; Daya Terpasang, Produksi, dan Distribusi Listrik PT. PLN (Persero) pada Cabang/Ranting PLN Menurut Kecamatan di Kabupaten Barru; Jumlah Guru; Jumlah Murid; Jumlah Sekolah",/2/MTQwIzI=/jumlah-pelanggan-air.html; /2/MTQxIzI=/jumlah-pelanggan-air.html; /2/MTc4IzI=/jumlah-pelanggan-air-yang-disalurkan.html; /2/MTM4IzI=/daya-terpasang--produksi--dan-distribusi-listrik-pt--pln--persero--pada-cabang-ranting-pln-menurut-kecamatan-di-kabupaten-barru.html; /2/NTcjMg==/jumlah-guru.html; /2/NTYjMg==/jumlah-murid.html; /2/NTUjMg==/jumlah-sekolah.html,5.0,0,Tidak ada
116,2016,Balusu,4408.0,Data Tersedia,2024-04-17 11:06:49,Jumlah Pelanggan Listrik,558.0,Energi,139.0,,MTQwIzI=; MTQxIzI=; MTc4IzI=; MTM4IzI=; NTcjMg==; NTYjMg==; NTUjMg==,"Jumlah Pelanggan Air; Jumlah Pelanggan Air; Jumlah Pelanggan Air yang disalurkan; Daya Terpasang, Produksi, dan Distribusi Listrik PT. PLN (Persero) pada Cabang/Ranting PLN Menurut Kecamatan di Kabupaten Barru; Jumlah Guru; Jumlah Murid; Jumlah Sekolah",/2/MTQwIzI=/jumlah-pelanggan-air.html; /2/MTQxIzI=/jumlah-pelanggan-air.html; /2/MTc4IzI=/jumlah-pelanggan-air-yang-disalurkan.html; /2/MTM4IzI=/daya-terpasang--produksi--dan-distribusi-listrik-pt--pln--persero--pada-cabang-ranting-pln-menurut-kecamatan-di-kabupaten-barru.html; /2/NTcjMg==/jumlah-guru.html; /2/NTYjMg==/jumlah-murid.html; /2/NTUjMg==/jumlah-sekolah.html,6.0,0,Tidak ada
116,2016,Mallusetasi,5981.0,Data Tersedia,2024-04-17 11:06:49,Jumlah Pelanggan Listrik,558.0,Energi,139.0,,MTQwIzI=; MTQxIzI=; MTc4IzI=; MTM4IzI=; NTcjMg==; NTYjMg==; NTUjMg==,"Jumlah Pelanggan Air; Jumlah Pelanggan Air; Jumlah Pelanggan Air yang disalurkan; Daya Terpasang, Produksi, dan Distribusi Listrik PT. PLN (Persero) pada Cabang/Ranting PLN Menurut Kecamatan di Kabupaten Barru; Jumlah Guru; Jumlah Murid; Jumlah Sekolah",/2/MTQwIzI=/jumlah-pelanggan-air.html; /2/MTQxIzI=/jumlah-pelanggan-air.html; /2/MTc4IzI=/jumlah-pelanggan-air-yang-disalurkan.html; /2/MTM4IzI=/daya-terpasang--produksi--dan-distribusi-listrik-pt--pln--persero--pada-cabang-ranting-pln-menurut-kecamatan-di-kabupaten-barru.html; /2/NTcjMg==/jumlah-guru.html; /2/NTYjMg==/jumlah-murid.html; /2/NTUjMg==/jumlah-sekolah.html,7.0,0,Tidak ada
116,2016,Kabupaten Barru,40673.0,Data Tersedia,2024-04-17 11:06:49,Jumlah Pelanggan Listrik,558.0,Energi,139.0,,MTQwIzI=; MTQxIzI=; MTc4IzI=; MTM4IzI=; NTcjMg==; NTYjMg==; NTUjMg==,"Jumlah Pelanggan Air; Jumlah Pelanggan Air; Jumlah Pelanggan Air yang disalurkan; Daya Terpasang, Produksi, dan Distribusi Listrik PT. PLN (Persero) pada Cabang/Ranting PLN Menurut Kecamatan di Kabupaten Barru; Jumlah Guru; Jumlah Murid; Jumlah Sekolah",/2/MTQwIzI=/jumlah-pelanggan-air.html; /2/MTQxIzI=/jumlah-pelanggan-air.html; /2/MTc4IzI=/jumlah-pelanggan-air-yang-disalurkan.html; /2/MTM4IzI=/daya-terpasang--produksi--dan-distribusi-listrik-pt--pln--persero--pada-cabang-ranting-pln-menurut-kecamatan-di-kabupaten-barru.html; /2/NTcjMg==/jumlah-guru.html; /2/NTYjMg==/jumlah-murid.html; /2/NTUjMg==/jumlah-sekolah.html,8.0,0,Tidak ada
117,2017,Tanete Riaja,5645.0,Data Tersedia,2024-04-17 11:06:49,Jumlah Pelanggan Listrik,558.0,Energi,139.0,,MTQwIzI=; MTQxIzI=; MTc4IzI=; MTM4IzI=; NTcjMg==; NTYjMg==; NTUjMg==,"Jumlah Pelanggan Air; Jumlah Pelanggan Air; Jumlah Pelanggan Air yang disalurkan; Daya Terpasang, Produksi, dan Distribusi Listrik PT. PLN (Persero) pada Cabang/Ranting PLN Menurut Kecamatan di Kabupaten Barru; Jumlah Guru; Jumlah Murid; Jumlah Sekolah",/2/MTQwIzI=/jumlah-pelanggan-air.html; /2/MTQxIzI=/jumlah-pelanggan-air.html; /2/MTc4IzI=/jumlah-pelanggan-air-yang-disalurkan.html; /2/MTM4IzI=/daya-terpasang--produksi--dan-distribusi-listrik-pt--pln--persero--pada-cabang-ranting-pln-menurut-kecamatan-di-kabupaten-barru.html; /2/NTcjMg==/jumlah-guru.html; /2/NTYjMg==/jumlah-murid.html; /2/NTUjMg==/jumlah-sekolah.html,1.0,0,Tidak ada
117,2017,Pujananting,3240.0,Data Tersedia,2024-04-17 11:06:49,Jumlah Pelanggan Listrik,558.0,Energi,139.0,,MTQwIzI=; MTQxIzI=; MTc4IzI=; MTM4IzI=; NTcjMg==; NTYjMg==; NTUjMg==,"Jumlah Pelanggan Air; Jumlah Pelanggan Air; Jumlah Pelanggan Air yang disalurkan; Daya Terpasang, Produksi, dan Distribusi Listrik PT. PLN (Persero) pada Cabang/Ranting PLN Menurut Kecamatan di Kabupaten Barru; Jumlah Guru; Jumlah Murid; Jumlah Sekolah",/2/MTQwIzI=/jumlah-pelanggan-air.html; /2/MTQxIzI=/jumlah-pelanggan-air.html; /2/MTc4IzI=/jumlah-pelanggan-air-yang-disalurkan.html; /2/MTM4IzI=/daya-terpasang--produksi--dan-distribusi-listrik-pt--pln--persero--pada-cabang-ranting-pln-menurut-kecamatan-di-kabupaten-barru.html; /2/NTcjMg==/jumlah-guru.html; /2/NTYjMg==/jumlah-murid.html; /2/NTUjMg==/jumlah-sekolah.html,2.0,0,Tidak ada
117,2017,Tanete Rilau,8367.0,Data Tersedia,2024-04-17 11:06:49,Jumlah Pelanggan Listrik,558.0,Energi,139.0,,MTQwIzI=; MTQxIzI=; MTc4IzI=; MTM4IzI=; NTcjMg==; NTYjMg==; NTUjMg==,"Jumlah Pelanggan Air; Jumlah Pelanggan Air; Jumlah Pelanggan Air yang disalurkan; Daya Terpasang, Produksi, dan Distribusi Listrik PT. PLN (Persero) pada Cabang/Ranting PLN Menurut Kecamatan di Kabupaten Barru; Jumlah Guru; Jumlah Murid; Jumlah Sekolah",/2/MTQwIzI=/jumlah-pelanggan-air.html; /2/MTQxIzI=/jumlah-pelanggan-air.html; /2/MTc4IzI=/jumlah-pelanggan-air-yang-disalurkan.html; /2/MTM4IzI=/daya-terpasang--produksi--dan-distribusi-listrik-pt--pln--persero--pada-cabang-ranting-pln-menurut-kecamatan-di-kabupaten-barru.html; /2/NTcjMg==/jumlah-guru.html; /2/NTYjMg==/jumlah-murid.html; /2/NTUjMg==/jumlah-sekolah.html,3.0,0,Tidak ada
117,2017,Barru,8367.0,Data Tersedia,2024-04-17 11:06:49,Jumlah Pelanggan Listrik,558.0,Energi,139.0,,MTQwIzI=; MTQxIzI=; MTc4IzI=; MTM4IzI=; NTcjMg==; NTYjMg==; NTUjMg==,"Jumlah Pelanggan Air; Jumlah Pelanggan Air; Jumlah Pelanggan Air yang disalurkan; Daya Terpasang, Produksi, dan Distribusi Listrik PT. PLN (Persero) pada Cabang/Ranting PLN Menurut Kecamatan di Kabupaten Barru; Jumlah Guru; Jumlah Murid; Jumlah Sekolah",/2/MTQwIzI=/jumlah-pelanggan-air.html; /2/MTQxIzI=/jumlah-pelanggan-air.html; /2/MTc4IzI=/jumlah-pelanggan-air-yang-disalurkan.html; /2/MTM4IzI=/daya-terpasang--produksi--dan-distribusi-listrik-pt--pln--persero--pada-cabang-ranting-pln-menurut-kecamatan-di-kabupaten-barru.html; /2/NTcjMg==/jumlah-guru.html; /2/NTYjMg==/jumlah-murid.html; /2/NTUjMg==/jumlah-sekolah.html,4.0,0,Tidak ada
117,2017,Soppeng Riaja,4418.0,Data Tersedia,2024-04-17 11:06:49,Jumlah Pelanggan Listrik,558.0,Energi,139.0,,MTQwIzI=; MTQxIzI=; MTc4IzI=; MTM4IzI=; NTcjMg==; NTYjMg==; NTUjMg==,"Jumlah Pelanggan Air; Jumlah Pelanggan Air; Jumlah Pelanggan Air yang disalurkan; Daya Terpasang, Produksi, dan Distribusi Listrik PT. PLN (Persero) pada Cabang/Ranting PLN Menurut Kecamatan di Kabupaten Barru; Jumlah Guru; Jumlah Murid; Jumlah Sekolah",/2/MTQwIzI=/jumlah-pelanggan-air.html; /2/MTQxIzI=/jumlah-pelanggan-air.html; /2/MTc4IzI=/jumlah-pelanggan-air-yang-disalurkan.html; /2/MTM4IzI=/daya-terpasang--produksi--dan-distribusi-listrik-pt--pln--persero--pada-cabang-ranting-pln-menurut-kecamatan-di-kabupaten-barru.html; /2/NTcjMg==/jumlah-guru.html; /2/NTYjMg==/jumlah-murid.html; /2/NTUjMg==/jumlah-sekolah.html,5.0,0,Tidak ada
117,2017,Balusu,4652.0,Data Tersedia,2024-04-17 11:06:49,Jumlah Pelanggan Listrik,558.0,Energi,139.0,,MTQwIzI=; MTQxIzI=; MTc4IzI=; MTM4IzI=; NTcjMg==; NTYjMg==; NTUjMg==,"Jumlah Pelanggan Air; Jumlah Pelanggan Air; Jumlah Pelanggan Air yang disalurkan; Daya Terpasang, Produksi, dan Distribusi Listrik PT. PLN (Persero) pada Cabang/Ranting PLN Menurut Kecamatan di Kabupaten Barru; Jumlah Guru; Jumlah Murid; Jumlah Sekolah",/2/MTQwIzI=/jumlah-pelanggan-air.html; /2/MTQxIzI=/jumlah-pelanggan-air.html; /2/MTc4IzI=/jumlah-pelanggan-air-yang-disalurkan.html; /2/MTM4IzI=/daya-terpasang--produksi--dan-distribusi-listrik-pt--pln--persero--pada-cabang-ranting-pln-menurut-kecamatan-di-kabupaten-barru.html; /2/NTcjMg==/jumlah-guru.html; /2/NTYjMg==/jumlah-murid.html; /2/NTUjMg==/jumlah-sekolah.html,6.0,0,Tidak ada
117,2017,Mallusetasi,6312.0,Data Tersedia,2024-04-17 11:06:49,Jumlah Pelanggan Listrik,558.0,Energi,139.0,,MTQwIzI=; MTQxIzI=; MTc4IzI=; MTM4IzI=; NTcjMg==; NTYjMg==; NTUjMg==,"Jumlah Pelanggan Air; Jumlah Pelanggan Air; Jumlah Pelanggan Air yang disalurkan; Daya Terpasang, Produksi, dan Distribusi Listrik PT. PLN (Persero) pada Cabang/Ranting PLN Menurut Kecamatan di Kabupaten Barru; Jumlah Guru; Jumlah Murid; Jumlah Sekolah",/2/MTQwIzI=/jumlah-pelanggan-air.html; /2/MTQxIzI=/jumlah-pelanggan-air.html; /2/MTc4IzI=/jumlah-pelanggan-air-yang-disalurkan.html; /2/MTM4IzI=/daya-terpasang--produksi--dan-distribusi-listrik-pt--pln--persero--pada-cabang-ranting-pln-menurut-kecamatan-di-kabupaten-barru.html; /2/NTcjMg==/jumlah-guru.html; /2/NTYjMg==/jumlah-murid.html; /2/NTUjMg==/jumlah-sekolah.html,7.0,0,Tidak ada
117,2017,Kabupaten Barru,41001.0,Data Tersedia,2024-04-17 11:06:49,Jumlah Pelanggan Listrik,558.0,Energi,139.0,,MTQwIzI=; MTQxIzI=; MTc4IzI=; MTM4IzI=; NTcjMg==; NTYjMg==; NTUjMg==,"Jumlah Pelanggan Air; Jumlah Pelanggan Air; Jumlah Pelanggan Air yang disalurkan; Daya Terpasang, Produksi, dan Distribusi Listrik PT. PLN (Persero) pada Cabang/Ranting PLN Menurut Kecamatan di Kabupaten Barru; Jumlah Guru; Jumlah Murid; Jumlah Sekolah",/2/MTQwIzI=/jumlah-pelanggan-air.html; /2/MTQxIzI=/jumlah-pelanggan-air.html; /2/MTc4IzI=/jumlah-pelanggan-air-yang-disalurkan.html; /2/MTM4IzI=/daya-terpasang--produksi--dan-distribusi-listrik-pt--pln--persero--pada-cabang-ranting-pln-menurut-kecamatan-di-kabupaten-barru.html; /2/NTcjMg==/jumlah-guru.html; /2/NTYjMg==/jumlah-murid.html; /2/NTUjMg==/jumlah-sekolah.html,8.0,0,Tidak ada
118,2018,Tanete Riaja,5960.0,Data Tersedia,2024-04-17 11:06:49,Jumlah Pelanggan Listrik,558.0,Energi,139.0,,MTQwIzI=; MTQxIzI=; MTc4IzI=; MTM4IzI=; NTcjMg==; NTYjMg==; MTEwIzI=,"Jumlah Pelanggan Air; Jumlah Pelanggan Air; Jumlah Pelanggan Air yang disalurkan; Daya Terpasang, Produksi, dan Distribusi Listrik PT. PLN (Persero) pada Cabang/Ranting PLN Menurut Kecamatan di Kabupaten Barru; Jumlah Guru; Jumlah Murid; Jumlah Anggota Dewan",/2/MTQwIzI=/jumlah-pelanggan-air.html; /2/MTQxIzI=/jumlah-pelanggan-air.html; /2/MTc4IzI=/jumlah-pelanggan-air-yang-disalurkan.html; /2/MTM4IzI=/daya-terpasang--produksi--dan-distribusi-listrik-pt--pln--persero--pada-cabang-ranting-pln-menurut-kecamatan-di-kabupaten-barru.html; /2/NTcjMg==/jumlah-guru.html; /2/NTYjMg==/jumlah-murid.html; /2/MTEwIzI=/jumlah-anggota-dewan.html,1.0,0,Tidak ada
118,2018,Pujananting,3420.0,Data Tersedia,2024-04-17 11:06:49,Jumlah Pelanggan Listrik,558.0,Energi,139.0,,MTQwIzI=; MTQxIzI=; MTc4IzI=; MTM4IzI=; NTcjMg==; NTYjMg==; MTEwIzI=,"Jumlah Pelanggan Air; Jumlah Pelanggan Air; Jumlah Pelanggan Air yang disalurkan; Daya Terpasang, Produksi, dan Distribusi Listrik PT. PLN (Persero) pada Cabang/Ranting PLN Menurut Kecamatan di Kabupaten Barru; Jumlah Guru; Jumlah Murid; Jumlah Anggota Dewan",/2/MTQwIzI=/jumlah-pelanggan-air.html; /2/MTQxIzI=/jumlah-pelanggan-air.html; /2/MTc4IzI=/jumlah-pelanggan-air-yang-disalurkan.html; /2/MTM4IzI=/daya-terpasang--produksi--dan-distribusi-listrik-pt--pln--persero--pada-cabang-ranting-pln-menurut-kecamatan-di-kabupaten-barru.html; /2/NTcjMg==/jumlah-guru.html; /2/NTYjMg==/jumlah-murid.html; /2/MTEwIzI=/jumlah-anggota-dewan.html,2.0,0,Tidak ada
118,2018,Tanete Rilau,8834.0,Data Tersedia,2024-04-17 11:06:49,Jumlah Pelanggan Listrik,558.0,Energi,139.0,,MTQwIzI=; MTQxIzI=; MTc4IzI=; MTM4IzI=; NTcjMg==; NTYjMg==; MTEwIzI=,"Jumlah Pelanggan Air; Jumlah Pelanggan Air; Jumlah Pelanggan Air yang disalurkan; Daya Terpasang, Produksi, dan Distribusi Listrik PT. PLN (Persero) pada Cabang/Ranting PLN Menurut Kecamatan di Kabupaten Barru; Jumlah Guru; Jumlah Murid; Jumlah Anggota Dewan",/2/MTQwIzI=/jumlah-pelanggan-air.html; /2/MTQxIzI=/jumlah-pelanggan-air.html; /2/MTc4IzI=/jumlah-pelanggan-air-yang-disalurkan.html; /2/MTM4IzI=/daya-terpasang--produksi--dan-distribusi-listrik-pt--pln--persero--pada-cabang-ranting-pln-menurut-kecamatan-di-kabupaten-barru.html; /2/NTcjMg==/jumlah-guru.html; /2/NTYjMg==/jumlah-murid.html; /2/MTEwIzI=/jumlah-anggota-dewan.html,3.0,0,Tidak ada
118,2018,Barru,10865.0,Data Tersedia,2024-04-17 11:06:49,Jumlah Pelanggan Listrik,558.0,Energi,139.0,,MTQwIzI=; MTQxIzI=; MTc4IzI=; MTM4IzI=; NTcjMg==; NTYjMg==; MTEwIzI=,"Jumlah Pelanggan Air; Jumlah Pelanggan Air; Jumlah Pelanggan Air yang disalurkan; Daya Terpasang, Produksi, dan Distribusi Listrik PT. PLN (Persero) pada Cabang/Ranting PLN Menurut Kecamatan di Kabupaten Barru; Jumlah Guru; Jumlah Murid; Jumlah Anggota Dewan",/2/MTQwIzI=/jumlah-pelanggan-air.html; /2/MTQxIzI=/jumlah-pelanggan-air.html; /2/MTc4IzI=/jumlah-pelanggan-air-yang-disalurkan.html; /2/MTM4IzI=/daya-terpasang--produksi--dan-distribusi-listrik-pt--pln--persero--pada-cabang-ranting-pln-menurut-kecamatan-di-kabupaten-barru.html; /2/NTcjMg==/jumlah-guru.html; /2/NTYjMg==/jumlah-murid.html; /2/MTEwIzI=/jumlah-anggota-dewan.html,4.0,0,Tidak ada
118,2018,Soppeng Riaja,4664.0,Data Tersedia,2024-04-17 11:06:49,Jumlah Pelanggan Listrik,558.0,Energi,139.0,,MTQwIzI=; MTQxIzI=; MTc4IzI=; MTM4IzI=; NTcjMg==; NTYjMg==; MTEwIzI=,"Jumlah Pelanggan Air; Jumlah Pelanggan Air; Jumlah Pelanggan Air yang disalurkan; Daya Terpasang, Produksi, dan Distribusi Listrik PT. PLN (Persero) pada Cabang/Ranting PLN Menurut Kecamatan di Kabupaten Barru; Jumlah Guru; Jumlah Murid; Jumlah Anggota Dewan",/2/MTQwIzI=/jumlah-pelanggan-air.html; /2/MTQxIzI=/jumlah-pelanggan-air.html; /2/MTc4IzI=/jumlah-pelanggan-air-yang-disalurkan.html; /2/MTM4IzI=/daya-terpasang--produksi--dan-distribusi-listrik-pt--pln--persero--pada-cabang-ranting-pln-menurut-kecamatan-di-kabupaten-barru.html; /2/NTcjMg==/jumlah-guru.html; /2/NTYjMg==/jumlah-murid.html; /2/MTEwIzI=/jumlah-anggota-dewan.html,5.0,0,Tidak ada
118,2018,Balusu,4912.0,Data Tersedia,2024-04-17 11:06:49,Jumlah Pelanggan Listrik,558.0,Energi,139.0,,MTQwIzI=; MTQxIzI=; MTc4IzI=; MTM4IzI=; NTcjMg==; NTYjMg==; MTEwIzI=,"Jumlah Pelanggan Air; Jumlah Pelanggan Air; Jumlah Pelanggan Air yang disalurkan; Daya Terpasang, Produksi, dan Distribusi Listrik PT. PLN (Persero) pada Cabang/Ranting PLN Menurut Kecamatan di Kabupaten Barru; Jumlah Guru; Jumlah Murid; Jumlah Anggota Dewan",/2/MTQwIzI=/jumlah-pelanggan-air.html; /2/MTQxIzI=/jumlah-pelanggan-air.html; /2/MTc4IzI=/jumlah-pelanggan-air-yang-disalurkan.html; /2/MTM4IzI=/daya-terpasang--produksi--dan-distribusi-listrik-pt--pln--persero--pada-cabang-ranting-pln-menurut-kecamatan-di-kabupaten-barru.html; /2/NTcjMg==/jumlah-guru.html; /2/NTYjMg==/jumlah-murid.html; /2/MTEwIzI=/jumlah-anggota-dewan.html,6.0,0,Tidak ada
118,2018,Mallusetasi,6664.0,Data Tersedia,2024-04-17 11:06:49,Jumlah Pelanggan Listrik,558.0,Energi,139.0,,MTQwIzI=; MTQxIzI=; MTc4IzI=; MTM4IzI=; NTcjMg==; NTYjMg==; MTEwIzI=,"Jumlah Pelanggan Air; Jumlah Pelanggan Air; Jumlah Pelanggan Air yang disalurkan; Daya Terpasang, Produksi, dan Distribusi Listrik PT. PLN (Persero) pada Cabang/Ranting PLN Menurut Kecamatan di Kabupaten Barru; Jumlah Guru; Jumlah Murid; Jumlah Anggota Dewan",/2/MTQwIzI=/jumlah-pelanggan-air.html; /2/MTQxIzI=/jumlah-pelanggan-air.html; /2/MTc4IzI=/jumlah-pelanggan-air-yang-disalurkan.html; /2/MTM4IzI=/daya-terpasang--produksi--dan-distribusi-listrik-pt--pln--persero--pada-cabang-ranting-pln-menurut-kecamatan-di-kabupaten-barru.html; /2/NTcjMg==/jumlah-guru.html; /2/NTYjMg==/jumlah-murid.html; /2/MTEwIzI=/jumlah-anggota-dewan.html,7.0,0,Tidak ada
118,2018,Kabupaten Barru,45319.0,Data Tersedia,2024-04-17 11:06:49,Jumlah Pelanggan Listrik,558.0,Energi,139.0,,MTQwIzI=; MTQxIzI=; MTc4IzI=; MTM4IzI=; NTcjMg==; NTYjMg==; MTEwIzI=,"Jumlah Pelanggan Air; Jumlah Pelanggan Air; Jumlah Pelanggan Air yang disalurkan; Daya Terpasang, Produksi, dan Distribusi Listrik PT. PLN (Persero) pada Cabang/Ranting PLN Menurut Kecamatan di Kabupaten Barru; Jumlah Guru; Jumlah Murid; Jumlah Anggota Dewan",/2/MTQwIzI=/jumlah-pelanggan-air.html; /2/MTQxIzI=/jumlah-pelanggan-air.html; /2/MTc4IzI=/jumlah-pelanggan-air-yang-disalurkan.html; /2/MTM4IzI=/daya-terpasang--produksi--dan-distribusi-listrik-pt--pln--persero--pada-cabang-ranting-pln-menurut-kecamatan-di-kabupaten-barru.html; /2/NTcjMg==/jumlah-guru.html; /2/NTYjMg==/jumlah-murid.html; /2/MTEwIzI=/jumlah-anggota-dewan.html,8.0,0,Tidak ada
119,2019,Tanete Riaja,6253.0,Data Tersedia,2024-04-17 11:06:49,Jumlah Pelanggan Listrik,558.0,Energi,139.0,,MTQwIzI=; MTQxIzI=; MTc4IzI=; MTM4IzI=; NTcjMg==; NTYjMg==; MTEwIzI=,"Jumlah Pelanggan Air; Jumlah Pelanggan Air; Jumlah Pelanggan Air yang disalurkan; Daya Terpasang, Produksi, dan Distribusi Listrik PT. PLN (Persero) pada Cabang/Ranting PLN Menurut Kecamatan di Kabupaten Barru; Jumlah Guru; Jumlah Murid; Jumlah Anggota Dewan",/2/MTQwIzI=/jumlah-pelanggan-air.html; /2/MTQxIzI=/jumlah-pelanggan-air.html; /2/MTc4IzI=/jumlah-pelanggan-air-yang-disalurkan.html; /2/MTM4IzI=/daya-terpasang--produksi--dan-distribusi-listrik-pt--pln--persero--pada-cabang-ranting-pln-menurut-kecamatan-di-kabupaten-barru.html; /2/NTcjMg==/jumlah-guru.html; /2/NTYjMg==/jumlah-murid.html; /2/MTEwIzI=/jumlah-anggota-dewan.html,1.0,0,Tidak ada
119,2019,Pujananting,3589.0,Data Tersedia,2024-04-17 11:06:49,Jumlah Pelanggan Listrik,558.0,Energi,139.0,,MTQwIzI=; MTQxIzI=; MTc4IzI=; MTM4IzI=; NTcjMg==; NTYjMg==; MTEwIzI=,"Jumlah Pelanggan Air; Jumlah Pelanggan Air; Jumlah Pelanggan Air yang disalurkan; Daya Terpasang, Produksi, dan Distribusi Listrik PT. PLN (Persero) pada Cabang/Ranting PLN Menurut Kecamatan di Kabupaten Barru; Jumlah Guru; Jumlah Murid; Jumlah Anggota Dewan",/2/MTQwIzI=/jumlah-pelanggan-air.html; /2/MTQxIzI=/jumlah-pelanggan-air.html; /2/MTc4IzI=/jumlah-pelanggan-air-yang-disalurkan.html; /2/MTM4IzI=/daya-terpasang--produksi--dan-distribusi-listrik-pt--pln--persero--pada-cabang-ranting-pln-menurut-kecamatan-di-kabupaten-barru.html; /2/NTcjMg==/jumlah-guru.html; /2/NTYjMg==/jumlah-murid.html; /2/MTEwIzI=/jumlah-anggota-dewan.html,2.0,0,Tidak ada
119,2019,Tanete Rilau,9268.0,Data Tersedia,2024-04-17 11:06:49,Jumlah Pelanggan Listrik,558.0,Energi,139.0,,MTQwIzI=; MTQxIzI=; MTc4IzI=; MTM4IzI=; NTcjMg==; NTYjMg==; MTEwIzI=,"Jumlah Pelanggan Air; Jumlah Pelanggan Air; Jumlah Pelanggan Air yang disalurkan; Daya Terpasang, Produksi, dan Distribusi Listrik PT. PLN (Persero) pada Cabang/Ranting PLN Menurut Kecamatan di Kabupaten Barru; Jumlah Guru; Jumlah Murid; Jumlah Anggota Dewan",/2/MTQwIzI=/jumlah-pelanggan-air.html; /2/MTQxIzI=/jumlah-pelanggan-air.html; /2/MTc4IzI=/jumlah-pelanggan-air-yang-disalurkan.html; /2/MTM4IzI=/daya-terpasang--produksi--dan-distribusi-listrik-pt--pln--persero--pada-cabang-ranting-pln-menurut-kecamatan-di-kabupaten-barru.html; /2/NTcjMg==/jumlah-guru.html; /2/NTYjMg==/jumlah-murid.html; /2/MTEwIzI=/jumlah-anggota-dewan.html,3.0,0,Tidak ada
119,2019,Barru,11399.0,Data Tersedia,2024-04-17 11:06:49,Jumlah Pelanggan Listrik,558.0,Energi,139.0,,MTQwIzI=; MTQxIzI=; MTc4IzI=; MTM4IzI=; NTcjMg==; NTYjMg==; MTEwIzI=,"Jumlah Pelanggan Air; Jumlah Pelanggan Air; Jumlah Pelanggan Air yang disalurkan; Daya Terpasang, Produksi, dan Distribusi Listrik PT. PLN (Persero) pada Cabang/Ranting PLN Menurut Kecamatan di Kabupaten Barru; Jumlah Guru; Jumlah Murid; Jumlah Anggota Dewan",/2/MTQwIzI=/jumlah-pelanggan-air.html; /2/MTQxIzI=/jumlah-pelanggan-air.html; /2/MTc4IzI=/jumlah-pelanggan-air-yang-disalurkan.html; /2/MTM4IzI=/daya-terpasang--produksi--dan-distribusi-listrik-pt--pln--persero--pada-cabang-ranting-pln-menurut-kecamatan-di-kabupaten-barru.html; /2/NTcjMg==/jumlah-guru.html; /2/NTYjMg==/jumlah-murid.html; /2/MTEwIzI=/jumlah-anggota-dewan.html,4.0,0,Tidak ada
119,2019,Soppeng Riaja,4893.0,Data Tersedia,2024-04-17 11:06:49,Jumlah Pelanggan Listrik,558.0,Energi,139.0,,MTQwIzI=; MTQxIzI=; MTc4IzI=; MTM4IzI=; NTcjMg==; NTYjMg==; MTEwIzI=,"Jumlah Pelanggan Air; Jumlah Pelanggan Air; Jumlah Pelanggan Air yang disalurkan; Daya Terpasang, Produksi, dan Distribusi Listrik PT. PLN (Persero) pada Cabang/Ranting PLN Menurut Kecamatan di Kabupaten Barru; Jumlah Guru; Jumlah Murid; Jumlah Anggota Dewan",/2/MTQwIzI=/jumlah-pelanggan-air.html; /2/MTQxIzI=/jumlah-pelanggan-air.html; /2/MTc4IzI=/jumlah-pelanggan-air-yang-disalurkan.html; /2/MTM4IzI=/daya-terpasang--produksi--dan-distribusi-listrik-pt--pln--persero--pada-cabang-ranting-pln-menurut-kecamatan-di-kabupaten-barru.html; /2/NTcjMg==/jumlah-guru.html; /2/NTYjMg==/jumlah-murid.html; /2/MTEwIzI=/jumlah-anggota-dewan.html,5.0,0,Tidak ada
119,2019,Balusu,5153.0,Data Tersedia,2024-04-17 11:06:49,Jumlah Pelanggan Listrik,558.0,Energi,139.0,,MTQwIzI=; MTQxIzI=; MTc4IzI=; MTM4IzI=; NTcjMg==; NTYjMg==; MTEwIzI=,"Jumlah Pelanggan Air; Jumlah Pelanggan Air; Jumlah Pelanggan Air yang disalurkan; Daya Terpasang, Produksi, dan Distribusi Listrik PT. PLN (Persero) pada Cabang/Ranting PLN Menurut Kecamatan di Kabupaten Barru; Jumlah Guru; Jumlah Murid; Jumlah Anggota Dewan",/2/MTQwIzI=/jumlah-pelanggan-air.html; /2/MTQxIzI=/jumlah-pelanggan-air.html; /2/MTc4IzI=/jumlah-pelanggan-air-yang-disalurkan.html; /2/MTM4IzI=/daya-terpasang--produksi--dan-distribusi-listrik-pt--pln--persero--pada-cabang-ranting-pln-menurut-kecamatan-di-kabupaten-barru.html; /2/NTcjMg==/jumlah-guru.html; /2/NTYjMg==/jumlah-murid.html; /2/MTEwIzI=/jumlah-anggota-dewan.html,6.0,0,Tidak ada
119,2019,Mallusetasi,6992.0,Data Tersedia,2024-04-17 11:06:49,Jumlah Pelanggan Listrik,558.0,Energi,139.0,,MTQwIzI=; MTQxIzI=; MTc4IzI=; MTM4IzI=; NTcjMg==; NTYjMg==; MTEwIzI=,"Jumlah Pelanggan Air; Jumlah Pelanggan Air; Jumlah Pelanggan Air yang disalurkan; Daya Terpasang, Produksi, dan Distribusi Listrik PT. PLN (Persero) pada Cabang/Ranting PLN Menurut Kecamatan di Kabupaten Barru; Jumlah Guru; Jumlah Murid; Jumlah Anggota Dewan",/2/MTQwIzI=/jumlah-pelanggan-air.html; /2/MTQxIzI=/jumlah-pelanggan-air.html; /2/MTc4IzI=/jumlah-pelanggan-air-yang-disalurkan.html; /2/MTM4IzI=/daya-terpasang--produksi--dan-distribusi-listrik-pt--pln--persero--pada-cabang-ranting-pln-menurut-kecamatan-di-kabupaten-barru.html; /2/NTcjMg==/jumlah-guru.html; /2/NTYjMg==/jumlah-murid.html; /2/MTEwIzI=/jumlah-anggota-dewan.html,7.0,0,Tidak ada
119,2019,Kabupaten Barru,47547.0,Data Tersedia,2024-04-17 11:06:49,Jumlah Pelanggan Listrik,558.0,Energi,139.0,,MTQwIzI=; MTQxIzI=; MTc4IzI=; MTM4IzI=; NTcjMg==; NTYjMg==; MTEwIzI=,"Jumlah Pelanggan Air; Jumlah Pelanggan Air; Jumlah Pelanggan Air yang disalurkan; Daya Terpasang, Produksi, dan Distribusi Listrik PT. PLN (Persero) pada Cabang/Ranting PLN Menurut Kecamatan di Kabupaten Barru; Jumlah Guru; Jumlah Murid; Jumlah Anggota Dewan",/2/MTQwIzI=/jumlah-pelanggan-air.html; /2/MTQxIzI=/jumlah-pelanggan-air.html; /2/MTc4IzI=/jumlah-pelanggan-air-yang-disalurkan.html; /2/MTM4IzI=/daya-terpasang--produksi--dan-distribusi-listrik-pt--pln--persero--pada-cabang-ranting-pln-menurut-kecamatan-di-kabupaten-barru.html; /2/NTcjMg==/jumlah-guru.html; /2/NTYjMg==/jumlah-murid.html; /2/MTEwIzI=/jumlah-anggota-dewan.html,8.0,0,Tidak ada
120,2020,Tanete Riaja,6541.0,Data Tersedia,2024-04-17 11:06:49,Jumlah Pelanggan Listrik,558.0,Energi,139.0,,MTQwIzI=; MTQxIzI=; MTc4IzI=; MTM4IzI=; NTcjMg==; NTYjMg==; MTEwIzI=,"Jumlah Pelanggan Air; Jumlah Pelanggan Air; Jumlah Pelanggan Air yang disalurkan; Daya Terpasang, Produksi, dan Distribusi Listrik PT. PLN (Persero) pada Cabang/Ranting PLN Menurut Kecamatan di Kabupaten Barru; Jumlah Guru; Jumlah Murid; Jumlah Anggota Dewan",/2/MTQwIzI=/jumlah-pelanggan-air.html; /2/MTQxIzI=/jumlah-pelanggan-air.html; /2/MTc4IzI=/jumlah-pelanggan-air-yang-disalurkan.html; /2/MTM4IzI=/daya-terpasang--produksi--dan-distribusi-listrik-pt--pln--persero--pada-cabang-ranting-pln-menurut-kecamatan-di-kabupaten-barru.html; /2/NTcjMg==/jumlah-guru.html; /2/NTYjMg==/jumlah-murid.html; /2/MTEwIzI=/jumlah-anggota-dewan.html,1.0,0,Tidak ada
120,2020,Pujananting,3754.0,Data Tersedia,2024-04-17 11:06:49,Jumlah Pelanggan Listrik,558.0,Energi,139.0,,MTQwIzI=; MTQxIzI=; MTc4IzI=; MTM4IzI=; NTcjMg==; NTYjMg==; MTEwIzI=,"Jumlah Pelanggan Air; Jumlah Pelanggan Air; Jumlah Pelanggan Air yang disalurkan; Daya Terpasang, Produksi, dan Distribusi Listrik PT. PLN (Persero) pada Cabang/Ranting PLN Menurut Kecamatan di Kabupaten Barru; Jumlah Guru; Jumlah Murid; Jumlah Anggota Dewan",/2/MTQwIzI=/jumlah-pelanggan-air.html; /2/MTQxIzI=/jumlah-pelanggan-air.html; /2/MTc4IzI=/jumlah-pelanggan-air-yang-disalurkan.html; /2/MTM4IzI=/daya-terpasang--produksi--dan-distribusi-listrik-pt--pln--persero--pada-cabang-ranting-pln-menurut-kecamatan-di-kabupaten-barru.html; /2/NTcjMg==/jumlah-guru.html; /2/NTYjMg==/jumlah-murid.html; /2/MTEwIzI=/jumlah-anggota-dewan.html,2.0,0,Tidak ada
120,2020,Tanete Rilau,9695.0,Data Tersedia,2024-04-17 11:06:49,Jumlah Pelanggan Listrik,558.0,Energi,139.0,,MTQwIzI=; MTQxIzI=; MTc4IzI=; MTM4IzI=; NTcjMg==; NTYjMg==; MTEwIzI=,"Jumlah Pelanggan Air; Jumlah Pelanggan Air; Jumlah Pelanggan Air yang disalurkan; Daya Terpasang, Produksi, dan Distribusi Listrik PT. PLN (Persero) pada Cabang/Ranting PLN Menurut Kecamatan di Kabupaten Barru; Jumlah Guru; Jumlah Murid; Jumlah Anggota Dewan",/2/MTQwIzI=/jumlah-pelanggan-air.html; /2/MTQxIzI=/jumlah-pelanggan-air.html; /2/MTc4IzI=/jumlah-pelanggan-air-yang-disalurkan.html; /2/MTM4IzI=/daya-terpasang--produksi--dan-distribusi-listrik-pt--pln--persero--pada-cabang-ranting-pln-menurut-kecamatan-di-kabupaten-barru.html; /2/NTcjMg==/jumlah-guru.html; /2/NTYjMg==/jumlah-murid.html; /2/MTEwIzI=/jumlah-anggota-dewan.html,3.0,0,Tidak ada
120,2020,Barru,11924.0,Data Tersedia,2024-04-17 11:06:49,Jumlah Pelanggan Listrik,558.0,Energi,139.0,,MTQwIzI=; MTQxIzI=; MTc4IzI=; MTM4IzI=; NTcjMg==; NTYjMg==; MTEwIzI=,"Jumlah Pelanggan Air; Jumlah Pelanggan Air; Jumlah Pelanggan Air yang disalurkan; Daya Terpasang, Produksi, dan Distribusi Listrik PT. PLN (Persero) pada Cabang/Ranting PLN Menurut Kecamatan di Kabupaten Barru; Jumlah Guru; Jumlah Murid; Jumlah Anggota Dewan",/2/MTQwIzI=/jumlah-pelanggan-air.html; /2/MTQxIzI=/jumlah-pelanggan-air.html; /2/MTc4IzI=/jumlah-pelanggan-air-yang-disalurkan.html; /2/MTM4IzI=/daya-terpasang--produksi--dan-distribusi-listrik-pt--pln--persero--pada-cabang-ranting-pln-menurut-kecamatan-di-kabupaten-barru.html; /2/NTcjMg==/jumlah-guru.html; /2/NTYjMg==/jumlah-murid.html; /2/MTEwIzI=/jumlah-anggota-dewan.html,4.0,0,Tidak ada
120,2020,Soppeng Riaja,5119.0,Data Tersedia,2024-04-17 11:06:49,Jumlah Pelanggan Listrik,558.0,Energi,139.0,,MTQwIzI=; MTQxIzI=; MTc4IzI=; MTM4IzI=; NTcjMg==; NTYjMg==; MTEwIzI=,"Jumlah Pelanggan Air; Jumlah Pelanggan Air; Jumlah Pelanggan Air yang disalurkan; Daya Terpasang, Produksi, dan Distribusi Listrik PT. PLN (Persero) pada Cabang/Ranting PLN Menurut Kecamatan di Kabupaten Barru; Jumlah Guru; Jumlah Murid; Jumlah Anggota Dewan",/2/MTQwIzI=/jumlah-pelanggan-air.html; /2/MTQxIzI=/jumlah-pelanggan-air.html; /2/MTc4IzI=/jumlah-pelanggan-air-yang-disalurkan.html; /2/MTM4IzI=/daya-terpasang--produksi--dan-distribusi-listrik-pt--pln--persero--pada-cabang-ranting-pln-menurut-kecamatan-di-kabupaten-barru.html; /2/NTcjMg==/jumlah-guru.html; /2/NTYjMg==/jumlah-murid.html; /2/MTEwIzI=/jumlah-anggota-dewan.html,5.0,0,Tidak ada
120,2020,Balusu,5391.0,Data Tersedia,2024-04-17 11:06:49,Jumlah Pelanggan Listrik,558.0,Energi,139.0,,MTQwIzI=; MTQxIzI=; MTc4IzI=; MTM4IzI=; NTcjMg==; NTYjMg==; MTEwIzI=,"Jumlah Pelanggan Air; Jumlah Pelanggan Air; Jumlah Pelanggan Air yang disalurkan; Daya Terpasang, Produksi, dan Distribusi Listrik PT. PLN (Persero) pada Cabang/Ranting PLN Menurut Kecamatan di Kabupaten Barru; Jumlah Guru; Jumlah Murid; Jumlah Anggota Dewan",/2/MTQwIzI=/jumlah-pelanggan-air.html; /2/MTQxIzI=/jumlah-pelanggan-air.html; /2/MTc4IzI=/jumlah-pelanggan-air-yang-disalurkan.html; /2/MTM4IzI=/daya-terpasang--produksi--dan-distribusi-listrik-pt--pln--persero--pada-cabang-ranting-pln-menurut-kecamatan-di-kabupaten-barru.html; /2/NTcjMg==/jumlah-guru.html; /2/NTYjMg==/jumlah-murid.html; /2/MTEwIzI=/jumlah-anggota-dewan.html,6.0,0,Tidak ada
120,2020,Mallusetasi,7314.0,Data Tersedia,2024-04-17 11:06:49,Jumlah Pelanggan Listrik,558.0,Energi,139.0,,MTQwIzI=; MTQxIzI=; MTc4IzI=; MTM4IzI=; NTcjMg==; NTYjMg==; MTEwIzI=,"Jumlah Pelanggan Air; Jumlah Pelanggan Air; Jumlah Pelanggan Air yang disalurkan; Daya Terpasang, Produksi, dan Distribusi Listrik PT. PLN (Persero) pada Cabang/Ranting PLN Menurut Kecamatan di Kabupaten Barru; Jumlah Guru; Jumlah Murid; Jumlah Anggota Dewan",/2/MTQwIzI=/jumlah-pelanggan-air.html; /2/MTQxIzI=/jumlah-pelanggan-air.html; /2/MTc4IzI=/jumlah-pelanggan-air-yang-disalurkan.html; /2/MTM4IzI=/daya-terpasang--produksi--dan-distribusi-listrik-pt--pln--persero--pada-cabang-ranting-pln-menurut-kecamatan-di-kabupaten-barru.html; /2/NTcjMg==/jumlah-guru.html; /2/NTYjMg==/jumlah-murid.html; /2/MTEwIzI=/jumlah-anggota-dewan.html,7.0,0,Tidak ada
120,2020,Kabupaten Barru,49738.0,Data Tersedia,2024-04-17 11:06:49,Jumlah Pelanggan Listrik,558.0,Energi,139.0,,MTQwIzI=; MTQxIzI=; MTc4IzI=; MTM4IzI=; NTcjMg==; NTYjMg==; MTEwIzI=,"Jumlah Pelanggan Air; Jumlah Pelanggan Air; Jumlah Pelanggan Air yang disalurkan; Daya Terpasang, Produksi, dan Distribusi Listrik PT. PLN (Persero) pada Cabang/Ranting PLN Menurut Kecamatan di Kabupaten Barru; Jumlah Guru; Jumlah Murid; Jumlah Anggota Dewan",/2/MTQwIzI=/jumlah-pelanggan-air.html; /2/MTQxIzI=/jumlah-pelanggan-air.html; /2/MTc4IzI=/jumlah-pelanggan-air-yang-disalurkan.html; /2/MTM4IzI=/daya-terpasang--produksi--dan-distribusi-listrik-pt--pln--persero--pada-cabang-ranting-pln-menurut-kecamatan-di-kabupaten-barru.html; /2/NTcjMg==/jumlah-guru.html; /2/NTYjMg==/jumlah-murid.html; /2/MTEwIzI=/jumlah-anggota-dewan.html,8.0,0,Tidak ada
121,2021,Tanete Riaja,6908.0,Data Tersedia,2024-04-17 11:06:49,Jumlah Pelanggan Listrik,558.0,Energi,139.0,,MTQwIzI=; MTQxIzI=; MTc4IzI=; MTM4IzI=; NTcjMg==; NTYjMg==; MTEwIzI=,"Jumlah Pelanggan Air; Jumlah Pelanggan Air; Jumlah Pelanggan Air yang disalurkan; Daya Terpasang, Produksi, dan Distribusi Listrik PT. PLN (Persero) pada Cabang/Ranting PLN Menurut Kecamatan di Kabupaten Barru; Jumlah Guru; Jumlah Murid; Jumlah Anggota Dewan",/2/MTQwIzI=/jumlah-pelanggan-air.html; /2/MTQxIzI=/jumlah-pelanggan-air.html; /2/MTc4IzI=/jumlah-pelanggan-air-yang-disalurkan.html; /2/MTM4IzI=/daya-terpasang--produksi--dan-distribusi-listrik-pt--pln--persero--pada-cabang-ranting-pln-menurut-kecamatan-di-kabupaten-barru.html; /2/NTcjMg==/jumlah-guru.html; /2/NTYjMg==/jumlah-murid.html; /2/MTEwIzI=/jumlah-anggota-dewan.html,1.0,0,Tidak ada
121,2021,Pujananting,3964.0,Data Tersedia,2024-04-17 11:06:49,Jumlah Pelanggan Listrik,558.0,Energi,139.0,,MTQwIzI=; MTQxIzI=; MTc4IzI=; MTM4IzI=; NTcjMg==; NTYjMg==; MTEwIzI=,"Jumlah Pelanggan Air; Jumlah Pelanggan Air; Jumlah Pelanggan Air yang disalurkan; Daya Terpasang, Produksi, dan Distribusi Listrik PT. PLN (Persero) pada Cabang/Ranting PLN Menurut Kecamatan di Kabupaten Barru; Jumlah Guru; Jumlah Murid; Jumlah Anggota Dewan",/2/MTQwIzI=/jumlah-pelanggan-air.html; /2/MTQxIzI=/jumlah-pelanggan-air.html; /2/MTc4IzI=/jumlah-pelanggan-air-yang-disalurkan.html; /2/MTM4IzI=/daya-terpasang--produksi--dan-distribusi-listrik-pt--pln--persero--pada-cabang-ranting-pln-menurut-kecamatan-di-kabupaten-barru.html; /2/NTcjMg==/jumlah-guru.html; /2/NTYjMg==/jumlah-murid.html; /2/MTEwIzI=/jumlah-anggota-dewan.html,2.0,0,Tidak ada
121,2021,Tanete Rilau,10238.0,Data Tersedia,2024-04-17 11:06:49,Jumlah Pelanggan Listrik,558.0,Energi,139.0,,MTQwIzI=; MTQxIzI=; MTc4IzI=; MTM4IzI=; NTcjMg==; NTYjMg==; MTEwIzI=,"Jumlah Pelanggan Air; Jumlah Pelanggan Air; Jumlah Pelanggan Air yang disalurkan; Daya Terpasang, Produksi, dan Distribusi Listrik PT. PLN (Persero) pada Cabang/Ranting PLN Menurut Kecamatan di Kabupaten Barru; Jumlah Guru; Jumlah Murid; Jumlah Anggota Dewan",/2/MTQwIzI=/jumlah-pelanggan-air.html; /2/MTQxIzI=/jumlah-pelanggan-air.html; /2/MTc4IzI=/jumlah-pelanggan-air-yang-disalurkan.html; /2/MTM4IzI=/daya-terpasang--produksi--dan-distribusi-listrik-pt--pln--persero--pada-cabang-ranting-pln-menurut-kecamatan-di-kabupaten-barru.html; /2/NTcjMg==/jumlah-guru.html; /2/NTYjMg==/jumlah-murid.html; /2/MTEwIzI=/jumlah-anggota-dewan.html,3.0,0,Tidak ada
121,2021,Barru,12592.0,Data Tersedia,2024-04-17 11:06:49,Jumlah Pelanggan Listrik,558.0,Energi,139.0,,MTQwIzI=; MTQxIzI=; MTc4IzI=; MTM4IzI=; NTcjMg==; NTYjMg==; MTEwIzI=,"Jumlah Pelanggan Air; Jumlah Pelanggan Air; Jumlah Pelanggan Air yang disalurkan; Daya Terpasang, Produksi, dan Distribusi Listrik PT. PLN (Persero) pada Cabang/Ranting PLN Menurut Kecamatan di Kabupaten Barru; Jumlah Guru; Jumlah Murid; Jumlah Anggota Dewan",/2/MTQwIzI=/jumlah-pelanggan-air.html; /2/MTQxIzI=/jumlah-pelanggan-air.html; /2/MTc4IzI=/jumlah-pelanggan-air-yang-disalurkan.html; /2/MTM4IzI=/daya-terpasang--produksi--dan-distribusi-listrik-pt--pln--persero--pada-cabang-ranting-pln-menurut-kecamatan-di-kabupaten-barru.html; /2/NTcjMg==/jumlah-guru.html; /2/NTYjMg==/jumlah-murid.html; /2/MTEwIzI=/jumlah-anggota-dewan.html,4.0,0,Tidak ada
121,2021,Soppeng Riaja,5405.0,Data Tersedia,2024-04-17 11:06:49,Jumlah Pelanggan Listrik,558.0,Energi,139.0,,MTQwIzI=; MTQxIzI=; MTc4IzI=; MTM4IzI=; NTcjMg==; NTYjMg==; MTEwIzI=,"Jumlah Pelanggan Air; Jumlah Pelanggan Air; Jumlah Pelanggan Air yang disalurkan; Daya Terpasang, Produksi, dan Distribusi Listrik PT. PLN (Persero) pada Cabang/Ranting PLN Menurut Kecamatan di Kabupaten Barru; Jumlah Guru; Jumlah Murid; Jumlah Anggota Dewan",/2/MTQwIzI=/jumlah-pelanggan-air.html; /2/MTQxIzI=/jumlah-pelanggan-air.html; /2/MTc4IzI=/jumlah-pelanggan-air-yang-disalurkan.html; /2/MTM4IzI=/daya-terpasang--produksi--dan-distribusi-listrik-pt--pln--persero--pada-cabang-ranting-pln-menurut-kecamatan-di-kabupaten-barru.html; /2/NTcjMg==/jumlah-guru.html; /2/NTYjMg==/jumlah-murid.html; /2/MTEwIzI=/jumlah-anggota-dewan.html,5.0,0,Tidak ada
121,2021,Balusu,5693.0,Data Tersedia,2024-04-17 11:06:49,Jumlah Pelanggan Listrik,558.0,Energi,139.0,,MTQwIzI=; MTQxIzI=; MTc4IzI=; MTM4IzI=; NTcjMg==; NTYjMg==; MTEwIzI=,"Jumlah Pelanggan Air; Jumlah Pelanggan Air; Jumlah Pelanggan Air yang disalurkan; Daya Terpasang, Produksi, dan Distribusi Listrik PT. PLN (Persero) pada Cabang/Ranting PLN Menurut Kecamatan di Kabupaten Barru; Jumlah Guru; Jumlah Murid; Jumlah Anggota Dewan",/2/MTQwIzI=/jumlah-pelanggan-air.html; /2/MTQxIzI=/jumlah-pelanggan-air.html; /2/MTc4IzI=/jumlah-pelanggan-air-yang-disalurkan.html; /2/MTM4IzI=/daya-terpasang--produksi--dan-distribusi-listrik-pt--pln--persero--pada-cabang-ranting-pln-menurut-kecamatan-di-kabupaten-barru.html; /2/NTcjMg==/jumlah-guru.html; /2/NTYjMg==/jumlah-murid.html; /2/MTEwIzI=/jumlah-anggota-dewan.html,6.0,0,Tidak ada
121,2021,Mallusetasi,7724.0,Data Tersedia,2024-04-17 11:06:49,Jumlah Pelanggan Listrik,558.0,Energi,139.0,,MTQwIzI=; MTQxIzI=; MTc4IzI=; MTM4IzI=; NTcjMg==; NTYjMg==; MTEwIzI=,"Jumlah Pelanggan Air; Jumlah Pelanggan Air; Jumlah Pelanggan Air yang disalurkan; Daya Terpasang, Produksi, dan Distribusi Listrik PT. PLN (Persero) pada Cabang/Ranting PLN Menurut Kecamatan di Kabupaten Barru; Jumlah Guru; Jumlah Murid; Jumlah Anggota Dewan",/2/MTQwIzI=/jumlah-pelanggan-air.html; /2/MTQxIzI=/jumlah-pelanggan-air.html; /2/MTc4IzI=/jumlah-pelanggan-air-yang-disalurkan.html; /2/MTM4IzI=/daya-terpasang--produksi--dan-distribusi-listrik-pt--pln--persero--pada-cabang-ranting-pln-menurut-kecamatan-di-kabupaten-barru.html; /2/NTcjMg==/jumlah-guru.html; /2/NTYjMg==/jumlah-murid.html; /2/MTEwIzI=/jumlah-anggota-dewan.html,7.0,0,Tidak ada
121,2021,Kabupaten Barru,52524.0,Data Tersedia,2024-04-17 11:06:49,Jumlah Pelanggan Listrik,558.0,Energi,139.0,,MTQwIzI=; MTQxIzI=; MTc4IzI=; MTM4IzI=; NTcjMg==; NTYjMg==; MTEwIzI=,"Jumlah Pelanggan Air; Jumlah Pelanggan Air; Jumlah Pelanggan Air yang disalurkan; Daya Terpasang, Produksi, dan Distribusi Listrik PT. PLN (Persero) pada Cabang/Ranting PLN Menurut Kecamatan di Kabupaten Barru; Jumlah Guru; Jumlah Murid; Jumlah Anggota Dewan",/2/MTQwIzI=/jumlah-pelanggan-air.html; /2/MTQxIzI=/jumlah-pelanggan-air.html; /2/MTc4IzI=/jumlah-pelanggan-air-yang-disalurkan.html; /2/MTM4IzI=/daya-terpasang--produksi--dan-distribusi-listrik-pt--pln--persero--pada-cabang-ranting-pln-menurut-kecamatan-di-kabupaten-barru.html; /2/NTcjMg==/jumlah-guru.html; /2/NTYjMg==/jumlah-murid.html; /2/MTEwIzI=/jumlah-anggota-dewan.html,8.0,0,Tidak ada
122,2022,Tanete Riaja,7204.0,Data Tersedia,2024-04-17 11:06:49,Jumlah Pelanggan Listrik,558.0,Energi,139.0,,MTQwIzI=; MTQxIzI=; MTc4IzI=; MTM4IzI=; NTcjMg==; NTYjMg==; NTUjMg==,"Jumlah Pelanggan Air; Jumlah Pelanggan Air; Jumlah Pelanggan Air yang disalurkan; Daya Terpasang, Produksi, dan Distribusi Listrik PT. PLN (Persero) pada Cabang/Ranting PLN Menurut Kecamatan di Kabupaten Barru; Jumlah Guru; Jumlah Murid; Jumlah Sekolah",/2/MTQwIzI=/jumlah-pelanggan-air.html; /2/MTQxIzI=/jumlah-pelanggan-air.html; /2/MTc4IzI=/jumlah-pelanggan-air-yang-disalurkan.html; /2/MTM4IzI=/daya-terpasang--produksi--dan-distribusi-listrik-pt--pln--persero--pada-cabang-ranting-pln-menurut-kecamatan-di-kabupaten-barru.html; /2/NTcjMg==/jumlah-guru.html; /2/NTYjMg==/jumlah-murid.html; /2/NTUjMg==/jumlah-sekolah.html,1.0,0,Tidak ada
122,2022,Pujananting,4135.0,Data Tersedia,2024-04-17 11:06:49,Jumlah Pelanggan Listrik,558.0,Energi,139.0,,MTQwIzI=; MTQxIzI=; MTc4IzI=; MTM4IzI=; NTcjMg==; NTYjMg==; NTUjMg==,"Jumlah Pelanggan Air; Jumlah Pelanggan Air; Jumlah Pelanggan Air yang disalurkan; Daya Terpasang, Produksi, dan Distribusi Listrik PT. PLN (Persero) pada Cabang/Ranting PLN Menurut Kecamatan di Kabupaten Barru; Jumlah Guru; Jumlah Murid; Jumlah Sekolah",/2/MTQwIzI=/jumlah-pelanggan-air.html; /2/MTQxIzI=/jumlah-pelanggan-air.html; /2/MTc4IzI=/jumlah-pelanggan-air-yang-disalurkan.html; /2/MTM4IzI=/daya-terpasang--produksi--dan-distribusi-listrik-pt--pln--persero--pada-cabang-ranting-pln-menurut-kecamatan-di-kabupaten-barru.html; /2/NTcjMg==/jumlah-guru.html; /2/NTYjMg==/jumlah-murid.html; /2/NTUjMg==/jumlah-sekolah.html,2.0,0,Tidak ada
122,2022,Tanete Rilau,10678.0,Data Tersedia,2024-04-17 11:06:49,Jumlah Pelanggan Listrik,558.0,Energi,139.0,,MTQwIzI=; MTQxIzI=; MTc4IzI=; MTM4IzI=; NTcjMg==; NTYjMg==; NTUjMg==,"Jumlah Pelanggan Air; Jumlah Pelanggan Air; Jumlah Pelanggan Air yang disalurkan; Daya Terpasang, Produksi, dan Distribusi Listrik PT. PLN (Persero) pada Cabang/Ranting PLN Menurut Kecamatan di Kabupaten Barru; Jumlah Guru; Jumlah Murid; Jumlah Sekolah",/2/MTQwIzI=/jumlah-pelanggan-air.html; /2/MTQxIzI=/jumlah-pelanggan-air.html; /2/MTc4IzI=/jumlah-pelanggan-air-yang-disalurkan.html; /2/MTM4IzI=/daya-terpasang--produksi--dan-distribusi-listrik-pt--pln--persero--pada-cabang-ranting-pln-menurut-kecamatan-di-kabupaten-barru.html; /2/NTcjMg==/jumlah-guru.html; /2/NTYjMg==/jumlah-murid.html; /2/NTUjMg==/jumlah-sekolah.html,3.0,0,Tidak ada
122,2022,Barru,12624.0,Data Tersedia,2024-04-17 11:06:49,Jumlah Pelanggan Listrik,558.0,Energi,139.0,,MTQwIzI=; MTQxIzI=; MTc4IzI=; MTM4IzI=; NTcjMg==; NTYjMg==; NTUjMg==,"Jumlah Pelanggan Air; Jumlah Pelanggan Air; Jumlah Pelanggan Air yang disalurkan; Daya Terpasang, Produksi, dan Distribusi Listrik PT. PLN (Persero) pada Cabang/Ranting PLN Menurut Kecamatan di Kabupaten Barru; Jumlah Guru; Jumlah Murid; Jumlah Sekolah",/2/MTQwIzI=/jumlah-pelanggan-air.html; /2/MTQxIzI=/jumlah-pelanggan-air.html; /2/MTc4IzI=/jumlah-pelanggan-air-yang-disalurkan.html; /2/MTM4IzI=/daya-terpasang--produksi--dan-distribusi-listrik-pt--pln--persero--pada-cabang-ranting-pln-menurut-kecamatan-di-kabupaten-barru.html; /2/NTcjMg==/jumlah-guru.html; /2/NTYjMg==/jumlah-murid.html; /2/NTUjMg==/jumlah-sekolah.html,4.0,0,Tidak ada
122,2022,Soppeng Riaja,5638.0,Data Tersedia,2024-04-17 11:06:49,Jumlah Pelanggan Listrik,558.0,Energi,139.0,,MTQwIzI=; MTQxIzI=; MTc4IzI=; MTM4IzI=; NTcjMg==; NTYjMg==; NTUjMg==,"Jumlah Pelanggan Air; Jumlah Pelanggan Air; Jumlah Pelanggan Air yang disalurkan; Daya Terpasang, Produksi, dan Distribusi Listrik PT. PLN (Persero) pada Cabang/Ranting PLN Menurut Kecamatan di Kabupaten Barru; Jumlah Guru; Jumlah Murid; Jumlah Sekolah",/2/MTQwIzI=/jumlah-pelanggan-air.html; /2/MTQxIzI=/jumlah-pelanggan-air.html; /2/MTc4IzI=/jumlah-pelanggan-air-yang-disalurkan.html; /2/MTM4IzI=/daya-terpasang--produksi--dan-distribusi-listrik-pt--pln--persero--pada-cabang-ranting-pln-menurut-kecamatan-di-kabupaten-barru.html; /2/NTcjMg==/jumlah-guru.html; /2/NTYjMg==/jumlah-murid.html; /2/NTUjMg==/jumlah-sekolah.html,5.0,0,Tidak ada
122,2022,Balusu,5937.0,Data Tersedia,2024-04-17 11:06:49,Jumlah Pelanggan Listrik,558.0,Energi,139.0,,MTQwIzI=; MTQxIzI=; MTc4IzI=; MTM4IzI=; NTcjMg==; NTYjMg==; NTUjMg==,"Jumlah Pelanggan Air; Jumlah Pelanggan Air; Jumlah Pelanggan Air yang disalurkan; Daya Terpasang, Produksi, dan Distribusi Listrik PT. PLN (Persero) pada Cabang/Ranting PLN Menurut Kecamatan di Kabupaten Barru; Jumlah Guru; Jumlah Murid; Jumlah Sekolah",/2/MTQwIzI=/jumlah-pelanggan-air.html; /2/MTQxIzI=/jumlah-pelanggan-air.html; /2/MTc4IzI=/jumlah-pelanggan-air-yang-disalurkan.html; /2/MTM4IzI=/daya-terpasang--produksi--dan-distribusi-listrik-pt--pln--persero--pada-cabang-ranting-pln-menurut-kecamatan-di-kabupaten-barru.html; /2/NTcjMg==/jumlah-guru.html; /2/NTYjMg==/jumlah-murid.html; /2/NTUjMg==/jumlah-sekolah.html,6.0,0,Tidak ada
122,2022,Mallusetasi,8056.0,Data Tersedia,2024-04-17 11:06:49,Jumlah Pelanggan Listrik,558.0,Energi,139.0,,MTQwIzI=; MTQxIzI=; MTc4IzI=; MTM4IzI=; NTcjMg==; NTYjMg==; NTUjMg==,"Jumlah Pelanggan Air; Jumlah Pelanggan Air; Jumlah Pelanggan Air yang disalurkan; Daya Terpasang, Produksi, dan Distribusi Listrik PT. PLN (Persero) pada Cabang/Ranting PLN Menurut Kecamatan di Kabupaten Barru; Jumlah Guru; Jumlah Murid; Jumlah Sekolah",/2/MTQwIzI=/jumlah-pelanggan-air.html; /2/MTQxIzI=/jumlah-pelanggan-air.html; /2/MTc4IzI=/jumlah-pelanggan-air-yang-disalurkan.html; /2/MTM4IzI=/daya-terpasang--produksi--dan-distribusi-listrik-pt--pln--persero--pada-cabang-ranting-pln-menurut-kecamatan-di-kabupaten-barru.html; /2/NTcjMg==/jumlah-guru.html; /2/NTYjMg==/jumlah-murid.html; /2/NTUjMg==/jumlah-sekolah.html,7.0,0,Tidak ada
122,2022,Kabupaten Barru,54272.0,Data Tersedia,2024-04-17 11:06:49,Jumlah Pelanggan Listrik,558.0,Energi,139.0,,MTQwIzI=; MTQxIzI=; MTc4IzI=; MTM4IzI=; NTcjMg==; NTYjMg==; NTUjMg==,"Jumlah Pelanggan Air; Jumlah Pelanggan Air; Jumlah Pelanggan Air yang disalurkan; Daya Terpasang, Produksi, dan Distribusi Listrik PT. PLN (Persero) pada Cabang/Ranting PLN Menurut Kecamatan di Kabupaten Barru; Jumlah Guru; Jumlah Murid; Jumlah Sekolah",/2/MTQwIzI=/jumlah-pelanggan-air.html; /2/MTQxIzI=/jumlah-pelanggan-air.html; /2/MTc4IzI=/jumlah-pelanggan-air-yang-disalurkan.html; /2/MTM4IzI=/daya-terpasang--produksi--dan-distribusi-listrik-pt--pln--persero--pada-cabang-ranting-pln-menurut-kecamatan-di-kabupaten-barru.html; /2/NTcjMg==/jumlah-guru.html; /2/NTYjMg==/jumlah-murid.html; /2/NTUjMg==/jumlah-sekolah.html,8.0,0,Tidak ada
123,2023,Tanete Riaja,7435.0,Data Tersedia,2024-04-17 11:06:49,Jumlah Pelanggan Listrik,558.0,Energi,139.0,,MTQwIzI=; MTQxIzI=; MTc4IzI=; MTM4IzI=; NTcjMg==; NTYjMg==; NTUjMg==,"Jumlah Pelanggan Air; Jumlah Pelanggan Air; Jumlah Pelanggan Air yang disalurkan; Daya Terpasang, Produksi, dan Distribusi Listrik PT. PLN (Persero) pada Cabang/Ranting PLN Menurut Kecamatan di Kabupaten Barru; Jumlah Guru; Jumlah Murid; Jumlah Sekolah",/2/MTQwIzI=/jumlah-pelanggan-air.html; /2/MTQxIzI=/jumlah-pelanggan-air.html; /2/MTc4IzI=/jumlah-pelanggan-air-yang-disalurkan.html; /2/MTM4IzI=/daya-terpasang--produksi--dan-distribusi-listrik-pt--pln--persero--pada-cabang-ranting-pln-menurut-kecamatan-di-kabupaten-barru.html; /2/NTcjMg==/jumlah-guru.html; /2/NTYjMg==/jumlah-murid.html; /2/NTUjMg==/jumlah-sekolah.html,1.0,0,Tidak ada
123,2023,Pujananting,4267.0,Data Tersedia,2024-04-17 11:06:49,Jumlah Pelanggan Listrik,558.0,Energi,139.0,,MTQwIzI=; MTQxIzI=; MTc4IzI=; MTM4IzI=; NTcjMg==; NTYjMg==; NTUjMg==,"Jumlah Pelanggan Air; Jumlah Pelanggan Air; Jumlah Pelanggan Air yang disalurkan; Daya Terpasang, Produksi, dan Distribusi Listrik PT. PLN (Persero) pada Cabang/Ranting PLN Menurut Kecamatan di Kabupaten Barru; Jumlah Guru; Jumlah Murid; Jumlah Sekolah",/2/MTQwIzI=/jumlah-pelanggan-air.html; /2/MTQxIzI=/jumlah-pelanggan-air.html; /2/MTc4IzI=/jumlah-pelanggan-air-yang-disalurkan.html; /2/MTM4IzI=/daya-terpasang--produksi--dan-distribusi-listrik-pt--pln--persero--pada-cabang-ranting-pln-menurut-kecamatan-di-kabupaten-barru.html; /2/NTcjMg==/jumlah-guru.html; /2/NTYjMg==/jumlah-murid.html; /2/NTUjMg==/jumlah-sekolah.html,2.0,0,Tidak ada
123,2023,Tanete Rilau,11020.0,Data Tersedia,2024-04-17 11:06:49,Jumlah Pelanggan Listrik,558.0,Energi,139.0,,MTQwIzI=; MTQxIzI=; MTc4IzI=; MTM4IzI=; NTcjMg==; NTYjMg==; NTUjMg==,"Jumlah Pelanggan Air; Jumlah Pelanggan Air; Jumlah Pelanggan Air yang disalurkan; Daya Terpasang, Produksi, dan Distribusi Listrik PT. PLN (Persero) pada Cabang/Ranting PLN Menurut Kecamatan di Kabupaten Barru; Jumlah Guru; Jumlah Murid; Jumlah Sekolah",/2/MTQwIzI=/jumlah-pelanggan-air.html; /2/MTQxIzI=/jumlah-pelanggan-air.html; /2/MTc4IzI=/jumlah-pelanggan-air-yang-disalurkan.html; /2/MTM4IzI=/daya-terpasang--produksi--dan-distribusi-listrik-pt--pln--persero--pada-cabang-ranting-pln-menurut-kecamatan-di-kabupaten-barru.html; /2/NTcjMg==/jumlah-guru.html; /2/NTYjMg==/jumlah-murid.html; /2/NTUjMg==/jumlah-sekolah.html,3.0,0,Tidak ada
123,2023,Barru,13028.0,Data Tersedia,2024-04-17 11:06:49,Jumlah Pelanggan Listrik,558.0,Energi,139.0,,MTQwIzI=; MTQxIzI=; MTc4IzI=; MTM4IzI=; NTcjMg==; NTYjMg==; NTUjMg==,"Jumlah Pelanggan Air; Jumlah Pelanggan Air; Jumlah Pelanggan Air yang disalurkan; Daya Terpasang, Produksi, dan Distribusi Listrik PT. PLN (Persero) pada Cabang/Ranting PLN Menurut Kecamatan di Kabupaten Barru; Jumlah Guru; Jumlah Murid; Jumlah Sekolah",/2/MTQwIzI=/jumlah-pelanggan-air.html; /2/MTQxIzI=/jumlah-pelanggan-air.html; /2/MTc4IzI=/jumlah-pelanggan-air-yang-disalurkan.html; /2/MTM4IzI=/daya-terpasang--produksi--dan-distribusi-listrik-pt--pln--persero--pada-cabang-ranting-pln-menurut-kecamatan-di-kabupaten-barru.html; /2/NTcjMg==/jumlah-guru.html; /2/NTYjMg==/jumlah-murid.html; /2/NTUjMg==/jumlah-sekolah.html,4.0,0,Tidak ada
123,2023,Soppeng Riaja,5818.0,Data Tersedia,2024-04-17 11:06:49,Jumlah Pelanggan Listrik,558.0,Energi,139.0,,MTQwIzI=; MTQxIzI=; MTc4IzI=; MTM4IzI=; NTcjMg==; NTYjMg==; NTUjMg==,"Jumlah Pelanggan Air; Jumlah Pelanggan Air; Jumlah Pelanggan Air yang disalurkan; Daya Terpasang, Produksi, dan Distribusi Listrik PT. PLN (Persero) pada Cabang/Ranting PLN Menurut Kecamatan di Kabupaten Barru; Jumlah Guru; Jumlah Murid; Jumlah Sekolah",/2/MTQwIzI=/jumlah-pelanggan-air.html; /2/MTQxIzI=/jumlah-pelanggan-air.html; /2/MTc4IzI=/jumlah-pelanggan-air-yang-disalurkan.html; /2/MTM4IzI=/daya-terpasang--produksi--dan-distribusi-listrik-pt--pln--persero--pada-cabang-ranting-pln-menurut-kecamatan-di-kabupaten-barru.html; /2/NTcjMg==/jumlah-guru.html; /2/NTYjMg==/jumlah-murid.html; /2/NTUjMg==/jumlah-sekolah.html,5.0,0,Tidak ada
123,2023,Balusu,6128.0,Data Tersedia,2024-04-17 11:06:49,Jumlah Pelanggan Listrik,558.0,Energi,139.0,,MTQwIzI=; MTQxIzI=; MTc4IzI=; MTM4IzI=; NTcjMg==; NTYjMg==; NTUjMg==,"Jumlah Pelanggan Air; Jumlah Pelanggan Air; Jumlah Pelanggan Air yang disalurkan; Daya Terpasang, Produksi, dan Distribusi Listrik PT. PLN (Persero) pada Cabang/Ranting PLN Menurut Kecamatan di Kabupaten Barru; Jumlah Guru; Jumlah Murid; Jumlah Sekolah",/2/MTQwIzI=/jumlah-pelanggan-air.html; /2/MTQxIzI=/jumlah-pelanggan-air.html; /2/MTc4IzI=/jumlah-pelanggan-air-yang-disalurkan.html; /2/MTM4IzI=/daya-terpasang--produksi--dan-distribusi-listrik-pt--pln--persero--pada-cabang-ranting-pln-menurut-kecamatan-di-kabupaten-barru.html; /2/NTcjMg==/jumlah-guru.html; /2/NTYjMg==/jumlah-murid.html; /2/NTUjMg==/jumlah-sekolah.html,6.0,0,Tidak ada
123,2023,Mallusetasi,8314.0,Data Tersedia,2024-04-17 11:06:49,Jumlah Pelanggan Listrik,558.0,Energi,139.0,,MTQwIzI=; MTQxIzI=; MTc4IzI=; MTM4IzI=; NTcjMg==; NTYjMg==; NTUjMg==,"Jumlah Pelanggan Air; Jumlah Pelanggan Air; Jumlah Pelanggan Air yang disalurkan; Daya Terpasang, Produksi, dan Distribusi Listrik PT. PLN (Persero) pada Cabang/Ranting PLN Menurut Kecamatan di Kabupaten Barru; Jumlah Guru; Jumlah Murid; Jumlah Sekolah",/2/MTQwIzI=/jumlah-pelanggan-air.html; /2/MTQxIzI=/jumlah-pelanggan-air.html; /2/MTc4IzI=/jumlah-pelanggan-air-yang-disalurkan.html; /2/MTM4IzI=/daya-terpasang--produksi--dan-distribusi-listrik-pt--pln--persero--pada-cabang-ranting-pln-menurut-kecamatan-di-kabupaten-barru.html; /2/NTcjMg==/jumlah-guru.html; /2/NTYjMg==/jumlah-murid.html; /2/NTUjMg==/jumlah-sekolah.html,7.0,0,Tidak ada
123,2023,Kabupaten Barru,56010.0,Data Tersedia,2024-04-17 11:06:49,Jumlah Pelanggan Listrik,558.0,Energi,139.0,,MTQwIzI=; MTQxIzI=; MTc4IzI=; MTM4IzI=; NTcjMg==; NTYjMg==; NTUjMg==,"Jumlah Pelanggan Air; Jumlah Pelanggan Air; Jumlah Pelanggan Air yang disalurkan; Daya Terpasang, Produksi, dan Distribusi Listrik PT. PLN (Persero) pada Cabang/Ranting PLN Menurut Kecamatan di Kabupaten Barru; Jumlah Guru; Jumlah Murid; Jumlah Sekolah",/2/MTQwIzI=/jumlah-pelanggan-air.html; /2/MTQxIzI=/jumlah-pelanggan-air.html; /2/MTc4IzI=/jumlah-pelanggan-air-yang-disalurkan.html; /2/MTM4IzI=/daya-terpasang--produksi--dan-distribusi-listrik-pt--pln--persero--pada-cabang-ranting-pln-menurut-kecamatan-di-kabupaten-barru.html; /2/NTcjMg==/jumlah-guru.html; /2/NTYjMg==/jumlah-murid.html; /2/NTUjMg==/jumlah-sekolah.html,8.0,0,Tidak ada
124,,,,Data Tidak Ditemukan,,,,,,,,,,,,
125,,,,Data Tidak Ditemukan,,,,,,,,,,,,
