id_tahun,tahun,vervar_label,nilai,status,last_update,var_label,subject_id,subject_label,var_id,var_unit,related_ids,related_titles,related_links,vervar_id,turvar_id,turvar_label
100,,,,Data Tidak Ditemukan,,,,,,,,,,,,
101,,,,Data Tidak Ditemukan,,,,,,,,,,,,
102,,,,Data Tidak Ditemukan,,,,,,,,,,,,
103,,,,Data Tidak Ditemukan,,,,,,,,,,,,
104,,,,Data Tidak Ditemukan,,,,,,,,,,,,
105,,,,Data Tidak Ditemukan,,,,,,,,,,,,
106,,,,Data Tidak Ditemukan,,,,,,,,,,,,
107,,,,Data Tidak Ditemukan,,,,,,,,,,,,
108,,,,Data Tidak Ditemukan,,,,,,,,,,,,
109,,,,Data Tidak Ditemukan,,,,,,,,,,,,
110,,,,Data Tidak Ditemukan,,,,,,,,,,,,
111,,,,Data Tidak Ditemukan,,,,,,,,,,,,
112,,,,Data Tidak Ditemukan,,,,,,,,,,,,
113,,,,Data Tidak Ditemukan,,,,,,,,,,,,
114,,,,Data Tidak Ditemukan,,,,,,,,,,,,
115,,,,Data Tidak Ditemukan,,,,,,,,,,,,
116,,,,Data Tidak Ditemukan,,,,,,,,,,,,
117,,,,Data Tidak Ditemukan,,,,,,,,,,,,
118,,,,Data Tidak Ditemukan,,,,,,,,,,,,
119,,,,Data Tidak Ditemukan,,,,,,,,,,,,
120,,,,Data Tidak Ditemukan,,,,,,,,,,,,
121,,,,Data Tidak Ditemukan,,,,,,,,,,,,
122,2022,Konsumsi Akhir Rumah Tangga,60.56,Data Tersedia,2025-06-16 08:05:41,Distribusi Produk Domestik Regional Bruto (PDRB) Triwulanan Menurut Pengeluaran Atas Dasar Harga Berlaku Kabupaten Barru,531.0,Neraca Ekonomi,229.0,Persen,MjMwIzI=; MjI1IzI=; NjYjMg==; NjAjMg==; MjM0IzI=; MjMyIzI=; NTgjMg==,Distribusi Produk Domestik Regional Bruto (PDRB) Triwulanan Menurut Lapangan Usaha Atas Dasar Harga Berlaku Kabupaten Barru; Produk Domestik Regional Bruto (PDRB) Triwulanan Menurut Pengeluaran Kabupaten Barru; Distribusi PDRB Atas Dasar Harga Berlaku Menurut Pengeluaran di Kabupaten Barru; Distribusi PDRB Kabupaten Barru Atas Dasar Harga Berlaku Menurut Lapangan Usaha ; Laju Pertumbuhan Produk Domestik Regional Bruto (PDRB) Triwulanan Menurut Pengeluaran Kabupaten Barru; Laju Pertumbuhan Produk Domestik Regional Bruto (PDRB) Triwulanan Menurut Lapangan Usaha Kabupaten Barru; PDRB Kabupaten Barru Atas Dasar Harga Berlaku Menurut Lapangan Usaha ,/2/MjMwIzI=/distribusi-produk-domestik-regional-bruto--pdrb--triwulanan-menurut-lapangan-usaha-atas-dasar-harga-berlaku-kabupaten-barru.html; /2/MjI1IzI=/produk-domestik-regional-bruto--pdrb--triwulanan-menurut-pengeluaran-kabupaten-barru.html; /2/NjYjMg==/distribusi-pdrb-atas-dasar-harga-berlaku-menurut-pengeluaran-di-kabupaten-barru.html; /2/NjAjMg==/distribusi-pdrb-kabupaten-barru-atas-dasar-harga-berlaku-menurut-lapangan-usaha-.html; /2/MjM0IzI=/laju-pertumbuhan-produk-domestik-regional-bruto--pdrb--triwulanan-menurut-pengeluaran-kabupaten-barru.html; /2/MjMyIzI=/laju-pertumbuhan-produk-domestik-regional-bruto--pdrb--triwulanan-menurut-lapangan-usaha-kabupaten-barru.html; /2/NTgjMg==/pdrb-kabupaten-barru-atas-dasar-harga-berlaku-menurut-lapangan-usaha-.html,1.0,0,Tidak ada
122,2022,Konsumsi Akhir Pemerintah,6.75,Data Tersedia,2025-06-16 08:05:41,Distribusi Produk Domestik Regional Bruto (PDRB) Triwulanan Menurut Pengeluaran Atas Dasar Harga Berlaku Kabupaten Barru,531.0,Neraca Ekonomi,229.0,Persen,MjMwIzI=; MjI1IzI=; NjYjMg==; NjAjMg==; MjM0IzI=; MjMyIzI=; NTgjMg==,Distribusi Produk Domestik Regional Bruto (PDRB) Triwulanan Menurut Lapangan Usaha Atas Dasar Harga Berlaku Kabupaten Barru; Produk Domestik Regional Bruto (PDRB) Triwulanan Menurut Pengeluaran Kabupaten Barru; Distribusi PDRB Atas Dasar Harga Berlaku Menurut Pengeluaran di Kabupaten Barru; Distribusi PDRB Kabupaten Barru Atas Dasar Harga Berlaku Menurut Lapangan Usaha ; Laju Pertumbuhan Produk Domestik Regional Bruto (PDRB) Triwulanan Menurut Pengeluaran Kabupaten Barru; Laju Pertumbuhan Produk Domestik Regional Bruto (PDRB) Triwulanan Menurut Lapangan Usaha Kabupaten Barru; PDRB Kabupaten Barru Atas Dasar Harga Berlaku Menurut Lapangan Usaha ,/2/MjMwIzI=/distribusi-produk-domestik-regional-bruto--pdrb--triwulanan-menurut-lapangan-usaha-atas-dasar-harga-berlaku-kabupaten-barru.html; /2/MjI1IzI=/produk-domestik-regional-bruto--pdrb--triwulanan-menurut-pengeluaran-kabupaten-barru.html; /2/NjYjMg==/distribusi-pdrb-atas-dasar-harga-berlaku-menurut-pengeluaran-di-kabupaten-barru.html; /2/NjAjMg==/distribusi-pdrb-kabupaten-barru-atas-dasar-harga-berlaku-menurut-lapangan-usaha-.html; /2/MjM0IzI=/laju-pertumbuhan-produk-domestik-regional-bruto--pdrb--triwulanan-menurut-pengeluaran-kabupaten-barru.html; /2/MjMyIzI=/laju-pertumbuhan-produk-domestik-regional-bruto--pdrb--triwulanan-menurut-lapangan-usaha-kabupaten-barru.html; /2/NTgjMg==/pdrb-kabupaten-barru-atas-dasar-harga-berlaku-menurut-lapangan-usaha-.html,2.0,0,Tidak ada
122,2022,Pembentukan Modal Tetap Bruto,43.67,Data Tersedia,2025-06-16 08:05:41,Distribusi Produk Domestik Regional Bruto (PDRB) Triwulanan Menurut Pengeluaran Atas Dasar Harga Berlaku Kabupaten Barru,531.0,Neraca Ekonomi,229.0,Persen,MjMwIzI=; MjI1IzI=; NjYjMg==; NjAjMg==; MjM0IzI=; MjMyIzI=; NTgjMg==,Distribusi Produk Domestik Regional Bruto (PDRB) Triwulanan Menurut Lapangan Usaha Atas Dasar Harga Berlaku Kabupaten Barru; Produk Domestik Regional Bruto (PDRB) Triwulanan Menurut Pengeluaran Kabupaten Barru; Distribusi PDRB Atas Dasar Harga Berlaku Menurut Pengeluaran di Kabupaten Barru; Distribusi PDRB Kabupaten Barru Atas Dasar Harga Berlaku Menurut Lapangan Usaha ; Laju Pertumbuhan Produk Domestik Regional Bruto (PDRB) Triwulanan Menurut Pengeluaran Kabupaten Barru; Laju Pertumbuhan Produk Domestik Regional Bruto (PDRB) Triwulanan Menurut Lapangan Usaha Kabupaten Barru; PDRB Kabupaten Barru Atas Dasar Harga Berlaku Menurut Lapangan Usaha ,/2/MjMwIzI=/distribusi-produk-domestik-regional-bruto--pdrb--triwulanan-menurut-lapangan-usaha-atas-dasar-harga-berlaku-kabupaten-barru.html; /2/MjI1IzI=/produk-domestik-regional-bruto--pdrb--triwulanan-menurut-pengeluaran-kabupaten-barru.html; /2/NjYjMg==/distribusi-pdrb-atas-dasar-harga-berlaku-menurut-pengeluaran-di-kabupaten-barru.html; /2/NjAjMg==/distribusi-pdrb-kabupaten-barru-atas-dasar-harga-berlaku-menurut-lapangan-usaha-.html; /2/MjM0IzI=/laju-pertumbuhan-produk-domestik-regional-bruto--pdrb--triwulanan-menurut-pengeluaran-kabupaten-barru.html; /2/MjMyIzI=/laju-pertumbuhan-produk-domestik-regional-bruto--pdrb--triwulanan-menurut-lapangan-usaha-kabupaten-barru.html; /2/NTgjMg==/pdrb-kabupaten-barru-atas-dasar-harga-berlaku-menurut-lapangan-usaha-.html,3.0,0,Tidak ada
122,2022,Lainnya,-10.98,Data Tersedia,2025-06-16 08:05:41,Distribusi Produk Domestik Regional Bruto (PDRB) Triwulanan Menurut Pengeluaran Atas Dasar Harga Berlaku Kabupaten Barru,531.0,Neraca Ekonomi,229.0,Persen,MjMwIzI=; MjI1IzI=; NjYjMg==; NjAjMg==; MjM0IzI=; MjMyIzI=; NTgjMg==,Distribusi Produk Domestik Regional Bruto (PDRB) Triwulanan Menurut Lapangan Usaha Atas Dasar Harga Berlaku Kabupaten Barru; Produk Domestik Regional Bruto (PDRB) Triwulanan Menurut Pengeluaran Kabupaten Barru; Distribusi PDRB Atas Dasar Harga Berlaku Menurut Pengeluaran di Kabupaten Barru; Distribusi PDRB Kabupaten Barru Atas Dasar Harga Berlaku Menurut Lapangan Usaha ; Laju Pertumbuhan Produk Domestik Regional Bruto (PDRB) Triwulanan Menurut Pengeluaran Kabupaten Barru; Laju Pertumbuhan Produk Domestik Regional Bruto (PDRB) Triwulanan Menurut Lapangan Usaha Kabupaten Barru; PDRB Kabupaten Barru Atas Dasar Harga Berlaku Menurut Lapangan Usaha ,/2/MjMwIzI=/distribusi-produk-domestik-regional-bruto--pdrb--triwulanan-menurut-lapangan-usaha-atas-dasar-harga-berlaku-kabupaten-barru.html; /2/MjI1IzI=/produk-domestik-regional-bruto--pdrb--triwulanan-menurut-pengeluaran-kabupaten-barru.html; /2/NjYjMg==/distribusi-pdrb-atas-dasar-harga-berlaku-menurut-pengeluaran-di-kabupaten-barru.html; /2/NjAjMg==/distribusi-pdrb-kabupaten-barru-atas-dasar-harga-berlaku-menurut-lapangan-usaha-.html; /2/MjM0IzI=/laju-pertumbuhan-produk-domestik-regional-bruto--pdrb--triwulanan-menurut-pengeluaran-kabupaten-barru.html; /2/MjMyIzI=/laju-pertumbuhan-produk-domestik-regional-bruto--pdrb--triwulanan-menurut-lapangan-usaha-kabupaten-barru.html; /2/NTgjMg==/pdrb-kabupaten-barru-atas-dasar-harga-berlaku-menurut-lapangan-usaha-.html,4.0,0,Tidak ada
122,2022,Produk Domestik Regional Bruto,100.0,Data Tersedia,2025-06-16 08:05:41,Distribusi Produk Domestik Regional Bruto (PDRB) Triwulanan Menurut Pengeluaran Atas Dasar Harga Berlaku Kabupaten Barru,531.0,Neraca Ekonomi,229.0,Persen,MjMwIzI=; MjI1IzI=; NjYjMg==; NjAjMg==; MjM0IzI=; MjMyIzI=; NTgjMg==,Distribusi Produk Domestik Regional Bruto (PDRB) Triwulanan Menurut Lapangan Usaha Atas Dasar Harga Berlaku Kabupaten Barru; Produk Domestik Regional Bruto (PDRB) Triwulanan Menurut Pengeluaran Kabupaten Barru; Distribusi PDRB Atas Dasar Harga Berlaku Menurut Pengeluaran di Kabupaten Barru; Distribusi PDRB Kabupaten Barru Atas Dasar Harga Berlaku Menurut Lapangan Usaha ; Laju Pertumbuhan Produk Domestik Regional Bruto (PDRB) Triwulanan Menurut Pengeluaran Kabupaten Barru; Laju Pertumbuhan Produk Domestik Regional Bruto (PDRB) Triwulanan Menurut Lapangan Usaha Kabupaten Barru; PDRB Kabupaten Barru Atas Dasar Harga Berlaku Menurut Lapangan Usaha ,/2/MjMwIzI=/distribusi-produk-domestik-regional-bruto--pdrb--triwulanan-menurut-lapangan-usaha-atas-dasar-harga-berlaku-kabupaten-barru.html; /2/MjI1IzI=/produk-domestik-regional-bruto--pdrb--triwulanan-menurut-pengeluaran-kabupaten-barru.html; /2/NjYjMg==/distribusi-pdrb-atas-dasar-harga-berlaku-menurut-pengeluaran-di-kabupaten-barru.html; /2/NjAjMg==/distribusi-pdrb-kabupaten-barru-atas-dasar-harga-berlaku-menurut-lapangan-usaha-.html; /2/MjM0IzI=/laju-pertumbuhan-produk-domestik-regional-bruto--pdrb--triwulanan-menurut-pengeluaran-kabupaten-barru.html; /2/MjMyIzI=/laju-pertumbuhan-produk-domestik-regional-bruto--pdrb--triwulanan-menurut-lapangan-usaha-kabupaten-barru.html; /2/NTgjMg==/pdrb-kabupaten-barru-atas-dasar-harga-berlaku-menurut-lapangan-usaha-.html,5.0,0,Tidak ada
123,2023,Konsumsi Akhir Rumah Tangga,61.55,Data Tersedia,2025-06-16 08:05:41,Distribusi Produk Domestik Regional Bruto (PDRB) Triwulanan Menurut Pengeluaran Atas Dasar Harga Berlaku Kabupaten Barru,531.0,Neraca Ekonomi,229.0,Persen,MjMwIzI=; MjI1IzI=; NjYjMg==; NjAjMg==; MjM0IzI=; MjMyIzI=; NTgjMg==,Distribusi Produk Domestik Regional Bruto (PDRB) Triwulanan Menurut Lapangan Usaha Atas Dasar Harga Berlaku Kabupaten Barru; Produk Domestik Regional Bruto (PDRB) Triwulanan Menurut Pengeluaran Kabupaten Barru; Distribusi PDRB Atas Dasar Harga Berlaku Menurut Pengeluaran di Kabupaten Barru; Distribusi PDRB Kabupaten Barru Atas Dasar Harga Berlaku Menurut Lapangan Usaha ; Laju Pertumbuhan Produk Domestik Regional Bruto (PDRB) Triwulanan Menurut Pengeluaran Kabupaten Barru; Laju Pertumbuhan Produk Domestik Regional Bruto (PDRB) Triwulanan Menurut Lapangan Usaha Kabupaten Barru; PDRB Kabupaten Barru Atas Dasar Harga Berlaku Menurut Lapangan Usaha ,/2/MjMwIzI=/distribusi-produk-domestik-regional-bruto--pdrb--triwulanan-menurut-lapangan-usaha-atas-dasar-harga-berlaku-kabupaten-barru.html; /2/MjI1IzI=/produk-domestik-regional-bruto--pdrb--triwulanan-menurut-pengeluaran-kabupaten-barru.html; /2/NjYjMg==/distribusi-pdrb-atas-dasar-harga-berlaku-menurut-pengeluaran-di-kabupaten-barru.html; /2/NjAjMg==/distribusi-pdrb-kabupaten-barru-atas-dasar-harga-berlaku-menurut-lapangan-usaha-.html; /2/MjM0IzI=/laju-pertumbuhan-produk-domestik-regional-bruto--pdrb--triwulanan-menurut-pengeluaran-kabupaten-barru.html; /2/MjMyIzI=/laju-pertumbuhan-produk-domestik-regional-bruto--pdrb--triwulanan-menurut-lapangan-usaha-kabupaten-barru.html; /2/NTgjMg==/pdrb-kabupaten-barru-atas-dasar-harga-berlaku-menurut-lapangan-usaha-.html,1.0,0,Tidak ada
123,2023,Konsumsi Akhir Pemerintah,6.25,Data Tersedia,2025-06-16 08:05:41,Distribusi Produk Domestik Regional Bruto (PDRB) Triwulanan Menurut Pengeluaran Atas Dasar Harga Berlaku Kabupaten Barru,531.0,Neraca Ekonomi,229.0,Persen,MjMwIzI=; MjI1IzI=; NjYjMg==; NjAjMg==; MjM0IzI=; MjMyIzI=; NTgjMg==,Distribusi Produk Domestik Regional Bruto (PDRB) Triwulanan Menurut Lapangan Usaha Atas Dasar Harga Berlaku Kabupaten Barru; Produk Domestik Regional Bruto (PDRB) Triwulanan Menurut Pengeluaran Kabupaten Barru; Distribusi PDRB Atas Dasar Harga Berlaku Menurut Pengeluaran di Kabupaten Barru; Distribusi PDRB Kabupaten Barru Atas Dasar Harga Berlaku Menurut Lapangan Usaha ; Laju Pertumbuhan Produk Domestik Regional Bruto (PDRB) Triwulanan Menurut Pengeluaran Kabupaten Barru; Laju Pertumbuhan Produk Domestik Regional Bruto (PDRB) Triwulanan Menurut Lapangan Usaha Kabupaten Barru; PDRB Kabupaten Barru Atas Dasar Harga Berlaku Menurut Lapangan Usaha ,/2/MjMwIzI=/distribusi-produk-domestik-regional-bruto--pdrb--triwulanan-menurut-lapangan-usaha-atas-dasar-harga-berlaku-kabupaten-barru.html; /2/MjI1IzI=/produk-domestik-regional-bruto--pdrb--triwulanan-menurut-pengeluaran-kabupaten-barru.html; /2/NjYjMg==/distribusi-pdrb-atas-dasar-harga-berlaku-menurut-pengeluaran-di-kabupaten-barru.html; /2/NjAjMg==/distribusi-pdrb-kabupaten-barru-atas-dasar-harga-berlaku-menurut-lapangan-usaha-.html; /2/MjM0IzI=/laju-pertumbuhan-produk-domestik-regional-bruto--pdrb--triwulanan-menurut-pengeluaran-kabupaten-barru.html; /2/MjMyIzI=/laju-pertumbuhan-produk-domestik-regional-bruto--pdrb--triwulanan-menurut-lapangan-usaha-kabupaten-barru.html; /2/NTgjMg==/pdrb-kabupaten-barru-atas-dasar-harga-berlaku-menurut-lapangan-usaha-.html,2.0,0,Tidak ada
123,2023,Pembentukan Modal Tetap Bruto,44.81,Data Tersedia,2025-06-16 08:05:41,Distribusi Produk Domestik Regional Bruto (PDRB) Triwulanan Menurut Pengeluaran Atas Dasar Harga Berlaku Kabupaten Barru,531.0,Neraca Ekonomi,229.0,Persen,MjMwIzI=; MjI1IzI=; NjYjMg==; NjAjMg==; MjM0IzI=; MjMyIzI=; NTgjMg==,Distribusi Produk Domestik Regional Bruto (PDRB) Triwulanan Menurut Lapangan Usaha Atas Dasar Harga Berlaku Kabupaten Barru; Produk Domestik Regional Bruto (PDRB) Triwulanan Menurut Pengeluaran Kabupaten Barru; Distribusi PDRB Atas Dasar Harga Berlaku Menurut Pengeluaran di Kabupaten Barru; Distribusi PDRB Kabupaten Barru Atas Dasar Harga Berlaku Menurut Lapangan Usaha ; Laju Pertumbuhan Produk Domestik Regional Bruto (PDRB) Triwulanan Menurut Pengeluaran Kabupaten Barru; Laju Pertumbuhan Produk Domestik Regional Bruto (PDRB) Triwulanan Menurut Lapangan Usaha Kabupaten Barru; PDRB Kabupaten Barru Atas Dasar Harga Berlaku Menurut Lapangan Usaha ,/2/MjMwIzI=/distribusi-produk-domestik-regional-bruto--pdrb--triwulanan-menurut-lapangan-usaha-atas-dasar-harga-berlaku-kabupaten-barru.html; /2/MjI1IzI=/produk-domestik-regional-bruto--pdrb--triwulanan-menurut-pengeluaran-kabupaten-barru.html; /2/NjYjMg==/distribusi-pdrb-atas-dasar-harga-berlaku-menurut-pengeluaran-di-kabupaten-barru.html; /2/NjAjMg==/distribusi-pdrb-kabupaten-barru-atas-dasar-harga-berlaku-menurut-lapangan-usaha-.html; /2/MjM0IzI=/laju-pertumbuhan-produk-domestik-regional-bruto--pdrb--triwulanan-menurut-pengeluaran-kabupaten-barru.html; /2/MjMyIzI=/laju-pertumbuhan-produk-domestik-regional-bruto--pdrb--triwulanan-menurut-lapangan-usaha-kabupaten-barru.html; /2/NTgjMg==/pdrb-kabupaten-barru-atas-dasar-harga-berlaku-menurut-lapangan-usaha-.html,3.0,0,Tidak ada
123,2023,Lainnya,-12.61,Data Tersedia,2025-06-16 08:05:41,Distribusi Produk Domestik Regional Bruto (PDRB) Triwulanan Menurut Pengeluaran Atas Dasar Harga Berlaku Kabupaten Barru,531.0,Neraca Ekonomi,229.0,Persen,MjMwIzI=; MjI1IzI=; NjYjMg==; NjAjMg==; MjM0IzI=; MjMyIzI=; NTgjMg==,Distribusi Produk Domestik Regional Bruto (PDRB) Triwulanan Menurut Lapangan Usaha Atas Dasar Harga Berlaku Kabupaten Barru; Produk Domestik Regional Bruto (PDRB) Triwulanan Menurut Pengeluaran Kabupaten Barru; Distribusi PDRB Atas Dasar Harga Berlaku Menurut Pengeluaran di Kabupaten Barru; Distribusi PDRB Kabupaten Barru Atas Dasar Harga Berlaku Menurut Lapangan Usaha ; Laju Pertumbuhan Produk Domestik Regional Bruto (PDRB) Triwulanan Menurut Pengeluaran Kabupaten Barru; Laju Pertumbuhan Produk Domestik Regional Bruto (PDRB) Triwulanan Menurut Lapangan Usaha Kabupaten Barru; PDRB Kabupaten Barru Atas Dasar Harga Berlaku Menurut Lapangan Usaha ,/2/MjMwIzI=/distribusi-produk-domestik-regional-bruto--pdrb--triwulanan-menurut-lapangan-usaha-atas-dasar-harga-berlaku-kabupaten-barru.html; /2/MjI1IzI=/produk-domestik-regional-bruto--pdrb--triwulanan-menurut-pengeluaran-kabupaten-barru.html; /2/NjYjMg==/distribusi-pdrb-atas-dasar-harga-berlaku-menurut-pengeluaran-di-kabupaten-barru.html; /2/NjAjMg==/distribusi-pdrb-kabupaten-barru-atas-dasar-harga-berlaku-menurut-lapangan-usaha-.html; /2/MjM0IzI=/laju-pertumbuhan-produk-domestik-regional-bruto--pdrb--triwulanan-menurut-pengeluaran-kabupaten-barru.html; /2/MjMyIzI=/laju-pertumbuhan-produk-domestik-regional-bruto--pdrb--triwulanan-menurut-lapangan-usaha-kabupaten-barru.html; /2/NTgjMg==/pdrb-kabupaten-barru-atas-dasar-harga-berlaku-menurut-lapangan-usaha-.html,4.0,0,Tidak ada
123,2023,Produk Domestik Regional Bruto,100.0,Data Tersedia,2025-06-16 08:05:41,Distribusi Produk Domestik Regional Bruto (PDRB) Triwulanan Menurut Pengeluaran Atas Dasar Harga Berlaku Kabupaten Barru,531.0,Neraca Ekonomi,229.0,Persen,MjMwIzI=; MjI1IzI=; NjYjMg==; NjAjMg==; MjM0IzI=; MjMyIzI=; NTgjMg==,Distribusi Produk Domestik Regional Bruto (PDRB) Triwulanan Menurut Lapangan Usaha Atas Dasar Harga Berlaku Kabupaten Barru; Produk Domestik Regional Bruto (PDRB) Triwulanan Menurut Pengeluaran Kabupaten Barru; Distribusi PDRB Atas Dasar Harga Berlaku Menurut Pengeluaran di Kabupaten Barru; Distribusi PDRB Kabupaten Barru Atas Dasar Harga Berlaku Menurut Lapangan Usaha ; Laju Pertumbuhan Produk Domestik Regional Bruto (PDRB) Triwulanan Menurut Pengeluaran Kabupaten Barru; Laju Pertumbuhan Produk Domestik Regional Bruto (PDRB) Triwulanan Menurut Lapangan Usaha Kabupaten Barru; PDRB Kabupaten Barru Atas Dasar Harga Berlaku Menurut Lapangan Usaha ,/2/MjMwIzI=/distribusi-produk-domestik-regional-bruto--pdrb--triwulanan-menurut-lapangan-usaha-atas-dasar-harga-berlaku-kabupaten-barru.html; /2/MjI1IzI=/produk-domestik-regional-bruto--pdrb--triwulanan-menurut-pengeluaran-kabupaten-barru.html; /2/NjYjMg==/distribusi-pdrb-atas-dasar-harga-berlaku-menurut-pengeluaran-di-kabupaten-barru.html; /2/NjAjMg==/distribusi-pdrb-kabupaten-barru-atas-dasar-harga-berlaku-menurut-lapangan-usaha-.html; /2/MjM0IzI=/laju-pertumbuhan-produk-domestik-regional-bruto--pdrb--triwulanan-menurut-pengeluaran-kabupaten-barru.html; /2/MjMyIzI=/laju-pertumbuhan-produk-domestik-regional-bruto--pdrb--triwulanan-menurut-lapangan-usaha-kabupaten-barru.html; /2/NTgjMg==/pdrb-kabupaten-barru-atas-dasar-harga-berlaku-menurut-lapangan-usaha-.html,5.0,0,Tidak ada
124,2024,Konsumsi Akhir Rumah Tangga,66.84,Data Tersedia,2025-06-16 08:05:41,Distribusi Produk Domestik Regional Bruto (PDRB) Triwulanan Menurut Pengeluaran Atas Dasar Harga Berlaku Kabupaten Barru,531.0,Neraca Ekonomi,229.0,Persen,MjMwIzI=; MjI1IzI=; NjYjMg==; NjAjMg==; MjM0IzI=; MjMyIzI=; NTgjMg==,Distribusi Produk Domestik Regional Bruto (PDRB) Triwulanan Menurut Lapangan Usaha Atas Dasar Harga Berlaku Kabupaten Barru; Produk Domestik Regional Bruto (PDRB) Triwulanan Menurut Pengeluaran Kabupaten Barru; Distribusi PDRB Atas Dasar Harga Berlaku Menurut Pengeluaran di Kabupaten Barru; Distribusi PDRB Kabupaten Barru Atas Dasar Harga Berlaku Menurut Lapangan Usaha ; Laju Pertumbuhan Produk Domestik Regional Bruto (PDRB) Triwulanan Menurut Pengeluaran Kabupaten Barru; Laju Pertumbuhan Produk Domestik Regional Bruto (PDRB) Triwulanan Menurut Lapangan Usaha Kabupaten Barru; PDRB Kabupaten Barru Atas Dasar Harga Berlaku Menurut Lapangan Usaha ,/2/MjMwIzI=/distribusi-produk-domestik-regional-bruto--pdrb--triwulanan-menurut-lapangan-usaha-atas-dasar-harga-berlaku-kabupaten-barru.html; /2/MjI1IzI=/produk-domestik-regional-bruto--pdrb--triwulanan-menurut-pengeluaran-kabupaten-barru.html; /2/NjYjMg==/distribusi-pdrb-atas-dasar-harga-berlaku-menurut-pengeluaran-di-kabupaten-barru.html; /2/NjAjMg==/distribusi-pdrb-kabupaten-barru-atas-dasar-harga-berlaku-menurut-lapangan-usaha-.html; /2/MjM0IzI=/laju-pertumbuhan-produk-domestik-regional-bruto--pdrb--triwulanan-menurut-pengeluaran-kabupaten-barru.html; /2/MjMyIzI=/laju-pertumbuhan-produk-domestik-regional-bruto--pdrb--triwulanan-menurut-lapangan-usaha-kabupaten-barru.html; /2/NTgjMg==/pdrb-kabupaten-barru-atas-dasar-harga-berlaku-menurut-lapangan-usaha-.html,1.0,0,Tidak ada
124,2024,Konsumsi Akhir Pemerintah,7.62,Data Tersedia,2025-06-16 08:05:41,Distribusi Produk Domestik Regional Bruto (PDRB) Triwulanan Menurut Pengeluaran Atas Dasar Harga Berlaku Kabupaten Barru,531.0,Neraca Ekonomi,229.0,Persen,MjMwIzI=; MjI1IzI=; NjYjMg==; NjAjMg==; MjM0IzI=; MjMyIzI=; NTgjMg==,Distribusi Produk Domestik Regional Bruto (PDRB) Triwulanan Menurut Lapangan Usaha Atas Dasar Harga Berlaku Kabupaten Barru; Produk Domestik Regional Bruto (PDRB) Triwulanan Menurut Pengeluaran Kabupaten Barru; Distribusi PDRB Atas Dasar Harga Berlaku Menurut Pengeluaran di Kabupaten Barru; Distribusi PDRB Kabupaten Barru Atas Dasar Harga Berlaku Menurut Lapangan Usaha ; Laju Pertumbuhan Produk Domestik Regional Bruto (PDRB) Triwulanan Menurut Pengeluaran Kabupaten Barru; Laju Pertumbuhan Produk Domestik Regional Bruto (PDRB) Triwulanan Menurut Lapangan Usaha Kabupaten Barru; PDRB Kabupaten Barru Atas Dasar Harga Berlaku Menurut Lapangan Usaha ,/2/MjMwIzI=/distribusi-produk-domestik-regional-bruto--pdrb--triwulanan-menurut-lapangan-usaha-atas-dasar-harga-berlaku-kabupaten-barru.html; /2/MjI1IzI=/produk-domestik-regional-bruto--pdrb--triwulanan-menurut-pengeluaran-kabupaten-barru.html; /2/NjYjMg==/distribusi-pdrb-atas-dasar-harga-berlaku-menurut-pengeluaran-di-kabupaten-barru.html; /2/NjAjMg==/distribusi-pdrb-kabupaten-barru-atas-dasar-harga-berlaku-menurut-lapangan-usaha-.html; /2/MjM0IzI=/laju-pertumbuhan-produk-domestik-regional-bruto--pdrb--triwulanan-menurut-pengeluaran-kabupaten-barru.html; /2/MjMyIzI=/laju-pertumbuhan-produk-domestik-regional-bruto--pdrb--triwulanan-menurut-lapangan-usaha-kabupaten-barru.html; /2/NTgjMg==/pdrb-kabupaten-barru-atas-dasar-harga-berlaku-menurut-lapangan-usaha-.html,2.0,0,Tidak ada
124,2024,Pembentukan Modal Tetap Bruto,45.49,Data Tersedia,2025-06-16 08:05:41,Distribusi Produk Domestik Regional Bruto (PDRB) Triwulanan Menurut Pengeluaran Atas Dasar Harga Berlaku Kabupaten Barru,531.0,Neraca Ekonomi,229.0,Persen,MjMwIzI=; MjI1IzI=; NjYjMg==; NjAjMg==; MjM0IzI=; MjMyIzI=; NTgjMg==,Distribusi Produk Domestik Regional Bruto (PDRB) Triwulanan Menurut Lapangan Usaha Atas Dasar Harga Berlaku Kabupaten Barru; Produk Domestik Regional Bruto (PDRB) Triwulanan Menurut Pengeluaran Kabupaten Barru; Distribusi PDRB Atas Dasar Harga Berlaku Menurut Pengeluaran di Kabupaten Barru; Distribusi PDRB Kabupaten Barru Atas Dasar Harga Berlaku Menurut Lapangan Usaha ; Laju Pertumbuhan Produk Domestik Regional Bruto (PDRB) Triwulanan Menurut Pengeluaran Kabupaten Barru; Laju Pertumbuhan Produk Domestik Regional Bruto (PDRB) Triwulanan Menurut Lapangan Usaha Kabupaten Barru; PDRB Kabupaten Barru Atas Dasar Harga Berlaku Menurut Lapangan Usaha ,/2/MjMwIzI=/distribusi-produk-domestik-regional-bruto--pdrb--triwulanan-menurut-lapangan-usaha-atas-dasar-harga-berlaku-kabupaten-barru.html; /2/MjI1IzI=/produk-domestik-regional-bruto--pdrb--triwulanan-menurut-pengeluaran-kabupaten-barru.html; /2/NjYjMg==/distribusi-pdrb-atas-dasar-harga-berlaku-menurut-pengeluaran-di-kabupaten-barru.html; /2/NjAjMg==/distribusi-pdrb-kabupaten-barru-atas-dasar-harga-berlaku-menurut-lapangan-usaha-.html; /2/MjM0IzI=/laju-pertumbuhan-produk-domestik-regional-bruto--pdrb--triwulanan-menurut-pengeluaran-kabupaten-barru.html; /2/MjMyIzI=/laju-pertumbuhan-produk-domestik-regional-bruto--pdrb--triwulanan-menurut-lapangan-usaha-kabupaten-barru.html; /2/NTgjMg==/pdrb-kabupaten-barru-atas-dasar-harga-berlaku-menurut-lapangan-usaha-.html,3.0,0,Tidak ada
124,2024,Lainnya,-19.95,Data Tersedia,2025-06-16 08:05:41,Distribusi Produk Domestik Regional Bruto (PDRB) Triwulanan Menurut Pengeluaran Atas Dasar Harga Berlaku Kabupaten Barru,531.0,Neraca Ekonomi,229.0,Persen,MjMwIzI=; MjI1IzI=; NjYjMg==; NjAjMg==; MjM0IzI=; MjMyIzI=; NTgjMg==,Distribusi Produk Domestik Regional Bruto (PDRB) Triwulanan Menurut Lapangan Usaha Atas Dasar Harga Berlaku Kabupaten Barru; Produk Domestik Regional Bruto (PDRB) Triwulanan Menurut Pengeluaran Kabupaten Barru; Distribusi PDRB Atas Dasar Harga Berlaku Menurut Pengeluaran di Kabupaten Barru; Distribusi PDRB Kabupaten Barru Atas Dasar Harga Berlaku Menurut Lapangan Usaha ; Laju Pertumbuhan Produk Domestik Regional Bruto (PDRB) Triwulanan Menurut Pengeluaran Kabupaten Barru; Laju Pertumbuhan Produk Domestik Regional Bruto (PDRB) Triwulanan Menurut Lapangan Usaha Kabupaten Barru; PDRB Kabupaten Barru Atas Dasar Harga Berlaku Menurut Lapangan Usaha ,/2/MjMwIzI=/distribusi-produk-domestik-regional-bruto--pdrb--triwulanan-menurut-lapangan-usaha-atas-dasar-harga-berlaku-kabupaten-barru.html; /2/MjI1IzI=/produk-domestik-regional-bruto--pdrb--triwulanan-menurut-pengeluaran-kabupaten-barru.html; /2/NjYjMg==/distribusi-pdrb-atas-dasar-harga-berlaku-menurut-pengeluaran-di-kabupaten-barru.html; /2/NjAjMg==/distribusi-pdrb-kabupaten-barru-atas-dasar-harga-berlaku-menurut-lapangan-usaha-.html; /2/MjM0IzI=/laju-pertumbuhan-produk-domestik-regional-bruto--pdrb--triwulanan-menurut-pengeluaran-kabupaten-barru.html; /2/MjMyIzI=/laju-pertumbuhan-produk-domestik-regional-bruto--pdrb--triwulanan-menurut-lapangan-usaha-kabupaten-barru.html; /2/NTgjMg==/pdrb-kabupaten-barru-atas-dasar-harga-berlaku-menurut-lapangan-usaha-.html,4.0,0,Tidak ada
124,2024,Produk Domestik Regional Bruto,100.0,Data Tersedia,2025-06-16 08:05:41,Distribusi Produk Domestik Regional Bruto (PDRB) Triwulanan Menurut Pengeluaran Atas Dasar Harga Berlaku Kabupaten Barru,531.0,Neraca Ekonomi,229.0,Persen,MjMwIzI=; MjI1IzI=; NjYjMg==; NjAjMg==; MjM0IzI=; MjMyIzI=; NTgjMg==,Distribusi Produk Domestik Regional Bruto (PDRB) Triwulanan Menurut Lapangan Usaha Atas Dasar Harga Berlaku Kabupaten Barru; Produk Domestik Regional Bruto (PDRB) Triwulanan Menurut Pengeluaran Kabupaten Barru; Distribusi PDRB Atas Dasar Harga Berlaku Menurut Pengeluaran di Kabupaten Barru; Distribusi PDRB Kabupaten Barru Atas Dasar Harga Berlaku Menurut Lapangan Usaha ; Laju Pertumbuhan Produk Domestik Regional Bruto (PDRB) Triwulanan Menurut Pengeluaran Kabupaten Barru; Laju Pertumbuhan Produk Domestik Regional Bruto (PDRB) Triwulanan Menurut Lapangan Usaha Kabupaten Barru; PDRB Kabupaten Barru Atas Dasar Harga Berlaku Menurut Lapangan Usaha ,/2/MjMwIzI=/distribusi-produk-domestik-regional-bruto--pdrb--triwulanan-menurut-lapangan-usaha-atas-dasar-harga-berlaku-kabupaten-barru.html; /2/MjI1IzI=/produk-domestik-regional-bruto--pdrb--triwulanan-menurut-pengeluaran-kabupaten-barru.html; /2/NjYjMg==/distribusi-pdrb-atas-dasar-harga-berlaku-menurut-pengeluaran-di-kabupaten-barru.html; /2/NjAjMg==/distribusi-pdrb-kabupaten-barru-atas-dasar-harga-berlaku-menurut-lapangan-usaha-.html; /2/MjM0IzI=/laju-pertumbuhan-produk-domestik-regional-bruto--pdrb--triwulanan-menurut-pengeluaran-kabupaten-barru.html; /2/MjMyIzI=/laju-pertumbuhan-produk-domestik-regional-bruto--pdrb--triwulanan-menurut-lapangan-usaha-kabupaten-barru.html; /2/NTgjMg==/pdrb-kabupaten-barru-atas-dasar-harga-berlaku-menurut-lapangan-usaha-.html,5.0,0,Tidak ada
125,2025,Konsumsi Akhir Rumah Tangga,64.05,Data Tersedia,2025-06-16 08:05:41,Distribusi Produk Domestik Regional Bruto (PDRB) Triwulanan Menurut Pengeluaran Atas Dasar Harga Berlaku Kabupaten Barru,531.0,Neraca Ekonomi,229.0,Persen,MjMwIzI=; MjI1IzI=; NjYjMg==; NjAjMg==; MjM0IzI=; MjMyIzI=; NTgjMg==,Distribusi Produk Domestik Regional Bruto (PDRB) Triwulanan Menurut Lapangan Usaha Atas Dasar Harga Berlaku Kabupaten Barru; Produk Domestik Regional Bruto (PDRB) Triwulanan Menurut Pengeluaran Kabupaten Barru; Distribusi PDRB Atas Dasar Harga Berlaku Menurut Pengeluaran di Kabupaten Barru; Distribusi PDRB Kabupaten Barru Atas Dasar Harga Berlaku Menurut Lapangan Usaha ; Laju Pertumbuhan Produk Domestik Regional Bruto (PDRB) Triwulanan Menurut Pengeluaran Kabupaten Barru; Laju Pertumbuhan Produk Domestik Regional Bruto (PDRB) Triwulanan Menurut Lapangan Usaha Kabupaten Barru; PDRB Kabupaten Barru Atas Dasar Harga Berlaku Menurut Lapangan Usaha ,/2/MjMwIzI=/distribusi-produk-domestik-regional-bruto--pdrb--triwulanan-menurut-lapangan-usaha-atas-dasar-harga-berlaku-kabupaten-barru.html; /2/MjI1IzI=/produk-domestik-regional-bruto--pdrb--triwulanan-menurut-pengeluaran-kabupaten-barru.html; /2/NjYjMg==/distribusi-pdrb-atas-dasar-harga-berlaku-menurut-pengeluaran-di-kabupaten-barru.html; /2/NjAjMg==/distribusi-pdrb-kabupaten-barru-atas-dasar-harga-berlaku-menurut-lapangan-usaha-.html; /2/MjM0IzI=/laju-pertumbuhan-produk-domestik-regional-bruto--pdrb--triwulanan-menurut-pengeluaran-kabupaten-barru.html; /2/MjMyIzI=/laju-pertumbuhan-produk-domestik-regional-bruto--pdrb--triwulanan-menurut-lapangan-usaha-kabupaten-barru.html; /2/NTgjMg==/pdrb-kabupaten-barru-atas-dasar-harga-berlaku-menurut-lapangan-usaha-.html,1.0,0,Tidak ada
125,2025,Konsumsi Akhir Pemerintah,7.15,Data Tersedia,2025-06-16 08:05:41,Distribusi Produk Domestik Regional Bruto (PDRB) Triwulanan Menurut Pengeluaran Atas Dasar Harga Berlaku Kabupaten Barru,531.0,Neraca Ekonomi,229.0,Persen,MjMwIzI=; MjI1IzI=; NjYjMg==; NjAjMg==; MjM0IzI=; MjMyIzI=; NTgjMg==,Distribusi Produk Domestik Regional Bruto (PDRB) Triwulanan Menurut Lapangan Usaha Atas Dasar Harga Berlaku Kabupaten Barru; Produk Domestik Regional Bruto (PDRB) Triwulanan Menurut Pengeluaran Kabupaten Barru; Distribusi PDRB Atas Dasar Harga Berlaku Menurut Pengeluaran di Kabupaten Barru; Distribusi PDRB Kabupaten Barru Atas Dasar Harga Berlaku Menurut Lapangan Usaha ; Laju Pertumbuhan Produk Domestik Regional Bruto (PDRB) Triwulanan Menurut Pengeluaran Kabupaten Barru; Laju Pertumbuhan Produk Domestik Regional Bruto (PDRB) Triwulanan Menurut Lapangan Usaha Kabupaten Barru; PDRB Kabupaten Barru Atas Dasar Harga Berlaku Menurut Lapangan Usaha ,/2/MjMwIzI=/distribusi-produk-domestik-regional-bruto--pdrb--triwulanan-menurut-lapangan-usaha-atas-dasar-harga-berlaku-kabupaten-barru.html; /2/MjI1IzI=/produk-domestik-regional-bruto--pdrb--triwulanan-menurut-pengeluaran-kabupaten-barru.html; /2/NjYjMg==/distribusi-pdrb-atas-dasar-harga-berlaku-menurut-pengeluaran-di-kabupaten-barru.html; /2/NjAjMg==/distribusi-pdrb-kabupaten-barru-atas-dasar-harga-berlaku-menurut-lapangan-usaha-.html; /2/MjM0IzI=/laju-pertumbuhan-produk-domestik-regional-bruto--pdrb--triwulanan-menurut-pengeluaran-kabupaten-barru.html; /2/MjMyIzI=/laju-pertumbuhan-produk-domestik-regional-bruto--pdrb--triwulanan-menurut-lapangan-usaha-kabupaten-barru.html; /2/NTgjMg==/pdrb-kabupaten-barru-atas-dasar-harga-berlaku-menurut-lapangan-usaha-.html,2.0,0,Tidak ada
125,2025,Pembentukan Modal Tetap Bruto,42.57,Data Tersedia,2025-06-16 08:05:41,Distribusi Produk Domestik Regional Bruto (PDRB) Triwulanan Menurut Pengeluaran Atas Dasar Harga Berlaku Kabupaten Barru,531.0,Neraca Ekonomi,229.0,Persen,MjMwIzI=; MjI1IzI=; NjYjMg==; NjAjMg==; MjM0IzI=; MjMyIzI=; NTgjMg==,Distribusi Produk Domestik Regional Bruto (PDRB) Triwulanan Menurut Lapangan Usaha Atas Dasar Harga Berlaku Kabupaten Barru; Produk Domestik Regional Bruto (PDRB) Triwulanan Menurut Pengeluaran Kabupaten Barru; Distribusi PDRB Atas Dasar Harga Berlaku Menurut Pengeluaran di Kabupaten Barru; Distribusi PDRB Kabupaten Barru Atas Dasar Harga Berlaku Menurut Lapangan Usaha ; Laju Pertumbuhan Produk Domestik Regional Bruto (PDRB) Triwulanan Menurut Pengeluaran Kabupaten Barru; Laju Pertumbuhan Produk Domestik Regional Bruto (PDRB) Triwulanan Menurut Lapangan Usaha Kabupaten Barru; PDRB Kabupaten Barru Atas Dasar Harga Berlaku Menurut Lapangan Usaha ,/2/MjMwIzI=/distribusi-produk-domestik-regional-bruto--pdrb--triwulanan-menurut-lapangan-usaha-atas-dasar-harga-berlaku-kabupaten-barru.html; /2/MjI1IzI=/produk-domestik-regional-bruto--pdrb--triwulanan-menurut-pengeluaran-kabupaten-barru.html; /2/NjYjMg==/distribusi-pdrb-atas-dasar-harga-berlaku-menurut-pengeluaran-di-kabupaten-barru.html; /2/NjAjMg==/distribusi-pdrb-kabupaten-barru-atas-dasar-harga-berlaku-menurut-lapangan-usaha-.html; /2/MjM0IzI=/laju-pertumbuhan-produk-domestik-regional-bruto--pdrb--triwulanan-menurut-pengeluaran-kabupaten-barru.html; /2/MjMyIzI=/laju-pertumbuhan-produk-domestik-regional-bruto--pdrb--triwulanan-menurut-lapangan-usaha-kabupaten-barru.html; /2/NTgjMg==/pdrb-kabupaten-barru-atas-dasar-harga-berlaku-menurut-lapangan-usaha-.html,3.0,0,Tidak ada
125,2025,Lainnya,-13.77,Data Tersedia,2025-06-16 08:05:41,Distribusi Produk Domestik Regional Bruto (PDRB) Triwulanan Menurut Pengeluaran Atas Dasar Harga Berlaku Kabupaten Barru,531.0,Neraca Ekonomi,229.0,Persen,MjMwIzI=; MjI1IzI=; NjYjMg==; NjAjMg==; MjM0IzI=; MjMyIzI=; NTgjMg==,Distribusi Produk Domestik Regional Bruto (PDRB) Triwulanan Menurut Lapangan Usaha Atas Dasar Harga Berlaku Kabupaten Barru; Produk Domestik Regional Bruto (PDRB) Triwulanan Menurut Pengeluaran Kabupaten Barru; Distribusi PDRB Atas Dasar Harga Berlaku Menurut Pengeluaran di Kabupaten Barru; Distribusi PDRB Kabupaten Barru Atas Dasar Harga Berlaku Menurut Lapangan Usaha ; Laju Pertumbuhan Produk Domestik Regional Bruto (PDRB) Triwulanan Menurut Pengeluaran Kabupaten Barru; Laju Pertumbuhan Produk Domestik Regional Bruto (PDRB) Triwulanan Menurut Lapangan Usaha Kabupaten Barru; PDRB Kabupaten Barru Atas Dasar Harga Berlaku Menurut Lapangan Usaha ,/2/MjMwIzI=/distribusi-produk-domestik-regional-bruto--pdrb--triwulanan-menurut-lapangan-usaha-atas-dasar-harga-berlaku-kabupaten-barru.html; /2/MjI1IzI=/produk-domestik-regional-bruto--pdrb--triwulanan-menurut-pengeluaran-kabupaten-barru.html; /2/NjYjMg==/distribusi-pdrb-atas-dasar-harga-berlaku-menurut-pengeluaran-di-kabupaten-barru.html; /2/NjAjMg==/distribusi-pdrb-kabupaten-barru-atas-dasar-harga-berlaku-menurut-lapangan-usaha-.html; /2/MjM0IzI=/laju-pertumbuhan-produk-domestik-regional-bruto--pdrb--triwulanan-menurut-pengeluaran-kabupaten-barru.html; /2/MjMyIzI=/laju-pertumbuhan-produk-domestik-regional-bruto--pdrb--triwulanan-menurut-lapangan-usaha-kabupaten-barru.html; /2/NTgjMg==/pdrb-kabupaten-barru-atas-dasar-harga-berlaku-menurut-lapangan-usaha-.html,4.0,0,Tidak ada
125,2025,Produk Domestik Regional Bruto,100.0,Data Tersedia,2025-06-16 08:05:41,Distribusi Produk Domestik Regional Bruto (PDRB) Triwulanan Menurut Pengeluaran Atas Dasar Harga Berlaku Kabupaten Barru,531.0,Neraca Ekonomi,229.0,Persen,MjMwIzI=; MjI1IzI=; NjYjMg==; NjAjMg==; MjM0IzI=; MjMyIzI=; NTgjMg==,Distribusi Produk Domestik Regional Bruto (PDRB) Triwulanan Menurut Lapangan Usaha Atas Dasar Harga Berlaku Kabupaten Barru; Produk Domestik Regional Bruto (PDRB) Triwulanan Menurut Pengeluaran Kabupaten Barru; Distribusi PDRB Atas Dasar Harga Berlaku Menurut Pengeluaran di Kabupaten Barru; Distribusi PDRB Kabupaten Barru Atas Dasar Harga Berlaku Menurut Lapangan Usaha ; Laju Pertumbuhan Produk Domestik Regional Bruto (PDRB) Triwulanan Menurut Pengeluaran Kabupaten Barru; Laju Pertumbuhan Produk Domestik Regional Bruto (PDRB) Triwulanan Menurut Lapangan Usaha Kabupaten Barru; PDRB Kabupaten Barru Atas Dasar Harga Berlaku Menurut Lapangan Usaha ,/2/MjMwIzI=/distribusi-produk-domestik-regional-bruto--pdrb--triwulanan-menurut-lapangan-usaha-atas-dasar-harga-berlaku-kabupaten-barru.html; /2/MjI1IzI=/produk-domestik-regional-bruto--pdrb--triwulanan-menurut-pengeluaran-kabupaten-barru.html; /2/NjYjMg==/distribusi-pdrb-atas-dasar-harga-berlaku-menurut-pengeluaran-di-kabupaten-barru.html; /2/NjAjMg==/distribusi-pdrb-kabupaten-barru-atas-dasar-harga-berlaku-menurut-lapangan-usaha-.html; /2/MjM0IzI=/laju-pertumbuhan-produk-domestik-regional-bruto--pdrb--triwulanan-menurut-pengeluaran-kabupaten-barru.html; /2/MjMyIzI=/laju-pertumbuhan-produk-domestik-regional-bruto--pdrb--triwulanan-menurut-lapangan-usaha-kabupaten-barru.html; /2/NTgjMg==/pdrb-kabupaten-barru-atas-dasar-harga-berlaku-menurut-lapangan-usaha-.html,5.0,0,Tidak ada
