id_tahun,tahun,vervar_label,nilai,status,last_update,var_label,subject_id,subject_label,var_id,var_unit,related_ids,related_titles,related_links,vervar_id,turvar_id,turvar_label
100,,,,Data Tidak Ditemukan,,,,,,,,,,,,
101,,,,Data Tidak Ditemukan,,,,,,,,,,,,
102,,,,Data Tidak Ditemukan,,,,,,,,,,,,
103,,,,Data Tidak Ditemukan,,,,,,,,,,,,
104,,,,Data Tidak Ditemukan,,,,,,,,,,,,
105,,,,Data Tidak Ditemukan,,,,,,,,,,,,
106,,,,Data Tidak Ditemukan,,,,,,,,,,,,
107,,,,Data Tidak Ditemukan,,,,,,,,,,,,
108,,,,Data Tidak Ditemukan,,,,,,,,,,,,
109,,,,Data Tidak Ditemukan,,,,,,,,,,,,
110,,,,Data Tidak Ditemukan,,,,,,,,,,,,
111,,,,Data Tidak Ditemukan,,,,,,,,,,,,
112,2012,Garis Kemiskinan,224201.0,Data Tersedia,2025-03-04 10:06:26,Garis Kemiskinan,563.0,"Kondisi Tempat Tinggal, Kemiskinan, dan Permasalahan Sosial Lintas Sektor",80.0,,MzQjMg==; ODMjMg==; ODIjMg==,Kemiskinan; Tingkat Keparahan Kemiskinan; Tingkat Kedalam Kemiskinan,/2/MzQjMg==/kemiskinan.html; /2/ODMjMg==/tingkat-keparahan-kemiskinan.html; /2/ODIjMg==/tingkat-kedalam-kemiskinan.html,1.0,0,Tidak ada
113,2013,Garis Kemiskinan,232085.0,Data Tersedia,2025-03-04 10:06:26,Garis Kemiskinan,563.0,"Kondisi Tempat Tinggal, Kemiskinan, dan Permasalahan Sosial Lintas Sektor",80.0,,MzQjMg==; ODMjMg==; ODIjMg==,Kemiskinan; Tingkat Keparahan Kemiskinan; Tingkat Kedalam Kemiskinan,/2/MzQjMg==/kemiskinan.html; /2/ODMjMg==/tingkat-keparahan-kemiskinan.html; /2/ODIjMg==/tingkat-kedalam-kemiskinan.html,1.0,0,Tidak ada
114,2014,Garis Kemiskinan,246303.0,Data Tersedia,2025-03-04 10:06:26,Garis Kemiskinan,563.0,"Kondisi Tempat Tinggal, Kemiskinan, dan Permasalahan Sosial Lintas Sektor",80.0,,MzQjMg==; ODMjMg==; ODIjMg==,Kemiskinan; Tingkat Keparahan Kemiskinan; Tingkat Kedalam Kemiskinan,/2/MzQjMg==/kemiskinan.html; /2/ODMjMg==/tingkat-keparahan-kemiskinan.html; /2/ODIjMg==/tingkat-kedalam-kemiskinan.html,1.0,0,Tidak ada
115,2015,Garis Kemiskinan,253904.0,Data Tersedia,2025-03-04 10:06:26,Garis Kemiskinan,563.0,"Kondisi Tempat Tinggal, Kemiskinan, dan Permasalahan Sosial Lintas Sektor",80.0,,MzQjMg==; ODMjMg==; ODIjMg==,Kemiskinan; Tingkat Keparahan Kemiskinan; Tingkat Kedalam Kemiskinan,/2/MzQjMg==/kemiskinan.html; /2/ODMjMg==/tingkat-keparahan-kemiskinan.html; /2/ODIjMg==/tingkat-kedalam-kemiskinan.html,1.0,0,Tidak ada
116,2016,Garis Kemiskinan,280316.0,Data Tersedia,2025-03-04 10:06:26,Garis Kemiskinan,563.0,"Kondisi Tempat Tinggal, Kemiskinan, dan Permasalahan Sosial Lintas Sektor",80.0,,MzQjMg==; ODMjMg==; ODIjMg==,Kemiskinan; Tingkat Keparahan Kemiskinan; Tingkat Kedalam Kemiskinan,/2/MzQjMg==/kemiskinan.html; /2/ODMjMg==/tingkat-keparahan-kemiskinan.html; /2/ODIjMg==/tingkat-kedalam-kemiskinan.html,1.0,0,Tidak ada
117,2017,Garis Kemiskinan,289371.0,Data Tersedia,2025-03-04 10:06:26,Garis Kemiskinan,563.0,"Kondisi Tempat Tinggal, Kemiskinan, dan Permasalahan Sosial Lintas Sektor",80.0,,MzQjMg==; ODMjMg==; ODIjMg==,Kemiskinan; Tingkat Keparahan Kemiskinan; Tingkat Kedalam Kemiskinan,/2/MzQjMg==/kemiskinan.html; /2/ODMjMg==/tingkat-keparahan-kemiskinan.html; /2/ODIjMg==/tingkat-kedalam-kemiskinan.html,1.0,0,Tidak ada
118,2018,Garis Kemiskinan,307904.0,Data Tersedia,2025-03-04 10:06:26,Garis Kemiskinan,563.0,"Kondisi Tempat Tinggal, Kemiskinan, dan Permasalahan Sosial Lintas Sektor",80.0,,MzQjMg==; ODMjMg==; ODIjMg==,Kemiskinan; Tingkat Keparahan Kemiskinan; Tingkat Kedalam Kemiskinan,/2/MzQjMg==/kemiskinan.html; /2/ODMjMg==/tingkat-keparahan-kemiskinan.html; /2/ODIjMg==/tingkat-kedalam-kemiskinan.html,1.0,0,Tidak ada
119,2019,Garis Kemiskinan,322248.0,Data Tersedia,2025-03-04 10:06:26,Garis Kemiskinan,563.0,"Kondisi Tempat Tinggal, Kemiskinan, dan Permasalahan Sosial Lintas Sektor",80.0,,MzQjMg==; ODMjMg==; ODIjMg==,Kemiskinan; Tingkat Keparahan Kemiskinan; Tingkat Kedalam Kemiskinan,/2/MzQjMg==/kemiskinan.html; /2/ODMjMg==/tingkat-keparahan-kemiskinan.html; /2/ODIjMg==/tingkat-kedalam-kemiskinan.html,1.0,0,Tidak ada
120,2020,Garis Kemiskinan,337047.0,Data Tersedia,2025-03-04 10:06:26,Garis Kemiskinan,563.0,"Kondisi Tempat Tinggal, Kemiskinan, dan Permasalahan Sosial Lintas Sektor",80.0,,MzQjMg==; ODMjMg==; ODIjMg==,Kemiskinan; Tingkat Keparahan Kemiskinan; Tingkat Kedalam Kemiskinan,/2/MzQjMg==/kemiskinan.html; /2/ODMjMg==/tingkat-keparahan-kemiskinan.html; /2/ODIjMg==/tingkat-kedalam-kemiskinan.html,1.0,0,Tidak ada
121,2021,Garis Kemiskinan,351924.0,Data Tersedia,2025-03-04 10:06:26,Garis Kemiskinan,563.0,"Kondisi Tempat Tinggal, Kemiskinan, dan Permasalahan Sosial Lintas Sektor",80.0,,MzQjMg==; ODMjMg==; ODIjMg==,Kemiskinan; Tingkat Keparahan Kemiskinan; Tingkat Kedalam Kemiskinan,/2/MzQjMg==/kemiskinan.html; /2/ODMjMg==/tingkat-keparahan-kemiskinan.html; /2/ODIjMg==/tingkat-kedalam-kemiskinan.html,1.0,0,Tidak ada
122,2022,Garis Kemiskinan,368150.0,Data Tersedia,2025-03-04 10:06:26,Garis Kemiskinan,563.0,"Kondisi Tempat Tinggal, Kemiskinan, dan Permasalahan Sosial Lintas Sektor",80.0,,MzQjMg==; ODMjMg==; ODIjMg==,Kemiskinan; Tingkat Keparahan Kemiskinan; Tingkat Kedalam Kemiskinan,/2/MzQjMg==/kemiskinan.html; /2/ODMjMg==/tingkat-keparahan-kemiskinan.html; /2/ODIjMg==/tingkat-kedalam-kemiskinan.html,1.0,0,Tidak ada
123,2023,Garis Kemiskinan,400702.0,Data Tersedia,2025-03-04 10:06:26,Garis Kemiskinan,563.0,"Kondisi Tempat Tinggal, Kemiskinan, dan Permasalahan Sosial Lintas Sektor",80.0,,MzQjMg==; ODMjMg==; ODIjMg==,Kemiskinan; Tingkat Keparahan Kemiskinan; Tingkat Kedalam Kemiskinan,/2/MzQjMg==/kemiskinan.html; /2/ODMjMg==/tingkat-keparahan-kemiskinan.html; /2/ODIjMg==/tingkat-kedalam-kemiskinan.html,1.0,0,Tidak ada
124,2024,Garis Kemiskinan,417396.0,Data Tersedia,2025-03-04 10:06:26,Garis Kemiskinan,563.0,"Kondisi Tempat Tinggal, Kemiskinan, dan Permasalahan Sosial Lintas Sektor",80.0,,MzQjMg==; ODMjMg==; ODIjMg==,Kemiskinan; Tingkat Keparahan Kemiskinan; Tingkat Kedalam Kemiskinan,/2/MzQjMg==/kemiskinan.html; /2/ODMjMg==/tingkat-keparahan-kemiskinan.html; /2/ODIjMg==/tingkat-kedalam-kemiskinan.html,1.0,0,Tidak ada
125,,Garis Kemiskinan,,Data Tidak Ditemukan,2025-03-04 10:06:26,Garis Kemiskinan,563.0,"Kondisi Tempat Tinggal, Kemiskinan, dan Permasalahan Sosial Lintas Sektor",80.0,,MzQjMg==; ODMjMg==; ODIjMg==,Kemiskinan; Tingkat Keparahan Kemiskinan; Tingkat Kedalam Kemiskinan,/2/MzQjMg==/kemiskinan.html; /2/ODMjMg==/tingkat-keparahan-kemiskinan.html; /2/ODIjMg==/tingkat-kedalam-kemiskinan.html,1.0,0,Tidak ada
