id_tahun,tahun,vervar_label,nilai,status,last_update,var_label,subject_id,subject_label,var_id,var_unit,related_ids,related_titles,related_links,vervar_id,turvar_id,turvar_label
100,,,,Data Tidak Ditemukan,,,,,,,,,,,,
101,,,,Data Tidak Ditemukan,,,,,,,,,,,,
102,,,,Data Tidak Ditemukan,,,,,,,,,,,,
103,,,,Data Tidak Ditemukan,,,,,,,,,,,,
104,,,,Data Tidak Ditemukan,,,,,,,,,,,,
105,,,,Data Tidak Ditemukan,,,,,,,,,,,,
106,,,,Data Tidak Ditemukan,,,,,,,,,,,,
107,,,,Data Tidak Ditemukan,,,,,,,,,,,,
108,,,,Data Tidak Ditemukan,,,,,,,,,,,,
109,,,,Data Tidak Ditemukan,,,,,,,,,,,,
110,,,,Data Tidak Ditemukan,,,,,,,,,,,,
111,,,,Data Tidak Ditemukan,,,,,,,,,,,,
112,,,,Data Tidak Ditemukan,,,,,,,,,,,,
113,,,,Data Tidak Ditemukan,,,,,,,,,,,,
114,,,,Data Tidak Ditemukan,,,,,,,,,,,,
115,,,,Data Tidak Ditemukan,,,,,,,,,,,,
116,,,,Data Tidak Ditemukan,,,,,,,,,,,,
117,,,,Data Tidak Ditemukan,,,,,,,,,,,,
118,,,,Data Tidak Ditemukan,,,,,,,,,,,,
119,,,,Data Tidak Ditemukan,,,,,,,,,,,,
120,,KP / Kantor Pusat,,Data Tidak Ditemukan,2022-07-05 08:30:11,Jumlah Bank Menurut Jenis dan Status Kantor,562.0,"Perbankan, Asuransi dan Finansial",198.0,Unit,MjA2IzI=; MTQ2IzI=; MTMxIzI=; YkhCUFJUaExVWGwwT0ZVM1pGZG9SWFJ1WTJkWWR6MDkjMw==; YkhCUFJUaExVWGwwT0ZVM1pGZG9SWFJ1WTJkWWR6MDkjMw==; YkhCUFJUaExVWGwwT0ZVM1pGZG9SWFJ1WTJkWWR6MDkjMw==; MTIxIzI=,"Persentase Penduduk 10 Tahun Keatas Menurut Status Perkawinan dan Jenis Kelamin; Jumlah Kantor Pos Pembantu Menurut Kecamatan di  Kabupaten Barru; Jumlah penduduk berumur 15 tahun keatas yang bekerja selama seminggu yang lalu menurut status pekerjaan utama dan jenis kelamin; Jumlah Desa/Kelurahan yang Memiliki Kantor Pos Menurut Kecamatan di Kabupaten Barru, 2021; Jumlah Desa/Kelurahan yang Memiliki Kantor Pos Menurut Kecamatan di Kabupaten Barru, 2020; Jumlah Desa/Kelurahan yang Memiliki Kantor Pos Menurut Kecamatan di Kabupaten Barru, 2024; Jumlah PNS menurut Pendidikan dan Jenis Kelamin",/2/MjA2IzI=/persentase-penduduk-10-tahun-keatas-menurut-status-perkawinan-dan-jenis-kelamin.html; /2/MTQ2IzI=/jumlah-kantor-pos-pembantu-menurut-kecamatan-di--kabupaten-barru.html; /2/MTMxIzI=/jumlah-penduduk-berumur-15-tahun-keatas-yang-bekerja-selama-seminggu-yang-lalu-menurut-status-pekerjaan-utama-dan-jenis-kelamin.html; /3/YkhCUFJUaExVWGwwT0ZVM1pGZG9SWFJ1WTJkWWR6MDkjMw==/jumlah-desa-kelurahan-yang-memiliki-kantor-pos-menurut-kecamatan-di-kabupaten-barru--2021.html?year=2021; /3/YkhCUFJUaExVWGwwT0ZVM1pGZG9SWFJ1WTJkWWR6MDkjMw==/jumlah-desa-kelurahan-yang-memiliki-kantor-pos-menurut-kecamatan-di-kabupaten-barru--2020.html?year=2020; /3/YkhCUFJUaExVWGwwT0ZVM1pGZG9SWFJ1WTJkWWR6MDkjMw==/jumlah-desa-kelurahan-yang-memiliki-kantor-pos-menurut-kecamatan-di-kabupaten-barru--2024.html?year=2024; /2/MTIxIzI=/jumlah-pns-menurut-pendidikan-dan-jenis-kelamin.html,1.0,0,Tidak ada
120,,KC / Kantor Cabang,,Data Tidak Ditemukan,2022-07-05 08:30:11,Jumlah Bank Menurut Jenis dan Status Kantor,562.0,"Perbankan, Asuransi dan Finansial",198.0,Unit,MjA2IzI=; MTQ2IzI=; MTMxIzI=; YkhCUFJUaExVWGwwT0ZVM1pGZG9SWFJ1WTJkWWR6MDkjMw==; YkhCUFJUaExVWGwwT0ZVM1pGZG9SWFJ1WTJkWWR6MDkjMw==; YkhCUFJUaExVWGwwT0ZVM1pGZG9SWFJ1WTJkWWR6MDkjMw==; MTIxIzI=,"Persentase Penduduk 10 Tahun Keatas Menurut Status Perkawinan dan Jenis Kelamin; Jumlah Kantor Pos Pembantu Menurut Kecamatan di  Kabupaten Barru; Jumlah penduduk berumur 15 tahun keatas yang bekerja selama seminggu yang lalu menurut status pekerjaan utama dan jenis kelamin; Jumlah Desa/Kelurahan yang Memiliki Kantor Pos Menurut Kecamatan di Kabupaten Barru, 2021; Jumlah Desa/Kelurahan yang Memiliki Kantor Pos Menurut Kecamatan di Kabupaten Barru, 2020; Jumlah Desa/Kelurahan yang Memiliki Kantor Pos Menurut Kecamatan di Kabupaten Barru, 2024; Jumlah PNS menurut Pendidikan dan Jenis Kelamin",/2/MjA2IzI=/persentase-penduduk-10-tahun-keatas-menurut-status-perkawinan-dan-jenis-kelamin.html; /2/MTQ2IzI=/jumlah-kantor-pos-pembantu-menurut-kecamatan-di--kabupaten-barru.html; /2/MTMxIzI=/jumlah-penduduk-berumur-15-tahun-keatas-yang-bekerja-selama-seminggu-yang-lalu-menurut-status-pekerjaan-utama-dan-jenis-kelamin.html; /3/YkhCUFJUaExVWGwwT0ZVM1pGZG9SWFJ1WTJkWWR6MDkjMw==/jumlah-desa-kelurahan-yang-memiliki-kantor-pos-menurut-kecamatan-di-kabupaten-barru--2021.html?year=2021; /3/YkhCUFJUaExVWGwwT0ZVM1pGZG9SWFJ1WTJkWWR6MDkjMw==/jumlah-desa-kelurahan-yang-memiliki-kantor-pos-menurut-kecamatan-di-kabupaten-barru--2020.html?year=2020; /3/YkhCUFJUaExVWGwwT0ZVM1pGZG9SWFJ1WTJkWWR6MDkjMw==/jumlah-desa-kelurahan-yang-memiliki-kantor-pos-menurut-kecamatan-di-kabupaten-barru--2024.html?year=2024; /2/MTIxIzI=/jumlah-pns-menurut-pendidikan-dan-jenis-kelamin.html,2.0,0,Tidak ada
120,,KCP / Kantor Cabang Pembantu,,Data Tidak Ditemukan,2022-07-05 08:30:11,Jumlah Bank Menurut Jenis dan Status Kantor,562.0,"Perbankan, Asuransi dan Finansial",198.0,Unit,MjA2IzI=; MTQ2IzI=; MTMxIzI=; YkhCUFJUaExVWGwwT0ZVM1pGZG9SWFJ1WTJkWWR6MDkjMw==; YkhCUFJUaExVWGwwT0ZVM1pGZG9SWFJ1WTJkWWR6MDkjMw==; YkhCUFJUaExVWGwwT0ZVM1pGZG9SWFJ1WTJkWWR6MDkjMw==; MTIxIzI=,"Persentase Penduduk 10 Tahun Keatas Menurut Status Perkawinan dan Jenis Kelamin; Jumlah Kantor Pos Pembantu Menurut Kecamatan di  Kabupaten Barru; Jumlah penduduk berumur 15 tahun keatas yang bekerja selama seminggu yang lalu menurut status pekerjaan utama dan jenis kelamin; Jumlah Desa/Kelurahan yang Memiliki Kantor Pos Menurut Kecamatan di Kabupaten Barru, 2021; Jumlah Desa/Kelurahan yang Memiliki Kantor Pos Menurut Kecamatan di Kabupaten Barru, 2020; Jumlah Desa/Kelurahan yang Memiliki Kantor Pos Menurut Kecamatan di Kabupaten Barru, 2024; Jumlah PNS menurut Pendidikan dan Jenis Kelamin",/2/MjA2IzI=/persentase-penduduk-10-tahun-keatas-menurut-status-perkawinan-dan-jenis-kelamin.html; /2/MTQ2IzI=/jumlah-kantor-pos-pembantu-menurut-kecamatan-di--kabupaten-barru.html; /2/MTMxIzI=/jumlah-penduduk-berumur-15-tahun-keatas-yang-bekerja-selama-seminggu-yang-lalu-menurut-status-pekerjaan-utama-dan-jenis-kelamin.html; /3/YkhCUFJUaExVWGwwT0ZVM1pGZG9SWFJ1WTJkWWR6MDkjMw==/jumlah-desa-kelurahan-yang-memiliki-kantor-pos-menurut-kecamatan-di-kabupaten-barru--2021.html?year=2021; /3/YkhCUFJUaExVWGwwT0ZVM1pGZG9SWFJ1WTJkWWR6MDkjMw==/jumlah-desa-kelurahan-yang-memiliki-kantor-pos-menurut-kecamatan-di-kabupaten-barru--2020.html?year=2020; /3/YkhCUFJUaExVWGwwT0ZVM1pGZG9SWFJ1WTJkWWR6MDkjMw==/jumlah-desa-kelurahan-yang-memiliki-kantor-pos-menurut-kecamatan-di-kabupaten-barru--2024.html?year=2024; /2/MTIxIzI=/jumlah-pns-menurut-pendidikan-dan-jenis-kelamin.html,3.0,0,Tidak ada
120,,KWI / Kantor Wilayah Inspeksi,,Data Tidak Ditemukan,2022-07-05 08:30:11,Jumlah Bank Menurut Jenis dan Status Kantor,562.0,"Perbankan, Asuransi dan Finansial",198.0,Unit,MjA2IzI=; MTQ2IzI=; MTMxIzI=; YkhCUFJUaExVWGwwT0ZVM1pGZG9SWFJ1WTJkWWR6MDkjMw==; YkhCUFJUaExVWGwwT0ZVM1pGZG9SWFJ1WTJkWWR6MDkjMw==; YkhCUFJUaExVWGwwT0ZVM1pGZG9SWFJ1WTJkWWR6MDkjMw==; MTIxIzI=,"Persentase Penduduk 10 Tahun Keatas Menurut Status Perkawinan dan Jenis Kelamin; Jumlah Kantor Pos Pembantu Menurut Kecamatan di  Kabupaten Barru; Jumlah penduduk berumur 15 tahun keatas yang bekerja selama seminggu yang lalu menurut status pekerjaan utama dan jenis kelamin; Jumlah Desa/Kelurahan yang Memiliki Kantor Pos Menurut Kecamatan di Kabupaten Barru, 2021; Jumlah Desa/Kelurahan yang Memiliki Kantor Pos Menurut Kecamatan di Kabupaten Barru, 2020; Jumlah Desa/Kelurahan yang Memiliki Kantor Pos Menurut Kecamatan di Kabupaten Barru, 2024; Jumlah PNS menurut Pendidikan dan Jenis Kelamin",/2/MjA2IzI=/persentase-penduduk-10-tahun-keatas-menurut-status-perkawinan-dan-jenis-kelamin.html; /2/MTQ2IzI=/jumlah-kantor-pos-pembantu-menurut-kecamatan-di--kabupaten-barru.html; /2/MTMxIzI=/jumlah-penduduk-berumur-15-tahun-keatas-yang-bekerja-selama-seminggu-yang-lalu-menurut-status-pekerjaan-utama-dan-jenis-kelamin.html; /3/YkhCUFJUaExVWGwwT0ZVM1pGZG9SWFJ1WTJkWWR6MDkjMw==/jumlah-desa-kelurahan-yang-memiliki-kantor-pos-menurut-kecamatan-di-kabupaten-barru--2021.html?year=2021; /3/YkhCUFJUaExVWGwwT0ZVM1pGZG9SWFJ1WTJkWWR6MDkjMw==/jumlah-desa-kelurahan-yang-memiliki-kantor-pos-menurut-kecamatan-di-kabupaten-barru--2020.html?year=2020; /3/YkhCUFJUaExVWGwwT0ZVM1pGZG9SWFJ1WTJkWWR6MDkjMw==/jumlah-desa-kelurahan-yang-memiliki-kantor-pos-menurut-kecamatan-di-kabupaten-barru--2024.html?year=2024; /2/MTIxIzI=/jumlah-pns-menurut-pendidikan-dan-jenis-kelamin.html,4.0,0,Tidak ada
120,,KK / Kantor Kas,,Data Tidak Ditemukan,2022-07-05 08:30:11,Jumlah Bank Menurut Jenis dan Status Kantor,562.0,"Perbankan, Asuransi dan Finansial",198.0,Unit,MjA2IzI=; MTQ2IzI=; MTMxIzI=; YkhCUFJUaExVWGwwT0ZVM1pGZG9SWFJ1WTJkWWR6MDkjMw==; YkhCUFJUaExVWGwwT0ZVM1pGZG9SWFJ1WTJkWWR6MDkjMw==; YkhCUFJUaExVWGwwT0ZVM1pGZG9SWFJ1WTJkWWR6MDkjMw==; MTIxIzI=,"Persentase Penduduk 10 Tahun Keatas Menurut Status Perkawinan dan Jenis Kelamin; Jumlah Kantor Pos Pembantu Menurut Kecamatan di  Kabupaten Barru; Jumlah penduduk berumur 15 tahun keatas yang bekerja selama seminggu yang lalu menurut status pekerjaan utama dan jenis kelamin; Jumlah Desa/Kelurahan yang Memiliki Kantor Pos Menurut Kecamatan di Kabupaten Barru, 2021; Jumlah Desa/Kelurahan yang Memiliki Kantor Pos Menurut Kecamatan di Kabupaten Barru, 2020; Jumlah Desa/Kelurahan yang Memiliki Kantor Pos Menurut Kecamatan di Kabupaten Barru, 2024; Jumlah PNS menurut Pendidikan dan Jenis Kelamin",/2/MjA2IzI=/persentase-penduduk-10-tahun-keatas-menurut-status-perkawinan-dan-jenis-kelamin.html; /2/MTQ2IzI=/jumlah-kantor-pos-pembantu-menurut-kecamatan-di--kabupaten-barru.html; /2/MTMxIzI=/jumlah-penduduk-berumur-15-tahun-keatas-yang-bekerja-selama-seminggu-yang-lalu-menurut-status-pekerjaan-utama-dan-jenis-kelamin.html; /3/YkhCUFJUaExVWGwwT0ZVM1pGZG9SWFJ1WTJkWWR6MDkjMw==/jumlah-desa-kelurahan-yang-memiliki-kantor-pos-menurut-kecamatan-di-kabupaten-barru--2021.html?year=2021; /3/YkhCUFJUaExVWGwwT0ZVM1pGZG9SWFJ1WTJkWWR6MDkjMw==/jumlah-desa-kelurahan-yang-memiliki-kantor-pos-menurut-kecamatan-di-kabupaten-barru--2020.html?year=2020; /3/YkhCUFJUaExVWGwwT0ZVM1pGZG9SWFJ1WTJkWWR6MDkjMw==/jumlah-desa-kelurahan-yang-memiliki-kantor-pos-menurut-kecamatan-di-kabupaten-barru--2024.html?year=2024; /2/MTIxIzI=/jumlah-pns-menurut-pendidikan-dan-jenis-kelamin.html,5.0,0,Tidak ada
121,2021,KP / Kantor Pusat,,Data Tidak Ditemukan,2022-07-05 08:30:11,Jumlah Bank Menurut Jenis dan Status Kantor,562.0,"Perbankan, Asuransi dan Finansial",198.0,Unit,MjA2IzI=; MTQ2IzI=; MTMxIzI=; YkhCUFJUaExVWGwwT0ZVM1pGZG9SWFJ1WTJkWWR6MDkjMw==; YkhCUFJUaExVWGwwT0ZVM1pGZG9SWFJ1WTJkWWR6MDkjMw==; YkhCUFJUaExVWGwwT0ZVM1pGZG9SWFJ1WTJkWWR6MDkjMw==; MTIxIzI=,"Persentase Penduduk 10 Tahun Keatas Menurut Status Perkawinan dan Jenis Kelamin; Jumlah Kantor Pos Pembantu Menurut Kecamatan di  Kabupaten Barru; Jumlah penduduk berumur 15 tahun keatas yang bekerja selama seminggu yang lalu menurut status pekerjaan utama dan jenis kelamin; Jumlah Desa/Kelurahan yang Memiliki Kantor Pos Menurut Kecamatan di Kabupaten Barru, 2021; Jumlah Desa/Kelurahan yang Memiliki Kantor Pos Menurut Kecamatan di Kabupaten Barru, 2020; Jumlah Desa/Kelurahan yang Memiliki Kantor Pos Menurut Kecamatan di Kabupaten Barru, 2024; Jumlah PNS menurut Pendidikan dan Jenis Kelamin",/2/MjA2IzI=/persentase-penduduk-10-tahun-keatas-menurut-status-perkawinan-dan-jenis-kelamin.html; /2/MTQ2IzI=/jumlah-kantor-pos-pembantu-menurut-kecamatan-di--kabupaten-barru.html; /2/MTMxIzI=/jumlah-penduduk-berumur-15-tahun-keatas-yang-bekerja-selama-seminggu-yang-lalu-menurut-status-pekerjaan-utama-dan-jenis-kelamin.html; /3/YkhCUFJUaExVWGwwT0ZVM1pGZG9SWFJ1WTJkWWR6MDkjMw==/jumlah-desa-kelurahan-yang-memiliki-kantor-pos-menurut-kecamatan-di-kabupaten-barru--2021.html?year=2021; /3/YkhCUFJUaExVWGwwT0ZVM1pGZG9SWFJ1WTJkWWR6MDkjMw==/jumlah-desa-kelurahan-yang-memiliki-kantor-pos-menurut-kecamatan-di-kabupaten-barru--2020.html?year=2020; /3/YkhCUFJUaExVWGwwT0ZVM1pGZG9SWFJ1WTJkWWR6MDkjMw==/jumlah-desa-kelurahan-yang-memiliki-kantor-pos-menurut-kecamatan-di-kabupaten-barru--2024.html?year=2024; /2/MTIxIzI=/jumlah-pns-menurut-pendidikan-dan-jenis-kelamin.html,1.0,0,Tidak ada
121,2021,KC / Kantor Cabang,2.0,Data Tersedia,2022-07-05 08:30:11,Jumlah Bank Menurut Jenis dan Status Kantor,562.0,"Perbankan, Asuransi dan Finansial",198.0,Unit,MjA2IzI=; MTQ2IzI=; MTMxIzI=; YkhCUFJUaExVWGwwT0ZVM1pGZG9SWFJ1WTJkWWR6MDkjMw==; YkhCUFJUaExVWGwwT0ZVM1pGZG9SWFJ1WTJkWWR6MDkjMw==; YkhCUFJUaExVWGwwT0ZVM1pGZG9SWFJ1WTJkWWR6MDkjMw==; MTIxIzI=,"Persentase Penduduk 10 Tahun Keatas Menurut Status Perkawinan dan Jenis Kelamin; Jumlah Kantor Pos Pembantu Menurut Kecamatan di  Kabupaten Barru; Jumlah penduduk berumur 15 tahun keatas yang bekerja selama seminggu yang lalu menurut status pekerjaan utama dan jenis kelamin; Jumlah Desa/Kelurahan yang Memiliki Kantor Pos Menurut Kecamatan di Kabupaten Barru, 2021; Jumlah Desa/Kelurahan yang Memiliki Kantor Pos Menurut Kecamatan di Kabupaten Barru, 2020; Jumlah Desa/Kelurahan yang Memiliki Kantor Pos Menurut Kecamatan di Kabupaten Barru, 2024; Jumlah PNS menurut Pendidikan dan Jenis Kelamin",/2/MjA2IzI=/persentase-penduduk-10-tahun-keatas-menurut-status-perkawinan-dan-jenis-kelamin.html; /2/MTQ2IzI=/jumlah-kantor-pos-pembantu-menurut-kecamatan-di--kabupaten-barru.html; /2/MTMxIzI=/jumlah-penduduk-berumur-15-tahun-keatas-yang-bekerja-selama-seminggu-yang-lalu-menurut-status-pekerjaan-utama-dan-jenis-kelamin.html; /3/YkhCUFJUaExVWGwwT0ZVM1pGZG9SWFJ1WTJkWWR6MDkjMw==/jumlah-desa-kelurahan-yang-memiliki-kantor-pos-menurut-kecamatan-di-kabupaten-barru--2021.html?year=2021; /3/YkhCUFJUaExVWGwwT0ZVM1pGZG9SWFJ1WTJkWWR6MDkjMw==/jumlah-desa-kelurahan-yang-memiliki-kantor-pos-menurut-kecamatan-di-kabupaten-barru--2020.html?year=2020; /3/YkhCUFJUaExVWGwwT0ZVM1pGZG9SWFJ1WTJkWWR6MDkjMw==/jumlah-desa-kelurahan-yang-memiliki-kantor-pos-menurut-kecamatan-di-kabupaten-barru--2024.html?year=2024; /2/MTIxIzI=/jumlah-pns-menurut-pendidikan-dan-jenis-kelamin.html,2.0,0,Tidak ada
121,2021,KCP / Kantor Cabang Pembantu,18.0,Data Tersedia,2022-07-05 08:30:11,Jumlah Bank Menurut Jenis dan Status Kantor,562.0,"Perbankan, Asuransi dan Finansial",198.0,Unit,MjA2IzI=; MTQ2IzI=; MTMxIzI=; YkhCUFJUaExVWGwwT0ZVM1pGZG9SWFJ1WTJkWWR6MDkjMw==; YkhCUFJUaExVWGwwT0ZVM1pGZG9SWFJ1WTJkWWR6MDkjMw==; YkhCUFJUaExVWGwwT0ZVM1pGZG9SWFJ1WTJkWWR6MDkjMw==; MTIxIzI=,"Persentase Penduduk 10 Tahun Keatas Menurut Status Perkawinan dan Jenis Kelamin; Jumlah Kantor Pos Pembantu Menurut Kecamatan di  Kabupaten Barru; Jumlah penduduk berumur 15 tahun keatas yang bekerja selama seminggu yang lalu menurut status pekerjaan utama dan jenis kelamin; Jumlah Desa/Kelurahan yang Memiliki Kantor Pos Menurut Kecamatan di Kabupaten Barru, 2021; Jumlah Desa/Kelurahan yang Memiliki Kantor Pos Menurut Kecamatan di Kabupaten Barru, 2020; Jumlah Desa/Kelurahan yang Memiliki Kantor Pos Menurut Kecamatan di Kabupaten Barru, 2024; Jumlah PNS menurut Pendidikan dan Jenis Kelamin",/2/MjA2IzI=/persentase-penduduk-10-tahun-keatas-menurut-status-perkawinan-dan-jenis-kelamin.html; /2/MTQ2IzI=/jumlah-kantor-pos-pembantu-menurut-kecamatan-di--kabupaten-barru.html; /2/MTMxIzI=/jumlah-penduduk-berumur-15-tahun-keatas-yang-bekerja-selama-seminggu-yang-lalu-menurut-status-pekerjaan-utama-dan-jenis-kelamin.html; /3/YkhCUFJUaExVWGwwT0ZVM1pGZG9SWFJ1WTJkWWR6MDkjMw==/jumlah-desa-kelurahan-yang-memiliki-kantor-pos-menurut-kecamatan-di-kabupaten-barru--2021.html?year=2021; /3/YkhCUFJUaExVWGwwT0ZVM1pGZG9SWFJ1WTJkWWR6MDkjMw==/jumlah-desa-kelurahan-yang-memiliki-kantor-pos-menurut-kecamatan-di-kabupaten-barru--2020.html?year=2020; /3/YkhCUFJUaExVWGwwT0ZVM1pGZG9SWFJ1WTJkWWR6MDkjMw==/jumlah-desa-kelurahan-yang-memiliki-kantor-pos-menurut-kecamatan-di-kabupaten-barru--2024.html?year=2024; /2/MTIxIzI=/jumlah-pns-menurut-pendidikan-dan-jenis-kelamin.html,3.0,0,Tidak ada
121,2021,KWI / Kantor Wilayah Inspeksi,,Data Tidak Ditemukan,2022-07-05 08:30:11,Jumlah Bank Menurut Jenis dan Status Kantor,562.0,"Perbankan, Asuransi dan Finansial",198.0,Unit,MjA2IzI=; MTQ2IzI=; MTMxIzI=; YkhCUFJUaExVWGwwT0ZVM1pGZG9SWFJ1WTJkWWR6MDkjMw==; YkhCUFJUaExVWGwwT0ZVM1pGZG9SWFJ1WTJkWWR6MDkjMw==; YkhCUFJUaExVWGwwT0ZVM1pGZG9SWFJ1WTJkWWR6MDkjMw==; MTIxIzI=,"Persentase Penduduk 10 Tahun Keatas Menurut Status Perkawinan dan Jenis Kelamin; Jumlah Kantor Pos Pembantu Menurut Kecamatan di  Kabupaten Barru; Jumlah penduduk berumur 15 tahun keatas yang bekerja selama seminggu yang lalu menurut status pekerjaan utama dan jenis kelamin; Jumlah Desa/Kelurahan yang Memiliki Kantor Pos Menurut Kecamatan di Kabupaten Barru, 2021; Jumlah Desa/Kelurahan yang Memiliki Kantor Pos Menurut Kecamatan di Kabupaten Barru, 2020; Jumlah Desa/Kelurahan yang Memiliki Kantor Pos Menurut Kecamatan di Kabupaten Barru, 2024; Jumlah PNS menurut Pendidikan dan Jenis Kelamin",/2/MjA2IzI=/persentase-penduduk-10-tahun-keatas-menurut-status-perkawinan-dan-jenis-kelamin.html; /2/MTQ2IzI=/jumlah-kantor-pos-pembantu-menurut-kecamatan-di--kabupaten-barru.html; /2/MTMxIzI=/jumlah-penduduk-berumur-15-tahun-keatas-yang-bekerja-selama-seminggu-yang-lalu-menurut-status-pekerjaan-utama-dan-jenis-kelamin.html; /3/YkhCUFJUaExVWGwwT0ZVM1pGZG9SWFJ1WTJkWWR6MDkjMw==/jumlah-desa-kelurahan-yang-memiliki-kantor-pos-menurut-kecamatan-di-kabupaten-barru--2021.html?year=2021; /3/YkhCUFJUaExVWGwwT0ZVM1pGZG9SWFJ1WTJkWWR6MDkjMw==/jumlah-desa-kelurahan-yang-memiliki-kantor-pos-menurut-kecamatan-di-kabupaten-barru--2020.html?year=2020; /3/YkhCUFJUaExVWGwwT0ZVM1pGZG9SWFJ1WTJkWWR6MDkjMw==/jumlah-desa-kelurahan-yang-memiliki-kantor-pos-menurut-kecamatan-di-kabupaten-barru--2024.html?year=2024; /2/MTIxIzI=/jumlah-pns-menurut-pendidikan-dan-jenis-kelamin.html,4.0,0,Tidak ada
121,2021,KK / Kantor Kas,,Data Tidak Ditemukan,2022-07-05 08:30:11,Jumlah Bank Menurut Jenis dan Status Kantor,562.0,"Perbankan, Asuransi dan Finansial",198.0,Unit,MjA2IzI=; MTQ2IzI=; MTMxIzI=; YkhCUFJUaExVWGwwT0ZVM1pGZG9SWFJ1WTJkWWR6MDkjMw==; YkhCUFJUaExVWGwwT0ZVM1pGZG9SWFJ1WTJkWWR6MDkjMw==; YkhCUFJUaExVWGwwT0ZVM1pGZG9SWFJ1WTJkWWR6MDkjMw==; MTIxIzI=,"Persentase Penduduk 10 Tahun Keatas Menurut Status Perkawinan dan Jenis Kelamin; Jumlah Kantor Pos Pembantu Menurut Kecamatan di  Kabupaten Barru; Jumlah penduduk berumur 15 tahun keatas yang bekerja selama seminggu yang lalu menurut status pekerjaan utama dan jenis kelamin; Jumlah Desa/Kelurahan yang Memiliki Kantor Pos Menurut Kecamatan di Kabupaten Barru, 2021; Jumlah Desa/Kelurahan yang Memiliki Kantor Pos Menurut Kecamatan di Kabupaten Barru, 2020; Jumlah Desa/Kelurahan yang Memiliki Kantor Pos Menurut Kecamatan di Kabupaten Barru, 2024; Jumlah PNS menurut Pendidikan dan Jenis Kelamin",/2/MjA2IzI=/persentase-penduduk-10-tahun-keatas-menurut-status-perkawinan-dan-jenis-kelamin.html; /2/MTQ2IzI=/jumlah-kantor-pos-pembantu-menurut-kecamatan-di--kabupaten-barru.html; /2/MTMxIzI=/jumlah-penduduk-berumur-15-tahun-keatas-yang-bekerja-selama-seminggu-yang-lalu-menurut-status-pekerjaan-utama-dan-jenis-kelamin.html; /3/YkhCUFJUaExVWGwwT0ZVM1pGZG9SWFJ1WTJkWWR6MDkjMw==/jumlah-desa-kelurahan-yang-memiliki-kantor-pos-menurut-kecamatan-di-kabupaten-barru--2021.html?year=2021; /3/YkhCUFJUaExVWGwwT0ZVM1pGZG9SWFJ1WTJkWWR6MDkjMw==/jumlah-desa-kelurahan-yang-memiliki-kantor-pos-menurut-kecamatan-di-kabupaten-barru--2020.html?year=2020; /3/YkhCUFJUaExVWGwwT0ZVM1pGZG9SWFJ1WTJkWWR6MDkjMw==/jumlah-desa-kelurahan-yang-memiliki-kantor-pos-menurut-kecamatan-di-kabupaten-barru--2024.html?year=2024; /2/MTIxIzI=/jumlah-pns-menurut-pendidikan-dan-jenis-kelamin.html,5.0,0,Tidak ada
122,,,,Data Tidak Ditemukan,,,,,,,,,,,,
123,,,,Data Tidak Ditemukan,,,,,,,,,,,,
124,,,,Data Tidak Ditemukan,,,,,,,,,,,,
125,,,,Data Tidak Ditemukan,,,,,,,,,,,,
