id_tahun,tahun,vervar_label,nilai,status,last_update,var_label,subject_id,subject_label,var_id,var_unit,related_ids,related_titles,related_links,vervar_id,turvar_id,turvar_label
100,,,,Data Tidak Ditemukan,,,,,,,,,,,,
101,,,,Data Tidak Ditemukan,,,,,,,,,,,,
102,,,,Data Tidak Ditemukan,,,,,,,,,,,,
103,,,,Data Tidak Ditemukan,,,,,,,,,,,,
104,,,,Data Tidak Ditemukan,,,,,,,,,,,,
105,,,,Data Tidak Ditemukan,,,,,,,,,,,,
106,,,,Data Tidak Ditemukan,,,,,,,,,,,,
107,,,,Data Tidak Ditemukan,,,,,,,,,,,,
108,,,,Data Tidak Ditemukan,,,,,,,,,,,,
109,,,,Data Tidak Ditemukan,,,,,,,,,,,,
110,,,,Data Tidak Ditemukan,,,,,,,,,,,,
111,,,,Data Tidak Ditemukan,,,,,,,,,,,,
112,,,,Data Tidak Ditemukan,,,,,,,,,,,,
113,,,,Data Tidak Ditemukan,,,,,,,,,,,,
114,,,,Data Tidak Ditemukan,,,,,,,,,,,,
115,,,,Data Tidak Ditemukan,,,,,,,,,,,,
116,,,,Data Tidak Ditemukan,,,,,,,,,,,,
117,,,,Data Tidak Ditemukan,,,,,,,,,,,,
118,,,,Data Tidak Ditemukan,,,,,,,,,,,,
119,,,,Data Tidak Ditemukan,,,,,,,,,,,,
120,2020,Umur Harapan Hidup (Tahun),72.05,Data Tersedia,2025-03-05 10:34:16,Indeks Pembangunan Manusia (LF2020),563.0,"Kondisi Tempat Tinggal, Kemiskinan, dan Permasalahan Sosial Lintas Sektor",30.0,,NzUjMg==; MjEzIzI=; MiMy; MjM4IzI=; MjM3IzI=; MjAyIzI=; MTk3IzI=,Indeks Pembangunan Manusia (SP2010); Indeks Pembangunan Gender ; Indeks Harga Konsumen; Indeks Ketimpangan Gender (IKG); Indeks Pemberdayaan Gender (IDG); Indeks Kemahalan Konstruksi (IKK); Indeks Harga Kunsumen  (IHK) Beberapa Kabupaten/Kota di Prov Sulawesi Selatan,/2/NzUjMg==/indeks-pembangunan-manusia--sp2010-.html; /2/MjEzIzI=/indeks-pembangunan-gender-.html; /2/MiMy/indeks-harga-konsumen.html; /2/MjM4IzI=/indeks-ketimpangan-gender--ikg-.html; /2/MjM3IzI=/indeks-pemberdayaan-gender--idg-.html; /2/MjAyIzI=/indeks-kemahalan-konstruksi--ikk-.html; /2/MTk3IzI=/indeks-harga-kunsumen---ihk--beberapa-kabupaten-kota-di-prov-sulawesi-selatan.html,1.0,0,Tidak ada
120,2020,Harapan Lama Sekolah (Tahun),13.58,Data Tersedia,2025-03-05 10:34:16,Indeks Pembangunan Manusia (LF2020),563.0,"Kondisi Tempat Tinggal, Kemiskinan, dan Permasalahan Sosial Lintas Sektor",30.0,,NzUjMg==; MjEzIzI=; MiMy; MjM4IzI=; MjM3IzI=; MjAyIzI=; MTk3IzI=,Indeks Pembangunan Manusia (SP2010); Indeks Pembangunan Gender ; Indeks Harga Konsumen; Indeks Ketimpangan Gender (IKG); Indeks Pemberdayaan Gender (IDG); Indeks Kemahalan Konstruksi (IKK); Indeks Harga Kunsumen  (IHK) Beberapa Kabupaten/Kota di Prov Sulawesi Selatan,/2/NzUjMg==/indeks-pembangunan-manusia--sp2010-.html; /2/MjEzIzI=/indeks-pembangunan-gender-.html; /2/MiMy/indeks-harga-konsumen.html; /2/MjM4IzI=/indeks-ketimpangan-gender--ikg-.html; /2/MjM3IzI=/indeks-pemberdayaan-gender--idg-.html; /2/MjAyIzI=/indeks-kemahalan-konstruksi--ikk-.html; /2/MTk3IzI=/indeks-harga-kunsumen---ihk--beberapa-kabupaten-kota-di-prov-sulawesi-selatan.html,2.0,0,Tidak ada
120,2020,Rata-Rata Lama Sekolah (Tahun),8.23,Data Tersedia,2025-03-05 10:34:16,Indeks Pembangunan Manusia (LF2020),563.0,"Kondisi Tempat Tinggal, Kemiskinan, dan Permasalahan Sosial Lintas Sektor",30.0,,NzUjMg==; MjEzIzI=; MiMy; MjM4IzI=; MjM3IzI=; MjAyIzI=; MTk3IzI=,Indeks Pembangunan Manusia (SP2010); Indeks Pembangunan Gender ; Indeks Harga Konsumen; Indeks Ketimpangan Gender (IKG); Indeks Pemberdayaan Gender (IDG); Indeks Kemahalan Konstruksi (IKK); Indeks Harga Kunsumen  (IHK) Beberapa Kabupaten/Kota di Prov Sulawesi Selatan,/2/NzUjMg==/indeks-pembangunan-manusia--sp2010-.html; /2/MjEzIzI=/indeks-pembangunan-gender-.html; /2/MiMy/indeks-harga-konsumen.html; /2/MjM4IzI=/indeks-ketimpangan-gender--ikg-.html; /2/MjM3IzI=/indeks-pemberdayaan-gender--idg-.html; /2/MjAyIzI=/indeks-kemahalan-konstruksi--ikk-.html; /2/MTk3IzI=/indeks-harga-kunsumen---ihk--beberapa-kabupaten-kota-di-prov-sulawesi-selatan.html,3.0,0,Tidak ada
120,2020,Paritas Daya Beli (Ribu Rupiah),10923.0,Data Tersedia,2025-03-05 10:34:16,Indeks Pembangunan Manusia (LF2020),563.0,"Kondisi Tempat Tinggal, Kemiskinan, dan Permasalahan Sosial Lintas Sektor",30.0,,NzUjMg==; MjEzIzI=; MiMy; MjM4IzI=; MjM3IzI=; MjAyIzI=; MTk3IzI=,Indeks Pembangunan Manusia (SP2010); Indeks Pembangunan Gender ; Indeks Harga Konsumen; Indeks Ketimpangan Gender (IKG); Indeks Pemberdayaan Gender (IDG); Indeks Kemahalan Konstruksi (IKK); Indeks Harga Kunsumen  (IHK) Beberapa Kabupaten/Kota di Prov Sulawesi Selatan,/2/NzUjMg==/indeks-pembangunan-manusia--sp2010-.html; /2/MjEzIzI=/indeks-pembangunan-gender-.html; /2/MiMy/indeks-harga-konsumen.html; /2/MjM4IzI=/indeks-ketimpangan-gender--ikg-.html; /2/MjM3IzI=/indeks-pemberdayaan-gender--idg-.html; /2/MjAyIzI=/indeks-kemahalan-konstruksi--ikk-.html; /2/MTk3IzI=/indeks-harga-kunsumen---ihk--beberapa-kabupaten-kota-di-prov-sulawesi-selatan.html,4.0,0,Tidak ada
120,2020,Indeks Kesehatan ,80.08,Data Tersedia,2025-03-05 10:34:16,Indeks Pembangunan Manusia (LF2020),563.0,"Kondisi Tempat Tinggal, Kemiskinan, dan Permasalahan Sosial Lintas Sektor",30.0,,NzUjMg==; MjEzIzI=; MiMy; MjM4IzI=; MjM3IzI=; MjAyIzI=; MTk3IzI=,Indeks Pembangunan Manusia (SP2010); Indeks Pembangunan Gender ; Indeks Harga Konsumen; Indeks Ketimpangan Gender (IKG); Indeks Pemberdayaan Gender (IDG); Indeks Kemahalan Konstruksi (IKK); Indeks Harga Kunsumen  (IHK) Beberapa Kabupaten/Kota di Prov Sulawesi Selatan,/2/NzUjMg==/indeks-pembangunan-manusia--sp2010-.html; /2/MjEzIzI=/indeks-pembangunan-gender-.html; /2/MiMy/indeks-harga-konsumen.html; /2/MjM4IzI=/indeks-ketimpangan-gender--ikg-.html; /2/MjM3IzI=/indeks-pemberdayaan-gender--idg-.html; /2/MjAyIzI=/indeks-kemahalan-konstruksi--ikk-.html; /2/MTk3IzI=/indeks-harga-kunsumen---ihk--beberapa-kabupaten-kota-di-prov-sulawesi-selatan.html,5.0,0,Tidak ada
120,2020,Indeks Pendidikan,65.16,Data Tersedia,2025-03-05 10:34:16,Indeks Pembangunan Manusia (LF2020),563.0,"Kondisi Tempat Tinggal, Kemiskinan, dan Permasalahan Sosial Lintas Sektor",30.0,,NzUjMg==; MjEzIzI=; MiMy; MjM4IzI=; MjM3IzI=; MjAyIzI=; MTk3IzI=,Indeks Pembangunan Manusia (SP2010); Indeks Pembangunan Gender ; Indeks Harga Konsumen; Indeks Ketimpangan Gender (IKG); Indeks Pemberdayaan Gender (IDG); Indeks Kemahalan Konstruksi (IKK); Indeks Harga Kunsumen  (IHK) Beberapa Kabupaten/Kota di Prov Sulawesi Selatan,/2/NzUjMg==/indeks-pembangunan-manusia--sp2010-.html; /2/MjEzIzI=/indeks-pembangunan-gender-.html; /2/MiMy/indeks-harga-konsumen.html; /2/MjM4IzI=/indeks-ketimpangan-gender--ikg-.html; /2/MjM3IzI=/indeks-pemberdayaan-gender--idg-.html; /2/MjAyIzI=/indeks-kemahalan-konstruksi--ikk-.html; /2/MTk3IzI=/indeks-harga-kunsumen---ihk--beberapa-kabupaten-kota-di-prov-sulawesi-selatan.html,6.0,0,Tidak ada
120,2020,Indeks Pengeluaran,72.83,Data Tersedia,2025-03-05 10:34:16,Indeks Pembangunan Manusia (LF2020),563.0,"Kondisi Tempat Tinggal, Kemiskinan, dan Permasalahan Sosial Lintas Sektor",30.0,,NzUjMg==; MjEzIzI=; MiMy; MjM4IzI=; MjM3IzI=; MjAyIzI=; MTk3IzI=,Indeks Pembangunan Manusia (SP2010); Indeks Pembangunan Gender ; Indeks Harga Konsumen; Indeks Ketimpangan Gender (IKG); Indeks Pemberdayaan Gender (IDG); Indeks Kemahalan Konstruksi (IKK); Indeks Harga Kunsumen  (IHK) Beberapa Kabupaten/Kota di Prov Sulawesi Selatan,/2/NzUjMg==/indeks-pembangunan-manusia--sp2010-.html; /2/MjEzIzI=/indeks-pembangunan-gender-.html; /2/MiMy/indeks-harga-konsumen.html; /2/MjM4IzI=/indeks-ketimpangan-gender--ikg-.html; /2/MjM3IzI=/indeks-pemberdayaan-gender--idg-.html; /2/MjAyIzI=/indeks-kemahalan-konstruksi--ikk-.html; /2/MTk3IzI=/indeks-harga-kunsumen---ihk--beberapa-kabupaten-kota-di-prov-sulawesi-selatan.html,7.0,0,Tidak ada
120,2020,Indeks Pembangunan Manusia,72.43,Data Tersedia,2025-03-05 10:34:16,Indeks Pembangunan Manusia (LF2020),563.0,"Kondisi Tempat Tinggal, Kemiskinan, dan Permasalahan Sosial Lintas Sektor",30.0,,NzUjMg==; MjEzIzI=; MiMy; MjM4IzI=; MjM3IzI=; MjAyIzI=; MTk3IzI=,Indeks Pembangunan Manusia (SP2010); Indeks Pembangunan Gender ; Indeks Harga Konsumen; Indeks Ketimpangan Gender (IKG); Indeks Pemberdayaan Gender (IDG); Indeks Kemahalan Konstruksi (IKK); Indeks Harga Kunsumen  (IHK) Beberapa Kabupaten/Kota di Prov Sulawesi Selatan,/2/NzUjMg==/indeks-pembangunan-manusia--sp2010-.html; /2/MjEzIzI=/indeks-pembangunan-gender-.html; /2/MiMy/indeks-harga-konsumen.html; /2/MjM4IzI=/indeks-ketimpangan-gender--ikg-.html; /2/MjM3IzI=/indeks-pemberdayaan-gender--idg-.html; /2/MjAyIzI=/indeks-kemahalan-konstruksi--ikk-.html; /2/MTk3IzI=/indeks-harga-kunsumen---ihk--beberapa-kabupaten-kota-di-prov-sulawesi-selatan.html,8.0,0,Tidak ada
121,2021,Umur Harapan Hidup (Tahun),72.1,Data Tersedia,2025-03-05 10:34:16,Indeks Pembangunan Manusia (LF2020),563.0,"Kondisi Tempat Tinggal, Kemiskinan, dan Permasalahan Sosial Lintas Sektor",30.0,,NzUjMg==; MjEzIzI=; MiMy; MjM4IzI=; MjM3IzI=; MjAyIzI=; MTk3IzI=,Indeks Pembangunan Manusia (SP2010); Indeks Pembangunan Gender ; Indeks Harga Konsumen; Indeks Ketimpangan Gender (IKG); Indeks Pemberdayaan Gender (IDG); Indeks Kemahalan Konstruksi (IKK); Indeks Harga Kunsumen  (IHK) Beberapa Kabupaten/Kota di Prov Sulawesi Selatan,/2/NzUjMg==/indeks-pembangunan-manusia--sp2010-.html; /2/MjEzIzI=/indeks-pembangunan-gender-.html; /2/MiMy/indeks-harga-konsumen.html; /2/MjM4IzI=/indeks-ketimpangan-gender--ikg-.html; /2/MjM3IzI=/indeks-pemberdayaan-gender--idg-.html; /2/MjAyIzI=/indeks-kemahalan-konstruksi--ikk-.html; /2/MTk3IzI=/indeks-harga-kunsumen---ihk--beberapa-kabupaten-kota-di-prov-sulawesi-selatan.html,1.0,0,Tidak ada
121,2021,Harapan Lama Sekolah (Tahun),13.59,Data Tersedia,2025-03-05 10:34:16,Indeks Pembangunan Manusia (LF2020),563.0,"Kondisi Tempat Tinggal, Kemiskinan, dan Permasalahan Sosial Lintas Sektor",30.0,,NzUjMg==; MjEzIzI=; MiMy; MjM4IzI=; MjM3IzI=; MjAyIzI=; MTk3IzI=,Indeks Pembangunan Manusia (SP2010); Indeks Pembangunan Gender ; Indeks Harga Konsumen; Indeks Ketimpangan Gender (IKG); Indeks Pemberdayaan Gender (IDG); Indeks Kemahalan Konstruksi (IKK); Indeks Harga Kunsumen  (IHK) Beberapa Kabupaten/Kota di Prov Sulawesi Selatan,/2/NzUjMg==/indeks-pembangunan-manusia--sp2010-.html; /2/MjEzIzI=/indeks-pembangunan-gender-.html; /2/MiMy/indeks-harga-konsumen.html; /2/MjM4IzI=/indeks-ketimpangan-gender--ikg-.html; /2/MjM3IzI=/indeks-pemberdayaan-gender--idg-.html; /2/MjAyIzI=/indeks-kemahalan-konstruksi--ikk-.html; /2/MTk3IzI=/indeks-harga-kunsumen---ihk--beberapa-kabupaten-kota-di-prov-sulawesi-selatan.html,2.0,0,Tidak ada
121,2021,Rata-Rata Lama Sekolah (Tahun),8.24,Data Tersedia,2025-03-05 10:34:16,Indeks Pembangunan Manusia (LF2020),563.0,"Kondisi Tempat Tinggal, Kemiskinan, dan Permasalahan Sosial Lintas Sektor",30.0,,NzUjMg==; MjEzIzI=; MiMy; MjM4IzI=; MjM3IzI=; MjAyIzI=; MTk3IzI=,Indeks Pembangunan Manusia (SP2010); Indeks Pembangunan Gender ; Indeks Harga Konsumen; Indeks Ketimpangan Gender (IKG); Indeks Pemberdayaan Gender (IDG); Indeks Kemahalan Konstruksi (IKK); Indeks Harga Kunsumen  (IHK) Beberapa Kabupaten/Kota di Prov Sulawesi Selatan,/2/NzUjMg==/indeks-pembangunan-manusia--sp2010-.html; /2/MjEzIzI=/indeks-pembangunan-gender-.html; /2/MiMy/indeks-harga-konsumen.html; /2/MjM4IzI=/indeks-ketimpangan-gender--ikg-.html; /2/MjM3IzI=/indeks-pemberdayaan-gender--idg-.html; /2/MjAyIzI=/indeks-kemahalan-konstruksi--ikk-.html; /2/MTk3IzI=/indeks-harga-kunsumen---ihk--beberapa-kabupaten-kota-di-prov-sulawesi-selatan.html,3.0,0,Tidak ada
121,2021,Paritas Daya Beli (Ribu Rupiah),11017.0,Data Tersedia,2025-03-05 10:34:16,Indeks Pembangunan Manusia (LF2020),563.0,"Kondisi Tempat Tinggal, Kemiskinan, dan Permasalahan Sosial Lintas Sektor",30.0,,NzUjMg==; MjEzIzI=; MiMy; MjM4IzI=; MjM3IzI=; MjAyIzI=; MTk3IzI=,Indeks Pembangunan Manusia (SP2010); Indeks Pembangunan Gender ; Indeks Harga Konsumen; Indeks Ketimpangan Gender (IKG); Indeks Pemberdayaan Gender (IDG); Indeks Kemahalan Konstruksi (IKK); Indeks Harga Kunsumen  (IHK) Beberapa Kabupaten/Kota di Prov Sulawesi Selatan,/2/NzUjMg==/indeks-pembangunan-manusia--sp2010-.html; /2/MjEzIzI=/indeks-pembangunan-gender-.html; /2/MiMy/indeks-harga-konsumen.html; /2/MjM4IzI=/indeks-ketimpangan-gender--ikg-.html; /2/MjM3IzI=/indeks-pemberdayaan-gender--idg-.html; /2/MjAyIzI=/indeks-kemahalan-konstruksi--ikk-.html; /2/MTk3IzI=/indeks-harga-kunsumen---ihk--beberapa-kabupaten-kota-di-prov-sulawesi-selatan.html,4.0,0,Tidak ada
121,2021,Indeks Kesehatan ,80.15,Data Tersedia,2025-03-05 10:34:16,Indeks Pembangunan Manusia (LF2020),563.0,"Kondisi Tempat Tinggal, Kemiskinan, dan Permasalahan Sosial Lintas Sektor",30.0,,NzUjMg==; MjEzIzI=; MiMy; MjM4IzI=; MjM3IzI=; MjAyIzI=; MTk3IzI=,Indeks Pembangunan Manusia (SP2010); Indeks Pembangunan Gender ; Indeks Harga Konsumen; Indeks Ketimpangan Gender (IKG); Indeks Pemberdayaan Gender (IDG); Indeks Kemahalan Konstruksi (IKK); Indeks Harga Kunsumen  (IHK) Beberapa Kabupaten/Kota di Prov Sulawesi Selatan,/2/NzUjMg==/indeks-pembangunan-manusia--sp2010-.html; /2/MjEzIzI=/indeks-pembangunan-gender-.html; /2/MiMy/indeks-harga-konsumen.html; /2/MjM4IzI=/indeks-ketimpangan-gender--ikg-.html; /2/MjM3IzI=/indeks-pemberdayaan-gender--idg-.html; /2/MjAyIzI=/indeks-kemahalan-konstruksi--ikk-.html; /2/MTk3IzI=/indeks-harga-kunsumen---ihk--beberapa-kabupaten-kota-di-prov-sulawesi-selatan.html,5.0,0,Tidak ada
121,2021,Indeks Pendidikan,65.22,Data Tersedia,2025-03-05 10:34:16,Indeks Pembangunan Manusia (LF2020),563.0,"Kondisi Tempat Tinggal, Kemiskinan, dan Permasalahan Sosial Lintas Sektor",30.0,,NzUjMg==; MjEzIzI=; MiMy; MjM4IzI=; MjM3IzI=; MjAyIzI=; MTk3IzI=,Indeks Pembangunan Manusia (SP2010); Indeks Pembangunan Gender ; Indeks Harga Konsumen; Indeks Ketimpangan Gender (IKG); Indeks Pemberdayaan Gender (IDG); Indeks Kemahalan Konstruksi (IKK); Indeks Harga Kunsumen  (IHK) Beberapa Kabupaten/Kota di Prov Sulawesi Selatan,/2/NzUjMg==/indeks-pembangunan-manusia--sp2010-.html; /2/MjEzIzI=/indeks-pembangunan-gender-.html; /2/MiMy/indeks-harga-konsumen.html; /2/MjM4IzI=/indeks-ketimpangan-gender--ikg-.html; /2/MjM3IzI=/indeks-pemberdayaan-gender--idg-.html; /2/MjAyIzI=/indeks-kemahalan-konstruksi--ikk-.html; /2/MTk3IzI=/indeks-harga-kunsumen---ihk--beberapa-kabupaten-kota-di-prov-sulawesi-selatan.html,6.0,0,Tidak ada
121,2021,Indeks Pengeluaran,73.1,Data Tersedia,2025-03-05 10:34:16,Indeks Pembangunan Manusia (LF2020),563.0,"Kondisi Tempat Tinggal, Kemiskinan, dan Permasalahan Sosial Lintas Sektor",30.0,,NzUjMg==; MjEzIzI=; MiMy; MjM4IzI=; MjM3IzI=; MjAyIzI=; MTk3IzI=,Indeks Pembangunan Manusia (SP2010); Indeks Pembangunan Gender ; Indeks Harga Konsumen; Indeks Ketimpangan Gender (IKG); Indeks Pemberdayaan Gender (IDG); Indeks Kemahalan Konstruksi (IKK); Indeks Harga Kunsumen  (IHK) Beberapa Kabupaten/Kota di Prov Sulawesi Selatan,/2/NzUjMg==/indeks-pembangunan-manusia--sp2010-.html; /2/MjEzIzI=/indeks-pembangunan-gender-.html; /2/MiMy/indeks-harga-konsumen.html; /2/MjM4IzI=/indeks-ketimpangan-gender--ikg-.html; /2/MjM3IzI=/indeks-pemberdayaan-gender--idg-.html; /2/MjAyIzI=/indeks-kemahalan-konstruksi--ikk-.html; /2/MTk3IzI=/indeks-harga-kunsumen---ihk--beberapa-kabupaten-kota-di-prov-sulawesi-selatan.html,7.0,0,Tidak ada
121,2021,Indeks Pembangunan Manusia,72.56,Data Tersedia,2025-03-05 10:34:16,Indeks Pembangunan Manusia (LF2020),563.0,"Kondisi Tempat Tinggal, Kemiskinan, dan Permasalahan Sosial Lintas Sektor",30.0,,NzUjMg==; MjEzIzI=; MiMy; MjM4IzI=; MjM3IzI=; MjAyIzI=; MTk3IzI=,Indeks Pembangunan Manusia (SP2010); Indeks Pembangunan Gender ; Indeks Harga Konsumen; Indeks Ketimpangan Gender (IKG); Indeks Pemberdayaan Gender (IDG); Indeks Kemahalan Konstruksi (IKK); Indeks Harga Kunsumen  (IHK) Beberapa Kabupaten/Kota di Prov Sulawesi Selatan,/2/NzUjMg==/indeks-pembangunan-manusia--sp2010-.html; /2/MjEzIzI=/indeks-pembangunan-gender-.html; /2/MiMy/indeks-harga-konsumen.html; /2/MjM4IzI=/indeks-ketimpangan-gender--ikg-.html; /2/MjM3IzI=/indeks-pemberdayaan-gender--idg-.html; /2/MjAyIzI=/indeks-kemahalan-konstruksi--ikk-.html; /2/MTk3IzI=/indeks-harga-kunsumen---ihk--beberapa-kabupaten-kota-di-prov-sulawesi-selatan.html,8.0,0,Tidak ada
122,2022,Umur Harapan Hidup (Tahun),72.37,Data Tersedia,2025-03-05 10:34:16,Indeks Pembangunan Manusia (LF2020),563.0,"Kondisi Tempat Tinggal, Kemiskinan, dan Permasalahan Sosial Lintas Sektor",30.0,,NzUjMg==; MjEzIzI=; MiMy; MjM4IzI=; MjM3IzI=; MjAyIzI=; MTk3IzI=,Indeks Pembangunan Manusia (SP2010); Indeks Pembangunan Gender ; Indeks Harga Konsumen; Indeks Ketimpangan Gender (IKG); Indeks Pemberdayaan Gender (IDG); Indeks Kemahalan Konstruksi (IKK); Indeks Harga Kunsumen  (IHK) Beberapa Kabupaten/Kota di Prov Sulawesi Selatan,/2/NzUjMg==/indeks-pembangunan-manusia--sp2010-.html; /2/MjEzIzI=/indeks-pembangunan-gender-.html; /2/MiMy/indeks-harga-konsumen.html; /2/MjM4IzI=/indeks-ketimpangan-gender--ikg-.html; /2/MjM3IzI=/indeks-pemberdayaan-gender--idg-.html; /2/MjAyIzI=/indeks-kemahalan-konstruksi--ikk-.html; /2/MTk3IzI=/indeks-harga-kunsumen---ihk--beberapa-kabupaten-kota-di-prov-sulawesi-selatan.html,1.0,0,Tidak ada
122,2022,Harapan Lama Sekolah (Tahun),13.61,Data Tersedia,2025-03-05 10:34:16,Indeks Pembangunan Manusia (LF2020),563.0,"Kondisi Tempat Tinggal, Kemiskinan, dan Permasalahan Sosial Lintas Sektor",30.0,,NzUjMg==; MjEzIzI=; MiMy; MjM4IzI=; MjM3IzI=; MjAyIzI=; MTk3IzI=,Indeks Pembangunan Manusia (SP2010); Indeks Pembangunan Gender ; Indeks Harga Konsumen; Indeks Ketimpangan Gender (IKG); Indeks Pemberdayaan Gender (IDG); Indeks Kemahalan Konstruksi (IKK); Indeks Harga Kunsumen  (IHK) Beberapa Kabupaten/Kota di Prov Sulawesi Selatan,/2/NzUjMg==/indeks-pembangunan-manusia--sp2010-.html; /2/MjEzIzI=/indeks-pembangunan-gender-.html; /2/MiMy/indeks-harga-konsumen.html; /2/MjM4IzI=/indeks-ketimpangan-gender--ikg-.html; /2/MjM3IzI=/indeks-pemberdayaan-gender--idg-.html; /2/MjAyIzI=/indeks-kemahalan-konstruksi--ikk-.html; /2/MTk3IzI=/indeks-harga-kunsumen---ihk--beberapa-kabupaten-kota-di-prov-sulawesi-selatan.html,2.0,0,Tidak ada
122,2022,Rata-Rata Lama Sekolah (Tahun),8.25,Data Tersedia,2025-03-05 10:34:16,Indeks Pembangunan Manusia (LF2020),563.0,"Kondisi Tempat Tinggal, Kemiskinan, dan Permasalahan Sosial Lintas Sektor",30.0,,NzUjMg==; MjEzIzI=; MiMy; MjM4IzI=; MjM3IzI=; MjAyIzI=; MTk3IzI=,Indeks Pembangunan Manusia (SP2010); Indeks Pembangunan Gender ; Indeks Harga Konsumen; Indeks Ketimpangan Gender (IKG); Indeks Pemberdayaan Gender (IDG); Indeks Kemahalan Konstruksi (IKK); Indeks Harga Kunsumen  (IHK) Beberapa Kabupaten/Kota di Prov Sulawesi Selatan,/2/NzUjMg==/indeks-pembangunan-manusia--sp2010-.html; /2/MjEzIzI=/indeks-pembangunan-gender-.html; /2/MiMy/indeks-harga-konsumen.html; /2/MjM4IzI=/indeks-ketimpangan-gender--ikg-.html; /2/MjM3IzI=/indeks-pemberdayaan-gender--idg-.html; /2/MjAyIzI=/indeks-kemahalan-konstruksi--ikk-.html; /2/MTk3IzI=/indeks-harga-kunsumen---ihk--beberapa-kabupaten-kota-di-prov-sulawesi-selatan.html,3.0,0,Tidak ada
122,2022,Paritas Daya Beli (Ribu Rupiah),11275.0,Data Tersedia,2025-03-05 10:34:16,Indeks Pembangunan Manusia (LF2020),563.0,"Kondisi Tempat Tinggal, Kemiskinan, dan Permasalahan Sosial Lintas Sektor",30.0,,NzUjMg==; MjEzIzI=; MiMy; MjM4IzI=; MjM3IzI=; MjAyIzI=; MTk3IzI=,Indeks Pembangunan Manusia (SP2010); Indeks Pembangunan Gender ; Indeks Harga Konsumen; Indeks Ketimpangan Gender (IKG); Indeks Pemberdayaan Gender (IDG); Indeks Kemahalan Konstruksi (IKK); Indeks Harga Kunsumen  (IHK) Beberapa Kabupaten/Kota di Prov Sulawesi Selatan,/2/NzUjMg==/indeks-pembangunan-manusia--sp2010-.html; /2/MjEzIzI=/indeks-pembangunan-gender-.html; /2/MiMy/indeks-harga-konsumen.html; /2/MjM4IzI=/indeks-ketimpangan-gender--ikg-.html; /2/MjM3IzI=/indeks-pemberdayaan-gender--idg-.html; /2/MjAyIzI=/indeks-kemahalan-konstruksi--ikk-.html; /2/MTk3IzI=/indeks-harga-kunsumen---ihk--beberapa-kabupaten-kota-di-prov-sulawesi-selatan.html,4.0,0,Tidak ada
122,2022,Indeks Kesehatan ,80.57,Data Tersedia,2025-03-05 10:34:16,Indeks Pembangunan Manusia (LF2020),563.0,"Kondisi Tempat Tinggal, Kemiskinan, dan Permasalahan Sosial Lintas Sektor",30.0,,NzUjMg==; MjEzIzI=; MiMy; MjM4IzI=; MjM3IzI=; MjAyIzI=; MTk3IzI=,Indeks Pembangunan Manusia (SP2010); Indeks Pembangunan Gender ; Indeks Harga Konsumen; Indeks Ketimpangan Gender (IKG); Indeks Pemberdayaan Gender (IDG); Indeks Kemahalan Konstruksi (IKK); Indeks Harga Kunsumen  (IHK) Beberapa Kabupaten/Kota di Prov Sulawesi Selatan,/2/NzUjMg==/indeks-pembangunan-manusia--sp2010-.html; /2/MjEzIzI=/indeks-pembangunan-gender-.html; /2/MiMy/indeks-harga-konsumen.html; /2/MjM4IzI=/indeks-ketimpangan-gender--ikg-.html; /2/MjM3IzI=/indeks-pemberdayaan-gender--idg-.html; /2/MjAyIzI=/indeks-kemahalan-konstruksi--ikk-.html; /2/MTk3IzI=/indeks-harga-kunsumen---ihk--beberapa-kabupaten-kota-di-prov-sulawesi-selatan.html,5.0,0,Tidak ada
122,2022,Indeks Pendidikan,65.31,Data Tersedia,2025-03-05 10:34:16,Indeks Pembangunan Manusia (LF2020),563.0,"Kondisi Tempat Tinggal, Kemiskinan, dan Permasalahan Sosial Lintas Sektor",30.0,,NzUjMg==; MjEzIzI=; MiMy; MjM4IzI=; MjM3IzI=; MjAyIzI=; MTk3IzI=,Indeks Pembangunan Manusia (SP2010); Indeks Pembangunan Gender ; Indeks Harga Konsumen; Indeks Ketimpangan Gender (IKG); Indeks Pemberdayaan Gender (IDG); Indeks Kemahalan Konstruksi (IKK); Indeks Harga Kunsumen  (IHK) Beberapa Kabupaten/Kota di Prov Sulawesi Selatan,/2/NzUjMg==/indeks-pembangunan-manusia--sp2010-.html; /2/MjEzIzI=/indeks-pembangunan-gender-.html; /2/MiMy/indeks-harga-konsumen.html; /2/MjM4IzI=/indeks-ketimpangan-gender--ikg-.html; /2/MjM3IzI=/indeks-pemberdayaan-gender--idg-.html; /2/MjAyIzI=/indeks-kemahalan-konstruksi--ikk-.html; /2/MTk3IzI=/indeks-harga-kunsumen---ihk--beberapa-kabupaten-kota-di-prov-sulawesi-selatan.html,6.0,0,Tidak ada
122,2022,Indeks Pengeluaran,73.8,Data Tersedia,2025-03-05 10:34:16,Indeks Pembangunan Manusia (LF2020),563.0,"Kondisi Tempat Tinggal, Kemiskinan, dan Permasalahan Sosial Lintas Sektor",30.0,,NzUjMg==; MjEzIzI=; MiMy; MjM4IzI=; MjM3IzI=; MjAyIzI=; MTk3IzI=,Indeks Pembangunan Manusia (SP2010); Indeks Pembangunan Gender ; Indeks Harga Konsumen; Indeks Ketimpangan Gender (IKG); Indeks Pemberdayaan Gender (IDG); Indeks Kemahalan Konstruksi (IKK); Indeks Harga Kunsumen  (IHK) Beberapa Kabupaten/Kota di Prov Sulawesi Selatan,/2/NzUjMg==/indeks-pembangunan-manusia--sp2010-.html; /2/MjEzIzI=/indeks-pembangunan-gender-.html; /2/MiMy/indeks-harga-konsumen.html; /2/MjM4IzI=/indeks-ketimpangan-gender--ikg-.html; /2/MjM3IzI=/indeks-pemberdayaan-gender--idg-.html; /2/MjAyIzI=/indeks-kemahalan-konstruksi--ikk-.html; /2/MTk3IzI=/indeks-harga-kunsumen---ihk--beberapa-kabupaten-kota-di-prov-sulawesi-selatan.html,7.0,0,Tidak ada
122,2022,Indeks Pembangunan Manusia,72.96,Data Tersedia,2025-03-05 10:34:16,Indeks Pembangunan Manusia (LF2020),563.0,"Kondisi Tempat Tinggal, Kemiskinan, dan Permasalahan Sosial Lintas Sektor",30.0,,NzUjMg==; MjEzIzI=; MiMy; MjM4IzI=; MjM3IzI=; MjAyIzI=; MTk3IzI=,Indeks Pembangunan Manusia (SP2010); Indeks Pembangunan Gender ; Indeks Harga Konsumen; Indeks Ketimpangan Gender (IKG); Indeks Pemberdayaan Gender (IDG); Indeks Kemahalan Konstruksi (IKK); Indeks Harga Kunsumen  (IHK) Beberapa Kabupaten/Kota di Prov Sulawesi Selatan,/2/NzUjMg==/indeks-pembangunan-manusia--sp2010-.html; /2/MjEzIzI=/indeks-pembangunan-gender-.html; /2/MiMy/indeks-harga-konsumen.html; /2/MjM4IzI=/indeks-ketimpangan-gender--ikg-.html; /2/MjM3IzI=/indeks-pemberdayaan-gender--idg-.html; /2/MjAyIzI=/indeks-kemahalan-konstruksi--ikk-.html; /2/MTk3IzI=/indeks-harga-kunsumen---ihk--beberapa-kabupaten-kota-di-prov-sulawesi-selatan.html,8.0,0,Tidak ada
123,2023,Umur Harapan Hidup (Tahun),72.57,Data Tersedia,2025-03-05 10:34:16,Indeks Pembangunan Manusia (LF2020),563.0,"Kondisi Tempat Tinggal, Kemiskinan, dan Permasalahan Sosial Lintas Sektor",30.0,,NzUjMg==; MjEzIzI=; MiMy; MjM4IzI=; MjM3IzI=; MjAyIzI=; MTk3IzI=,Indeks Pembangunan Manusia (SP2010); Indeks Pembangunan Gender ; Indeks Harga Konsumen; Indeks Ketimpangan Gender (IKG); Indeks Pemberdayaan Gender (IDG); Indeks Kemahalan Konstruksi (IKK); Indeks Harga Kunsumen  (IHK) Beberapa Kabupaten/Kota di Prov Sulawesi Selatan,/2/NzUjMg==/indeks-pembangunan-manusia--sp2010-.html; /2/MjEzIzI=/indeks-pembangunan-gender-.html; /2/MiMy/indeks-harga-konsumen.html; /2/MjM4IzI=/indeks-ketimpangan-gender--ikg-.html; /2/MjM3IzI=/indeks-pemberdayaan-gender--idg-.html; /2/MjAyIzI=/indeks-kemahalan-konstruksi--ikk-.html; /2/MTk3IzI=/indeks-harga-kunsumen---ihk--beberapa-kabupaten-kota-di-prov-sulawesi-selatan.html,1.0,0,Tidak ada
123,2023,Harapan Lama Sekolah (Tahun),13.62,Data Tersedia,2025-03-05 10:34:16,Indeks Pembangunan Manusia (LF2020),563.0,"Kondisi Tempat Tinggal, Kemiskinan, dan Permasalahan Sosial Lintas Sektor",30.0,,NzUjMg==; MjEzIzI=; MiMy; MjM4IzI=; MjM3IzI=; MjAyIzI=; MTk3IzI=,Indeks Pembangunan Manusia (SP2010); Indeks Pembangunan Gender ; Indeks Harga Konsumen; Indeks Ketimpangan Gender (IKG); Indeks Pemberdayaan Gender (IDG); Indeks Kemahalan Konstruksi (IKK); Indeks Harga Kunsumen  (IHK) Beberapa Kabupaten/Kota di Prov Sulawesi Selatan,/2/NzUjMg==/indeks-pembangunan-manusia--sp2010-.html; /2/MjEzIzI=/indeks-pembangunan-gender-.html; /2/MiMy/indeks-harga-konsumen.html; /2/MjM4IzI=/indeks-ketimpangan-gender--ikg-.html; /2/MjM3IzI=/indeks-pemberdayaan-gender--idg-.html; /2/MjAyIzI=/indeks-kemahalan-konstruksi--ikk-.html; /2/MTk3IzI=/indeks-harga-kunsumen---ihk--beberapa-kabupaten-kota-di-prov-sulawesi-selatan.html,2.0,0,Tidak ada
123,2023,Rata-Rata Lama Sekolah (Tahun),8.54,Data Tersedia,2025-03-05 10:34:16,Indeks Pembangunan Manusia (LF2020),563.0,"Kondisi Tempat Tinggal, Kemiskinan, dan Permasalahan Sosial Lintas Sektor",30.0,,NzUjMg==; MjEzIzI=; MiMy; MjM4IzI=; MjM3IzI=; MjAyIzI=; MTk3IzI=,Indeks Pembangunan Manusia (SP2010); Indeks Pembangunan Gender ; Indeks Harga Konsumen; Indeks Ketimpangan Gender (IKG); Indeks Pemberdayaan Gender (IDG); Indeks Kemahalan Konstruksi (IKK); Indeks Harga Kunsumen  (IHK) Beberapa Kabupaten/Kota di Prov Sulawesi Selatan,/2/NzUjMg==/indeks-pembangunan-manusia--sp2010-.html; /2/MjEzIzI=/indeks-pembangunan-gender-.html; /2/MiMy/indeks-harga-konsumen.html; /2/MjM4IzI=/indeks-ketimpangan-gender--ikg-.html; /2/MjM3IzI=/indeks-pemberdayaan-gender--idg-.html; /2/MjAyIzI=/indeks-kemahalan-konstruksi--ikk-.html; /2/MTk3IzI=/indeks-harga-kunsumen---ihk--beberapa-kabupaten-kota-di-prov-sulawesi-selatan.html,3.0,0,Tidak ada
123,2023,Paritas Daya Beli (Ribu Rupiah),11712.0,Data Tersedia,2025-03-05 10:34:16,Indeks Pembangunan Manusia (LF2020),563.0,"Kondisi Tempat Tinggal, Kemiskinan, dan Permasalahan Sosial Lintas Sektor",30.0,,NzUjMg==; MjEzIzI=; MiMy; MjM4IzI=; MjM3IzI=; MjAyIzI=; MTk3IzI=,Indeks Pembangunan Manusia (SP2010); Indeks Pembangunan Gender ; Indeks Harga Konsumen; Indeks Ketimpangan Gender (IKG); Indeks Pemberdayaan Gender (IDG); Indeks Kemahalan Konstruksi (IKK); Indeks Harga Kunsumen  (IHK) Beberapa Kabupaten/Kota di Prov Sulawesi Selatan,/2/NzUjMg==/indeks-pembangunan-manusia--sp2010-.html; /2/MjEzIzI=/indeks-pembangunan-gender-.html; /2/MiMy/indeks-harga-konsumen.html; /2/MjM4IzI=/indeks-ketimpangan-gender--ikg-.html; /2/MjM3IzI=/indeks-pemberdayaan-gender--idg-.html; /2/MjAyIzI=/indeks-kemahalan-konstruksi--ikk-.html; /2/MTk3IzI=/indeks-harga-kunsumen---ihk--beberapa-kabupaten-kota-di-prov-sulawesi-selatan.html,4.0,0,Tidak ada
123,2023,Indeks Kesehatan ,80.88,Data Tersedia,2025-03-05 10:34:16,Indeks Pembangunan Manusia (LF2020),563.0,"Kondisi Tempat Tinggal, Kemiskinan, dan Permasalahan Sosial Lintas Sektor",30.0,,NzUjMg==; MjEzIzI=; MiMy; MjM4IzI=; MjM3IzI=; MjAyIzI=; MTk3IzI=,Indeks Pembangunan Manusia (SP2010); Indeks Pembangunan Gender ; Indeks Harga Konsumen; Indeks Ketimpangan Gender (IKG); Indeks Pemberdayaan Gender (IDG); Indeks Kemahalan Konstruksi (IKK); Indeks Harga Kunsumen  (IHK) Beberapa Kabupaten/Kota di Prov Sulawesi Selatan,/2/NzUjMg==/indeks-pembangunan-manusia--sp2010-.html; /2/MjEzIzI=/indeks-pembangunan-gender-.html; /2/MiMy/indeks-harga-konsumen.html; /2/MjM4IzI=/indeks-ketimpangan-gender--ikg-.html; /2/MjM3IzI=/indeks-pemberdayaan-gender--idg-.html; /2/MjAyIzI=/indeks-kemahalan-konstruksi--ikk-.html; /2/MTk3IzI=/indeks-harga-kunsumen---ihk--beberapa-kabupaten-kota-di-prov-sulawesi-selatan.html,5.0,0,Tidak ada
123,2023,Indeks Pendidikan,66.3,Data Tersedia,2025-03-05 10:34:16,Indeks Pembangunan Manusia (LF2020),563.0,"Kondisi Tempat Tinggal, Kemiskinan, dan Permasalahan Sosial Lintas Sektor",30.0,,NzUjMg==; MjEzIzI=; MiMy; MjM4IzI=; MjM3IzI=; MjAyIzI=; MTk3IzI=,Indeks Pembangunan Manusia (SP2010); Indeks Pembangunan Gender ; Indeks Harga Konsumen; Indeks Ketimpangan Gender (IKG); Indeks Pemberdayaan Gender (IDG); Indeks Kemahalan Konstruksi (IKK); Indeks Harga Kunsumen  (IHK) Beberapa Kabupaten/Kota di Prov Sulawesi Selatan,/2/NzUjMg==/indeks-pembangunan-manusia--sp2010-.html; /2/MjEzIzI=/indeks-pembangunan-gender-.html; /2/MiMy/indeks-harga-konsumen.html; /2/MjM4IzI=/indeks-ketimpangan-gender--ikg-.html; /2/MjM3IzI=/indeks-pemberdayaan-gender--idg-.html; /2/MjAyIzI=/indeks-kemahalan-konstruksi--ikk-.html; /2/MTk3IzI=/indeks-harga-kunsumen---ihk--beberapa-kabupaten-kota-di-prov-sulawesi-selatan.html,6.0,0,Tidak ada
123,2023,Indeks Pengeluaran,74.97,Data Tersedia,2025-03-05 10:34:16,Indeks Pembangunan Manusia (LF2020),563.0,"Kondisi Tempat Tinggal, Kemiskinan, dan Permasalahan Sosial Lintas Sektor",30.0,,NzUjMg==; MjEzIzI=; MiMy; MjM4IzI=; MjM3IzI=; MjAyIzI=; MTk3IzI=,Indeks Pembangunan Manusia (SP2010); Indeks Pembangunan Gender ; Indeks Harga Konsumen; Indeks Ketimpangan Gender (IKG); Indeks Pemberdayaan Gender (IDG); Indeks Kemahalan Konstruksi (IKK); Indeks Harga Kunsumen  (IHK) Beberapa Kabupaten/Kota di Prov Sulawesi Selatan,/2/NzUjMg==/indeks-pembangunan-manusia--sp2010-.html; /2/MjEzIzI=/indeks-pembangunan-gender-.html; /2/MiMy/indeks-harga-konsumen.html; /2/MjM4IzI=/indeks-ketimpangan-gender--ikg-.html; /2/MjM3IzI=/indeks-pemberdayaan-gender--idg-.html; /2/MjAyIzI=/indeks-kemahalan-konstruksi--ikk-.html; /2/MTk3IzI=/indeks-harga-kunsumen---ihk--beberapa-kabupaten-kota-di-prov-sulawesi-selatan.html,7.0,0,Tidak ada
123,2023,Indeks Pembangunan Manusia,73.8,Data Tersedia,2025-03-05 10:34:16,Indeks Pembangunan Manusia (LF2020),563.0,"Kondisi Tempat Tinggal, Kemiskinan, dan Permasalahan Sosial Lintas Sektor",30.0,,NzUjMg==; MjEzIzI=; MiMy; MjM4IzI=; MjM3IzI=; MjAyIzI=; MTk3IzI=,Indeks Pembangunan Manusia (SP2010); Indeks Pembangunan Gender ; Indeks Harga Konsumen; Indeks Ketimpangan Gender (IKG); Indeks Pemberdayaan Gender (IDG); Indeks Kemahalan Konstruksi (IKK); Indeks Harga Kunsumen  (IHK) Beberapa Kabupaten/Kota di Prov Sulawesi Selatan,/2/NzUjMg==/indeks-pembangunan-manusia--sp2010-.html; /2/MjEzIzI=/indeks-pembangunan-gender-.html; /2/MiMy/indeks-harga-konsumen.html; /2/MjM4IzI=/indeks-ketimpangan-gender--ikg-.html; /2/MjM3IzI=/indeks-pemberdayaan-gender--idg-.html; /2/MjAyIzI=/indeks-kemahalan-konstruksi--ikk-.html; /2/MTk3IzI=/indeks-harga-kunsumen---ihk--beberapa-kabupaten-kota-di-prov-sulawesi-selatan.html,8.0,0,Tidak ada
124,2024,Umur Harapan Hidup (Tahun),72.75,Data Tersedia,2025-03-05 10:34:16,Indeks Pembangunan Manusia (LF2020),563.0,"Kondisi Tempat Tinggal, Kemiskinan, dan Permasalahan Sosial Lintas Sektor",30.0,,NzUjMg==; MjEzIzI=; MiMy; MjM4IzI=; MjM3IzI=; MjAyIzI=; MTk3IzI=,Indeks Pembangunan Manusia (SP2010); Indeks Pembangunan Gender ; Indeks Harga Konsumen; Indeks Ketimpangan Gender (IKG); Indeks Pemberdayaan Gender (IDG); Indeks Kemahalan Konstruksi (IKK); Indeks Harga Kunsumen  (IHK) Beberapa Kabupaten/Kota di Prov Sulawesi Selatan,/2/NzUjMg==/indeks-pembangunan-manusia--sp2010-.html; /2/MjEzIzI=/indeks-pembangunan-gender-.html; /2/MiMy/indeks-harga-konsumen.html; /2/MjM4IzI=/indeks-ketimpangan-gender--ikg-.html; /2/MjM3IzI=/indeks-pemberdayaan-gender--idg-.html; /2/MjAyIzI=/indeks-kemahalan-konstruksi--ikk-.html; /2/MTk3IzI=/indeks-harga-kunsumen---ihk--beberapa-kabupaten-kota-di-prov-sulawesi-selatan.html,1.0,0,Tidak ada
124,2024,Harapan Lama Sekolah (Tahun),13.63,Data Tersedia,2025-03-05 10:34:16,Indeks Pembangunan Manusia (LF2020),563.0,"Kondisi Tempat Tinggal, Kemiskinan, dan Permasalahan Sosial Lintas Sektor",30.0,,NzUjMg==; MjEzIzI=; MiMy; MjM4IzI=; MjM3IzI=; MjAyIzI=; MTk3IzI=,Indeks Pembangunan Manusia (SP2010); Indeks Pembangunan Gender ; Indeks Harga Konsumen; Indeks Ketimpangan Gender (IKG); Indeks Pemberdayaan Gender (IDG); Indeks Kemahalan Konstruksi (IKK); Indeks Harga Kunsumen  (IHK) Beberapa Kabupaten/Kota di Prov Sulawesi Selatan,/2/NzUjMg==/indeks-pembangunan-manusia--sp2010-.html; /2/MjEzIzI=/indeks-pembangunan-gender-.html; /2/MiMy/indeks-harga-konsumen.html; /2/MjM4IzI=/indeks-ketimpangan-gender--ikg-.html; /2/MjM3IzI=/indeks-pemberdayaan-gender--idg-.html; /2/MjAyIzI=/indeks-kemahalan-konstruksi--ikk-.html; /2/MTk3IzI=/indeks-harga-kunsumen---ihk--beberapa-kabupaten-kota-di-prov-sulawesi-selatan.html,2.0,0,Tidak ada
124,2024,Rata-Rata Lama Sekolah (Tahun),8.8,Data Tersedia,2025-03-05 10:34:16,Indeks Pembangunan Manusia (LF2020),563.0,"Kondisi Tempat Tinggal, Kemiskinan, dan Permasalahan Sosial Lintas Sektor",30.0,,NzUjMg==; MjEzIzI=; MiMy; MjM4IzI=; MjM3IzI=; MjAyIzI=; MTk3IzI=,Indeks Pembangunan Manusia (SP2010); Indeks Pembangunan Gender ; Indeks Harga Konsumen; Indeks Ketimpangan Gender (IKG); Indeks Pemberdayaan Gender (IDG); Indeks Kemahalan Konstruksi (IKK); Indeks Harga Kunsumen  (IHK) Beberapa Kabupaten/Kota di Prov Sulawesi Selatan,/2/NzUjMg==/indeks-pembangunan-manusia--sp2010-.html; /2/MjEzIzI=/indeks-pembangunan-gender-.html; /2/MiMy/indeks-harga-konsumen.html; /2/MjM4IzI=/indeks-ketimpangan-gender--ikg-.html; /2/MjM3IzI=/indeks-pemberdayaan-gender--idg-.html; /2/MjAyIzI=/indeks-kemahalan-konstruksi--ikk-.html; /2/MTk3IzI=/indeks-harga-kunsumen---ihk--beberapa-kabupaten-kota-di-prov-sulawesi-selatan.html,3.0,0,Tidak ada
124,2024,Paritas Daya Beli (Ribu Rupiah),12058.0,Data Tersedia,2025-03-05 10:34:16,Indeks Pembangunan Manusia (LF2020),563.0,"Kondisi Tempat Tinggal, Kemiskinan, dan Permasalahan Sosial Lintas Sektor",30.0,,NzUjMg==; MjEzIzI=; MiMy; MjM4IzI=; MjM3IzI=; MjAyIzI=; MTk3IzI=,Indeks Pembangunan Manusia (SP2010); Indeks Pembangunan Gender ; Indeks Harga Konsumen; Indeks Ketimpangan Gender (IKG); Indeks Pemberdayaan Gender (IDG); Indeks Kemahalan Konstruksi (IKK); Indeks Harga Kunsumen  (IHK) Beberapa Kabupaten/Kota di Prov Sulawesi Selatan,/2/NzUjMg==/indeks-pembangunan-manusia--sp2010-.html; /2/MjEzIzI=/indeks-pembangunan-gender-.html; /2/MiMy/indeks-harga-konsumen.html; /2/MjM4IzI=/indeks-ketimpangan-gender--ikg-.html; /2/MjM3IzI=/indeks-pemberdayaan-gender--idg-.html; /2/MjAyIzI=/indeks-kemahalan-konstruksi--ikk-.html; /2/MTk3IzI=/indeks-harga-kunsumen---ihk--beberapa-kabupaten-kota-di-prov-sulawesi-selatan.html,4.0,0,Tidak ada
124,2024,Indeks Kesehatan ,81.15,Data Tersedia,2025-03-05 10:34:16,Indeks Pembangunan Manusia (LF2020),563.0,"Kondisi Tempat Tinggal, Kemiskinan, dan Permasalahan Sosial Lintas Sektor",30.0,,NzUjMg==; MjEzIzI=; MiMy; MjM4IzI=; MjM3IzI=; MjAyIzI=; MTk3IzI=,Indeks Pembangunan Manusia (SP2010); Indeks Pembangunan Gender ; Indeks Harga Konsumen; Indeks Ketimpangan Gender (IKG); Indeks Pemberdayaan Gender (IDG); Indeks Kemahalan Konstruksi (IKK); Indeks Harga Kunsumen  (IHK) Beberapa Kabupaten/Kota di Prov Sulawesi Selatan,/2/NzUjMg==/indeks-pembangunan-manusia--sp2010-.html; /2/MjEzIzI=/indeks-pembangunan-gender-.html; /2/MiMy/indeks-harga-konsumen.html; /2/MjM4IzI=/indeks-ketimpangan-gender--ikg-.html; /2/MjM3IzI=/indeks-pemberdayaan-gender--idg-.html; /2/MjAyIzI=/indeks-kemahalan-konstruksi--ikk-.html; /2/MTk3IzI=/indeks-harga-kunsumen---ihk--beberapa-kabupaten-kota-di-prov-sulawesi-selatan.html,5.0,0,Tidak ada
124,2024,Indeks Pendidikan,67.19,Data Tersedia,2025-03-05 10:34:16,Indeks Pembangunan Manusia (LF2020),563.0,"Kondisi Tempat Tinggal, Kemiskinan, dan Permasalahan Sosial Lintas Sektor",30.0,,NzUjMg==; MjEzIzI=; MiMy; MjM4IzI=; MjM3IzI=; MjAyIzI=; MTk3IzI=,Indeks Pembangunan Manusia (SP2010); Indeks Pembangunan Gender ; Indeks Harga Konsumen; Indeks Ketimpangan Gender (IKG); Indeks Pemberdayaan Gender (IDG); Indeks Kemahalan Konstruksi (IKK); Indeks Harga Kunsumen  (IHK) Beberapa Kabupaten/Kota di Prov Sulawesi Selatan,/2/NzUjMg==/indeks-pembangunan-manusia--sp2010-.html; /2/MjEzIzI=/indeks-pembangunan-gender-.html; /2/MiMy/indeks-harga-konsumen.html; /2/MjM4IzI=/indeks-ketimpangan-gender--ikg-.html; /2/MjM3IzI=/indeks-pemberdayaan-gender--idg-.html; /2/MjAyIzI=/indeks-kemahalan-konstruksi--ikk-.html; /2/MTk3IzI=/indeks-harga-kunsumen---ihk--beberapa-kabupaten-kota-di-prov-sulawesi-selatan.html,6.0,0,Tidak ada
124,2024,Indeks Pengeluaran,75.85,Data Tersedia,2025-03-05 10:34:16,Indeks Pembangunan Manusia (LF2020),563.0,"Kondisi Tempat Tinggal, Kemiskinan, dan Permasalahan Sosial Lintas Sektor",30.0,,NzUjMg==; MjEzIzI=; MiMy; MjM4IzI=; MjM3IzI=; MjAyIzI=; MTk3IzI=,Indeks Pembangunan Manusia (SP2010); Indeks Pembangunan Gender ; Indeks Harga Konsumen; Indeks Ketimpangan Gender (IKG); Indeks Pemberdayaan Gender (IDG); Indeks Kemahalan Konstruksi (IKK); Indeks Harga Kunsumen  (IHK) Beberapa Kabupaten/Kota di Prov Sulawesi Selatan,/2/NzUjMg==/indeks-pembangunan-manusia--sp2010-.html; /2/MjEzIzI=/indeks-pembangunan-gender-.html; /2/MiMy/indeks-harga-konsumen.html; /2/MjM4IzI=/indeks-ketimpangan-gender--ikg-.html; /2/MjM3IzI=/indeks-pemberdayaan-gender--idg-.html; /2/MjAyIzI=/indeks-kemahalan-konstruksi--ikk-.html; /2/MTk3IzI=/indeks-harga-kunsumen---ihk--beberapa-kabupaten-kota-di-prov-sulawesi-selatan.html,7.0,0,Tidak ada
124,2024,Indeks Pembangunan Manusia,74.51,Data Tersedia,2025-03-05 10:34:16,Indeks Pembangunan Manusia (LF2020),563.0,"Kondisi Tempat Tinggal, Kemiskinan, dan Permasalahan Sosial Lintas Sektor",30.0,,NzUjMg==; MjEzIzI=; MiMy; MjM4IzI=; MjM3IzI=; MjAyIzI=; MTk3IzI=,Indeks Pembangunan Manusia (SP2010); Indeks Pembangunan Gender ; Indeks Harga Konsumen; Indeks Ketimpangan Gender (IKG); Indeks Pemberdayaan Gender (IDG); Indeks Kemahalan Konstruksi (IKK); Indeks Harga Kunsumen  (IHK) Beberapa Kabupaten/Kota di Prov Sulawesi Selatan,/2/NzUjMg==/indeks-pembangunan-manusia--sp2010-.html; /2/MjEzIzI=/indeks-pembangunan-gender-.html; /2/MiMy/indeks-harga-konsumen.html; /2/MjM4IzI=/indeks-ketimpangan-gender--ikg-.html; /2/MjM3IzI=/indeks-pemberdayaan-gender--idg-.html; /2/MjAyIzI=/indeks-kemahalan-konstruksi--ikk-.html; /2/MTk3IzI=/indeks-harga-kunsumen---ihk--beberapa-kabupaten-kota-di-prov-sulawesi-selatan.html,8.0,0,Tidak ada
125,,Umur Harapan Hidup (Tahun),,Data Tidak Ditemukan,2025-03-05 10:34:16,Indeks Pembangunan Manusia (LF2020),563.0,"Kondisi Tempat Tinggal, Kemiskinan, dan Permasalahan Sosial Lintas Sektor",30.0,,NzUjMg==; MjEzIzI=; MiMy; MjM4IzI=; MjM3IzI=; MjAyIzI=; MTk3IzI=,Indeks Pembangunan Manusia (SP2010); Indeks Pembangunan Gender ; Indeks Harga Konsumen; Indeks Ketimpangan Gender (IKG); Indeks Pemberdayaan Gender (IDG); Indeks Kemahalan Konstruksi (IKK); Indeks Harga Kunsumen  (IHK) Beberapa Kabupaten/Kota di Prov Sulawesi Selatan,/2/NzUjMg==/indeks-pembangunan-manusia--sp2010-.html; /2/MjEzIzI=/indeks-pembangunan-gender-.html; /2/MiMy/indeks-harga-konsumen.html; /2/MjM4IzI=/indeks-ketimpangan-gender--ikg-.html; /2/MjM3IzI=/indeks-pemberdayaan-gender--idg-.html; /2/MjAyIzI=/indeks-kemahalan-konstruksi--ikk-.html; /2/MTk3IzI=/indeks-harga-kunsumen---ihk--beberapa-kabupaten-kota-di-prov-sulawesi-selatan.html,1.0,0,Tidak ada
125,,Harapan Lama Sekolah (Tahun),,Data Tidak Ditemukan,2025-03-05 10:34:16,Indeks Pembangunan Manusia (LF2020),563.0,"Kondisi Tempat Tinggal, Kemiskinan, dan Permasalahan Sosial Lintas Sektor",30.0,,NzUjMg==; MjEzIzI=; MiMy; MjM4IzI=; MjM3IzI=; MjAyIzI=; MTk3IzI=,Indeks Pembangunan Manusia (SP2010); Indeks Pembangunan Gender ; Indeks Harga Konsumen; Indeks Ketimpangan Gender (IKG); Indeks Pemberdayaan Gender (IDG); Indeks Kemahalan Konstruksi (IKK); Indeks Harga Kunsumen  (IHK) Beberapa Kabupaten/Kota di Prov Sulawesi Selatan,/2/NzUjMg==/indeks-pembangunan-manusia--sp2010-.html; /2/MjEzIzI=/indeks-pembangunan-gender-.html; /2/MiMy/indeks-harga-konsumen.html; /2/MjM4IzI=/indeks-ketimpangan-gender--ikg-.html; /2/MjM3IzI=/indeks-pemberdayaan-gender--idg-.html; /2/MjAyIzI=/indeks-kemahalan-konstruksi--ikk-.html; /2/MTk3IzI=/indeks-harga-kunsumen---ihk--beberapa-kabupaten-kota-di-prov-sulawesi-selatan.html,2.0,0,Tidak ada
125,,Rata-Rata Lama Sekolah (Tahun),,Data Tidak Ditemukan,2025-03-05 10:34:16,Indeks Pembangunan Manusia (LF2020),563.0,"Kondisi Tempat Tinggal, Kemiskinan, dan Permasalahan Sosial Lintas Sektor",30.0,,NzUjMg==; MjEzIzI=; MiMy; MjM4IzI=; MjM3IzI=; MjAyIzI=; MTk3IzI=,Indeks Pembangunan Manusia (SP2010); Indeks Pembangunan Gender ; Indeks Harga Konsumen; Indeks Ketimpangan Gender (IKG); Indeks Pemberdayaan Gender (IDG); Indeks Kemahalan Konstruksi (IKK); Indeks Harga Kunsumen  (IHK) Beberapa Kabupaten/Kota di Prov Sulawesi Selatan,/2/NzUjMg==/indeks-pembangunan-manusia--sp2010-.html; /2/MjEzIzI=/indeks-pembangunan-gender-.html; /2/MiMy/indeks-harga-konsumen.html; /2/MjM4IzI=/indeks-ketimpangan-gender--ikg-.html; /2/MjM3IzI=/indeks-pemberdayaan-gender--idg-.html; /2/MjAyIzI=/indeks-kemahalan-konstruksi--ikk-.html; /2/MTk3IzI=/indeks-harga-kunsumen---ihk--beberapa-kabupaten-kota-di-prov-sulawesi-selatan.html,3.0,0,Tidak ada
125,,Paritas Daya Beli (Ribu Rupiah),,Data Tidak Ditemukan,2025-03-05 10:34:16,Indeks Pembangunan Manusia (LF2020),563.0,"Kondisi Tempat Tinggal, Kemiskinan, dan Permasalahan Sosial Lintas Sektor",30.0,,NzUjMg==; MjEzIzI=; MiMy; MjM4IzI=; MjM3IzI=; MjAyIzI=; MTk3IzI=,Indeks Pembangunan Manusia (SP2010); Indeks Pembangunan Gender ; Indeks Harga Konsumen; Indeks Ketimpangan Gender (IKG); Indeks Pemberdayaan Gender (IDG); Indeks Kemahalan Konstruksi (IKK); Indeks Harga Kunsumen  (IHK) Beberapa Kabupaten/Kota di Prov Sulawesi Selatan,/2/NzUjMg==/indeks-pembangunan-manusia--sp2010-.html; /2/MjEzIzI=/indeks-pembangunan-gender-.html; /2/MiMy/indeks-harga-konsumen.html; /2/MjM4IzI=/indeks-ketimpangan-gender--ikg-.html; /2/MjM3IzI=/indeks-pemberdayaan-gender--idg-.html; /2/MjAyIzI=/indeks-kemahalan-konstruksi--ikk-.html; /2/MTk3IzI=/indeks-harga-kunsumen---ihk--beberapa-kabupaten-kota-di-prov-sulawesi-selatan.html,4.0,0,Tidak ada
125,,Indeks Kesehatan ,,Data Tidak Ditemukan,2025-03-05 10:34:16,Indeks Pembangunan Manusia (LF2020),563.0,"Kondisi Tempat Tinggal, Kemiskinan, dan Permasalahan Sosial Lintas Sektor",30.0,,NzUjMg==; MjEzIzI=; MiMy; MjM4IzI=; MjM3IzI=; MjAyIzI=; MTk3IzI=,Indeks Pembangunan Manusia (SP2010); Indeks Pembangunan Gender ; Indeks Harga Konsumen; Indeks Ketimpangan Gender (IKG); Indeks Pemberdayaan Gender (IDG); Indeks Kemahalan Konstruksi (IKK); Indeks Harga Kunsumen  (IHK) Beberapa Kabupaten/Kota di Prov Sulawesi Selatan,/2/NzUjMg==/indeks-pembangunan-manusia--sp2010-.html; /2/MjEzIzI=/indeks-pembangunan-gender-.html; /2/MiMy/indeks-harga-konsumen.html; /2/MjM4IzI=/indeks-ketimpangan-gender--ikg-.html; /2/MjM3IzI=/indeks-pemberdayaan-gender--idg-.html; /2/MjAyIzI=/indeks-kemahalan-konstruksi--ikk-.html; /2/MTk3IzI=/indeks-harga-kunsumen---ihk--beberapa-kabupaten-kota-di-prov-sulawesi-selatan.html,5.0,0,Tidak ada
125,,Indeks Pendidikan,,Data Tidak Ditemukan,2025-03-05 10:34:16,Indeks Pembangunan Manusia (LF2020),563.0,"Kondisi Tempat Tinggal, Kemiskinan, dan Permasalahan Sosial Lintas Sektor",30.0,,NzUjMg==; MjEzIzI=; MiMy; MjM4IzI=; MjM3IzI=; MjAyIzI=; MTk3IzI=,Indeks Pembangunan Manusia (SP2010); Indeks Pembangunan Gender ; Indeks Harga Konsumen; Indeks Ketimpangan Gender (IKG); Indeks Pemberdayaan Gender (IDG); Indeks Kemahalan Konstruksi (IKK); Indeks Harga Kunsumen  (IHK) Beberapa Kabupaten/Kota di Prov Sulawesi Selatan,/2/NzUjMg==/indeks-pembangunan-manusia--sp2010-.html; /2/MjEzIzI=/indeks-pembangunan-gender-.html; /2/MiMy/indeks-harga-konsumen.html; /2/MjM4IzI=/indeks-ketimpangan-gender--ikg-.html; /2/MjM3IzI=/indeks-pemberdayaan-gender--idg-.html; /2/MjAyIzI=/indeks-kemahalan-konstruksi--ikk-.html; /2/MTk3IzI=/indeks-harga-kunsumen---ihk--beberapa-kabupaten-kota-di-prov-sulawesi-selatan.html,6.0,0,Tidak ada
125,,Indeks Pengeluaran,,Data Tidak Ditemukan,2025-03-05 10:34:16,Indeks Pembangunan Manusia (LF2020),563.0,"Kondisi Tempat Tinggal, Kemiskinan, dan Permasalahan Sosial Lintas Sektor",30.0,,NzUjMg==; MjEzIzI=; MiMy; MjM4IzI=; MjM3IzI=; MjAyIzI=; MTk3IzI=,Indeks Pembangunan Manusia (SP2010); Indeks Pembangunan Gender ; Indeks Harga Konsumen; Indeks Ketimpangan Gender (IKG); Indeks Pemberdayaan Gender (IDG); Indeks Kemahalan Konstruksi (IKK); Indeks Harga Kunsumen  (IHK) Beberapa Kabupaten/Kota di Prov Sulawesi Selatan,/2/NzUjMg==/indeks-pembangunan-manusia--sp2010-.html; /2/MjEzIzI=/indeks-pembangunan-gender-.html; /2/MiMy/indeks-harga-konsumen.html; /2/MjM4IzI=/indeks-ketimpangan-gender--ikg-.html; /2/MjM3IzI=/indeks-pemberdayaan-gender--idg-.html; /2/MjAyIzI=/indeks-kemahalan-konstruksi--ikk-.html; /2/MTk3IzI=/indeks-harga-kunsumen---ihk--beberapa-kabupaten-kota-di-prov-sulawesi-selatan.html,7.0,0,Tidak ada
125,,Indeks Pembangunan Manusia,,Data Tidak Ditemukan,2025-03-05 10:34:16,Indeks Pembangunan Manusia (LF2020),563.0,"Kondisi Tempat Tinggal, Kemiskinan, dan Permasalahan Sosial Lintas Sektor",30.0,,NzUjMg==; MjEzIzI=; MiMy; MjM4IzI=; MjM3IzI=; MjAyIzI=; MTk3IzI=,Indeks Pembangunan Manusia (SP2010); Indeks Pembangunan Gender ; Indeks Harga Konsumen; Indeks Ketimpangan Gender (IKG); Indeks Pemberdayaan Gender (IDG); Indeks Kemahalan Konstruksi (IKK); Indeks Harga Kunsumen  (IHK) Beberapa Kabupaten/Kota di Prov Sulawesi Selatan,/2/NzUjMg==/indeks-pembangunan-manusia--sp2010-.html; /2/MjEzIzI=/indeks-pembangunan-gender-.html; /2/MiMy/indeks-harga-konsumen.html; /2/MjM4IzI=/indeks-ketimpangan-gender--ikg-.html; /2/MjM3IzI=/indeks-pemberdayaan-gender--idg-.html; /2/MjAyIzI=/indeks-kemahalan-konstruksi--ikk-.html; /2/MTk3IzI=/indeks-harga-kunsumen---ihk--beberapa-kabupaten-kota-di-prov-sulawesi-selatan.html,8.0,0,Tidak ada
