id_tahun,tahun,vervar_label,nilai,status,last_update,var_label,subject_id,subject_label,var_id,var_unit,related_ids,related_titles,related_links,vervar_id,turvar_id,turvar_label
100,,,,Data Tidak Ditemukan,,,,,,,,,,,,
101,,,,Data Tidak Ditemukan,,,,,,,,,,,,
102,,,,Data Tidak Ditemukan,,,,,,,,,,,,
103,,,,Data Tidak Ditemukan,,,,,,,,,,,,
104,,,,Data Tidak Ditemukan,,,,,,,,,,,,
105,,,,Data Tidak Ditemukan,,,,,,,,,,,,
106,,,,Data Tidak Ditemukan,,,,,,,,,,,,
107,,,,Data Tidak Ditemukan,,,,,,,,,,,,
108,,,,Data Tidak Ditemukan,,,,,,,,,,,,
109,,,,Data Tidak Ditemukan,,,,,,,,,,,,
110,,,,Data Tidak Ditemukan,,,,,,,,,,,,
111,,,,Data Tidak Ditemukan,,,,,,,,,,,,
112,,,,Data Tidak Ditemukan,,,,,,,,,,,,
113,,,,Data Tidak Ditemukan,,,,,,,,,,,,
114,,,,Data Tidak Ditemukan,,,,,,,,,,,,
115,,,,Data Tidak Ditemukan,,,,,,,,,,,,
116,,,,Data Tidak Ditemukan,,,,,,,,,,,,
117,,,,Data Tidak Ditemukan,,,,,,,,,,,,
118,,,,Data Tidak Ditemukan,,,,,,,,,,,,
119,,,,Data Tidak Ditemukan,,,,,,,,,,,,
120,,Jumlah Kecelakaan,,Data Tidak Ditemukan,2024-04-17 09:31:25,Jumlah Kecelakaan Lalu Lintas dan Korban,560.0,Transportasi,171.0,,MTI5IzI=; MjA5IzI=; MTMzIzI=; MTMyIzI=; MTMxIzI=; MTc3IzI=; MTY4IzI=,Jumlah penduduk berumur 15 tahun keatas menurut jenis kegiatan utama selama seminggu yang lalu dan jenis kelamin; Jumlah Angkatan Kerja Menurut Jenis Kegiatan Selama Seminggu yang Lalu di Kabupaten Barru; Jumlah penduduk berumur 15 tahun keatas yang bekerja selama seminggu yang lalu menurut pendidikan tertinggi dan jenis kelamin; Jumlah Penduduk Berumur 15 Tahun Keatas Yang Bekerja Selama Seminggu Yang Lalu Menurut Lapangan Pekerjaan Dan Jenis Kelamin; Jumlah penduduk berumur 15 tahun keatas yang bekerja selama seminggu yang lalu menurut status pekerjaan utama dan jenis kelamin; Jumlah Penduduk Berumur 15 Tahun Keatas yang  Bekerja Selama Seminggu Yang Lalu Menurut Jenis  Pekerjaan Utama dan Jenis Kelamin; Jumlah Penduduk Menurut Kecamatan dan Agama,/2/MTI5IzI=/jumlah-penduduk-berumur-15-tahun-keatas-menurut-jenis-kegiatan-utama-selama-seminggu-yang-lalu-dan-jenis-kelamin.html; /2/MjA5IzI=/jumlah-angkatan-kerja-menurut-jenis-kegiatan-selama-seminggu-yang-lalu-di-kabupaten-barru.html; /2/MTMzIzI=/jumlah-penduduk-berumur-15-tahun-keatas-yang-bekerja-selama-seminggu-yang-lalu-menurut-pendidikan-tertinggi-dan-jenis-kelamin.html; /2/MTMyIzI=/jumlah-penduduk-berumur-15-tahun-keatas-yang-bekerja-selama-seminggu-yang-lalu-menurut-lapangan-pekerjaan-dan-jenis-kelamin.html; /2/MTMxIzI=/jumlah-penduduk-berumur-15-tahun-keatas-yang-bekerja-selama-seminggu-yang-lalu-menurut-status-pekerjaan-utama-dan-jenis-kelamin.html; /2/MTc3IzI=/jumlah-penduduk-berumur-15-tahun-keatas-yang--bekerja-selama-seminggu-yang-lalu-menurut-jenis--pekerjaan-utama-dan-jenis-kelamin.html; /2/MTY4IzI=/jumlah-penduduk-menurut-kecamatan-dan-agama.html,1.0,0,Tidak ada
120,,Meninggal,,Data Tidak Ditemukan,2024-04-17 09:31:25,Jumlah Kecelakaan Lalu Lintas dan Korban,560.0,Transportasi,171.0,,MTI5IzI=; MjA5IzI=; MTMzIzI=; MTMyIzI=; MTMxIzI=; MTc3IzI=; MTY4IzI=,Jumlah penduduk berumur 15 tahun keatas menurut jenis kegiatan utama selama seminggu yang lalu dan jenis kelamin; Jumlah Angkatan Kerja Menurut Jenis Kegiatan Selama Seminggu yang Lalu di Kabupaten Barru; Jumlah penduduk berumur 15 tahun keatas yang bekerja selama seminggu yang lalu menurut pendidikan tertinggi dan jenis kelamin; Jumlah Penduduk Berumur 15 Tahun Keatas Yang Bekerja Selama Seminggu Yang Lalu Menurut Lapangan Pekerjaan Dan Jenis Kelamin; Jumlah penduduk berumur 15 tahun keatas yang bekerja selama seminggu yang lalu menurut status pekerjaan utama dan jenis kelamin; Jumlah Penduduk Berumur 15 Tahun Keatas yang  Bekerja Selama Seminggu Yang Lalu Menurut Jenis  Pekerjaan Utama dan Jenis Kelamin; Jumlah Penduduk Menurut Kecamatan dan Agama,/2/MTI5IzI=/jumlah-penduduk-berumur-15-tahun-keatas-menurut-jenis-kegiatan-utama-selama-seminggu-yang-lalu-dan-jenis-kelamin.html; /2/MjA5IzI=/jumlah-angkatan-kerja-menurut-jenis-kegiatan-selama-seminggu-yang-lalu-di-kabupaten-barru.html; /2/MTMzIzI=/jumlah-penduduk-berumur-15-tahun-keatas-yang-bekerja-selama-seminggu-yang-lalu-menurut-pendidikan-tertinggi-dan-jenis-kelamin.html; /2/MTMyIzI=/jumlah-penduduk-berumur-15-tahun-keatas-yang-bekerja-selama-seminggu-yang-lalu-menurut-lapangan-pekerjaan-dan-jenis-kelamin.html; /2/MTMxIzI=/jumlah-penduduk-berumur-15-tahun-keatas-yang-bekerja-selama-seminggu-yang-lalu-menurut-status-pekerjaan-utama-dan-jenis-kelamin.html; /2/MTc3IzI=/jumlah-penduduk-berumur-15-tahun-keatas-yang--bekerja-selama-seminggu-yang-lalu-menurut-jenis--pekerjaan-utama-dan-jenis-kelamin.html; /2/MTY4IzI=/jumlah-penduduk-menurut-kecamatan-dan-agama.html,2.0,0,Tidak ada
120,,Luka Berat,,Data Tidak Ditemukan,2024-04-17 09:31:25,Jumlah Kecelakaan Lalu Lintas dan Korban,560.0,Transportasi,171.0,,MTI5IzI=; MjA5IzI=; MTMzIzI=; MTMyIzI=; MTMxIzI=; MTc3IzI=; MTY4IzI=,Jumlah penduduk berumur 15 tahun keatas menurut jenis kegiatan utama selama seminggu yang lalu dan jenis kelamin; Jumlah Angkatan Kerja Menurut Jenis Kegiatan Selama Seminggu yang Lalu di Kabupaten Barru; Jumlah penduduk berumur 15 tahun keatas yang bekerja selama seminggu yang lalu menurut pendidikan tertinggi dan jenis kelamin; Jumlah Penduduk Berumur 15 Tahun Keatas Yang Bekerja Selama Seminggu Yang Lalu Menurut Lapangan Pekerjaan Dan Jenis Kelamin; Jumlah penduduk berumur 15 tahun keatas yang bekerja selama seminggu yang lalu menurut status pekerjaan utama dan jenis kelamin; Jumlah Penduduk Berumur 15 Tahun Keatas yang  Bekerja Selama Seminggu Yang Lalu Menurut Jenis  Pekerjaan Utama dan Jenis Kelamin; Jumlah Penduduk Menurut Kecamatan dan Agama,/2/MTI5IzI=/jumlah-penduduk-berumur-15-tahun-keatas-menurut-jenis-kegiatan-utama-selama-seminggu-yang-lalu-dan-jenis-kelamin.html; /2/MjA5IzI=/jumlah-angkatan-kerja-menurut-jenis-kegiatan-selama-seminggu-yang-lalu-di-kabupaten-barru.html; /2/MTMzIzI=/jumlah-penduduk-berumur-15-tahun-keatas-yang-bekerja-selama-seminggu-yang-lalu-menurut-pendidikan-tertinggi-dan-jenis-kelamin.html; /2/MTMyIzI=/jumlah-penduduk-berumur-15-tahun-keatas-yang-bekerja-selama-seminggu-yang-lalu-menurut-lapangan-pekerjaan-dan-jenis-kelamin.html; /2/MTMxIzI=/jumlah-penduduk-berumur-15-tahun-keatas-yang-bekerja-selama-seminggu-yang-lalu-menurut-status-pekerjaan-utama-dan-jenis-kelamin.html; /2/MTc3IzI=/jumlah-penduduk-berumur-15-tahun-keatas-yang--bekerja-selama-seminggu-yang-lalu-menurut-jenis--pekerjaan-utama-dan-jenis-kelamin.html; /2/MTY4IzI=/jumlah-penduduk-menurut-kecamatan-dan-agama.html,3.0,0,Tidak ada
120,,Luka Ringan,,Data Tidak Ditemukan,2024-04-17 09:31:25,Jumlah Kecelakaan Lalu Lintas dan Korban,560.0,Transportasi,171.0,,MTI5IzI=; MjA5IzI=; MTMzIzI=; MTMyIzI=; MTMxIzI=; MTc3IzI=; MTY4IzI=,Jumlah penduduk berumur 15 tahun keatas menurut jenis kegiatan utama selama seminggu yang lalu dan jenis kelamin; Jumlah Angkatan Kerja Menurut Jenis Kegiatan Selama Seminggu yang Lalu di Kabupaten Barru; Jumlah penduduk berumur 15 tahun keatas yang bekerja selama seminggu yang lalu menurut pendidikan tertinggi dan jenis kelamin; Jumlah Penduduk Berumur 15 Tahun Keatas Yang Bekerja Selama Seminggu Yang Lalu Menurut Lapangan Pekerjaan Dan Jenis Kelamin; Jumlah penduduk berumur 15 tahun keatas yang bekerja selama seminggu yang lalu menurut status pekerjaan utama dan jenis kelamin; Jumlah Penduduk Berumur 15 Tahun Keatas yang  Bekerja Selama Seminggu Yang Lalu Menurut Jenis  Pekerjaan Utama dan Jenis Kelamin; Jumlah Penduduk Menurut Kecamatan dan Agama,/2/MTI5IzI=/jumlah-penduduk-berumur-15-tahun-keatas-menurut-jenis-kegiatan-utama-selama-seminggu-yang-lalu-dan-jenis-kelamin.html; /2/MjA5IzI=/jumlah-angkatan-kerja-menurut-jenis-kegiatan-selama-seminggu-yang-lalu-di-kabupaten-barru.html; /2/MTMzIzI=/jumlah-penduduk-berumur-15-tahun-keatas-yang-bekerja-selama-seminggu-yang-lalu-menurut-pendidikan-tertinggi-dan-jenis-kelamin.html; /2/MTMyIzI=/jumlah-penduduk-berumur-15-tahun-keatas-yang-bekerja-selama-seminggu-yang-lalu-menurut-lapangan-pekerjaan-dan-jenis-kelamin.html; /2/MTMxIzI=/jumlah-penduduk-berumur-15-tahun-keatas-yang-bekerja-selama-seminggu-yang-lalu-menurut-status-pekerjaan-utama-dan-jenis-kelamin.html; /2/MTc3IzI=/jumlah-penduduk-berumur-15-tahun-keatas-yang--bekerja-selama-seminggu-yang-lalu-menurut-jenis--pekerjaan-utama-dan-jenis-kelamin.html; /2/MTY4IzI=/jumlah-penduduk-menurut-kecamatan-dan-agama.html,4.0,0,Tidak ada
121,2021,Jumlah Kecelakaan,266.0,Data Tersedia,2024-04-17 09:31:25,Jumlah Kecelakaan Lalu Lintas dan Korban,560.0,Transportasi,171.0,,MTI5IzI=; MjA5IzI=; MTMzIzI=; MTMyIzI=; MTMxIzI=; MTc3IzI=; MTY4IzI=,Jumlah penduduk berumur 15 tahun keatas menurut jenis kegiatan utama selama seminggu yang lalu dan jenis kelamin; Jumlah Angkatan Kerja Menurut Jenis Kegiatan Selama Seminggu yang Lalu di Kabupaten Barru; Jumlah penduduk berumur 15 tahun keatas yang bekerja selama seminggu yang lalu menurut pendidikan tertinggi dan jenis kelamin; Jumlah Penduduk Berumur 15 Tahun Keatas Yang Bekerja Selama Seminggu Yang Lalu Menurut Lapangan Pekerjaan Dan Jenis Kelamin; Jumlah penduduk berumur 15 tahun keatas yang bekerja selama seminggu yang lalu menurut status pekerjaan utama dan jenis kelamin; Jumlah Penduduk Berumur 15 Tahun Keatas yang  Bekerja Selama Seminggu Yang Lalu Menurut Jenis  Pekerjaan Utama dan Jenis Kelamin; Jumlah Penduduk Menurut Kecamatan dan Agama,/2/MTI5IzI=/jumlah-penduduk-berumur-15-tahun-keatas-menurut-jenis-kegiatan-utama-selama-seminggu-yang-lalu-dan-jenis-kelamin.html; /2/MjA5IzI=/jumlah-angkatan-kerja-menurut-jenis-kegiatan-selama-seminggu-yang-lalu-di-kabupaten-barru.html; /2/MTMzIzI=/jumlah-penduduk-berumur-15-tahun-keatas-yang-bekerja-selama-seminggu-yang-lalu-menurut-pendidikan-tertinggi-dan-jenis-kelamin.html; /2/MTMyIzI=/jumlah-penduduk-berumur-15-tahun-keatas-yang-bekerja-selama-seminggu-yang-lalu-menurut-lapangan-pekerjaan-dan-jenis-kelamin.html; /2/MTMxIzI=/jumlah-penduduk-berumur-15-tahun-keatas-yang-bekerja-selama-seminggu-yang-lalu-menurut-status-pekerjaan-utama-dan-jenis-kelamin.html; /2/MTc3IzI=/jumlah-penduduk-berumur-15-tahun-keatas-yang--bekerja-selama-seminggu-yang-lalu-menurut-jenis--pekerjaan-utama-dan-jenis-kelamin.html; /2/MTY4IzI=/jumlah-penduduk-menurut-kecamatan-dan-agama.html,1.0,0,Tidak ada
121,2021,Meninggal,49.0,Data Tersedia,2024-04-17 09:31:25,Jumlah Kecelakaan Lalu Lintas dan Korban,560.0,Transportasi,171.0,,MTI5IzI=; MjA5IzI=; MTMzIzI=; MTMyIzI=; MTMxIzI=; MTc3IzI=; MTY4IzI=,Jumlah penduduk berumur 15 tahun keatas menurut jenis kegiatan utama selama seminggu yang lalu dan jenis kelamin; Jumlah Angkatan Kerja Menurut Jenis Kegiatan Selama Seminggu yang Lalu di Kabupaten Barru; Jumlah penduduk berumur 15 tahun keatas yang bekerja selama seminggu yang lalu menurut pendidikan tertinggi dan jenis kelamin; Jumlah Penduduk Berumur 15 Tahun Keatas Yang Bekerja Selama Seminggu Yang Lalu Menurut Lapangan Pekerjaan Dan Jenis Kelamin; Jumlah penduduk berumur 15 tahun keatas yang bekerja selama seminggu yang lalu menurut status pekerjaan utama dan jenis kelamin; Jumlah Penduduk Berumur 15 Tahun Keatas yang  Bekerja Selama Seminggu Yang Lalu Menurut Jenis  Pekerjaan Utama dan Jenis Kelamin; Jumlah Penduduk Menurut Kecamatan dan Agama,/2/MTI5IzI=/jumlah-penduduk-berumur-15-tahun-keatas-menurut-jenis-kegiatan-utama-selama-seminggu-yang-lalu-dan-jenis-kelamin.html; /2/MjA5IzI=/jumlah-angkatan-kerja-menurut-jenis-kegiatan-selama-seminggu-yang-lalu-di-kabupaten-barru.html; /2/MTMzIzI=/jumlah-penduduk-berumur-15-tahun-keatas-yang-bekerja-selama-seminggu-yang-lalu-menurut-pendidikan-tertinggi-dan-jenis-kelamin.html; /2/MTMyIzI=/jumlah-penduduk-berumur-15-tahun-keatas-yang-bekerja-selama-seminggu-yang-lalu-menurut-lapangan-pekerjaan-dan-jenis-kelamin.html; /2/MTMxIzI=/jumlah-penduduk-berumur-15-tahun-keatas-yang-bekerja-selama-seminggu-yang-lalu-menurut-status-pekerjaan-utama-dan-jenis-kelamin.html; /2/MTc3IzI=/jumlah-penduduk-berumur-15-tahun-keatas-yang--bekerja-selama-seminggu-yang-lalu-menurut-jenis--pekerjaan-utama-dan-jenis-kelamin.html; /2/MTY4IzI=/jumlah-penduduk-menurut-kecamatan-dan-agama.html,2.0,0,Tidak ada
121,2021,Luka Berat,61.0,Data Tersedia,2024-04-17 09:31:25,Jumlah Kecelakaan Lalu Lintas dan Korban,560.0,Transportasi,171.0,,MTI5IzI=; MjA5IzI=; MTMzIzI=; MTMyIzI=; MTMxIzI=; MTc3IzI=; MTY4IzI=,Jumlah penduduk berumur 15 tahun keatas menurut jenis kegiatan utama selama seminggu yang lalu dan jenis kelamin; Jumlah Angkatan Kerja Menurut Jenis Kegiatan Selama Seminggu yang Lalu di Kabupaten Barru; Jumlah penduduk berumur 15 tahun keatas yang bekerja selama seminggu yang lalu menurut pendidikan tertinggi dan jenis kelamin; Jumlah Penduduk Berumur 15 Tahun Keatas Yang Bekerja Selama Seminggu Yang Lalu Menurut Lapangan Pekerjaan Dan Jenis Kelamin; Jumlah penduduk berumur 15 tahun keatas yang bekerja selama seminggu yang lalu menurut status pekerjaan utama dan jenis kelamin; Jumlah Penduduk Berumur 15 Tahun Keatas yang  Bekerja Selama Seminggu Yang Lalu Menurut Jenis  Pekerjaan Utama dan Jenis Kelamin; Jumlah Penduduk Menurut Kecamatan dan Agama,/2/MTI5IzI=/jumlah-penduduk-berumur-15-tahun-keatas-menurut-jenis-kegiatan-utama-selama-seminggu-yang-lalu-dan-jenis-kelamin.html; /2/MjA5IzI=/jumlah-angkatan-kerja-menurut-jenis-kegiatan-selama-seminggu-yang-lalu-di-kabupaten-barru.html; /2/MTMzIzI=/jumlah-penduduk-berumur-15-tahun-keatas-yang-bekerja-selama-seminggu-yang-lalu-menurut-pendidikan-tertinggi-dan-jenis-kelamin.html; /2/MTMyIzI=/jumlah-penduduk-berumur-15-tahun-keatas-yang-bekerja-selama-seminggu-yang-lalu-menurut-lapangan-pekerjaan-dan-jenis-kelamin.html; /2/MTMxIzI=/jumlah-penduduk-berumur-15-tahun-keatas-yang-bekerja-selama-seminggu-yang-lalu-menurut-status-pekerjaan-utama-dan-jenis-kelamin.html; /2/MTc3IzI=/jumlah-penduduk-berumur-15-tahun-keatas-yang--bekerja-selama-seminggu-yang-lalu-menurut-jenis--pekerjaan-utama-dan-jenis-kelamin.html; /2/MTY4IzI=/jumlah-penduduk-menurut-kecamatan-dan-agama.html,3.0,0,Tidak ada
121,2021,Luka Ringan,156.0,Data Tersedia,2024-04-17 09:31:25,Jumlah Kecelakaan Lalu Lintas dan Korban,560.0,Transportasi,171.0,,MTI5IzI=; MjA5IzI=; MTMzIzI=; MTMyIzI=; MTMxIzI=; MTc3IzI=; MTY4IzI=,Jumlah penduduk berumur 15 tahun keatas menurut jenis kegiatan utama selama seminggu yang lalu dan jenis kelamin; Jumlah Angkatan Kerja Menurut Jenis Kegiatan Selama Seminggu yang Lalu di Kabupaten Barru; Jumlah penduduk berumur 15 tahun keatas yang bekerja selama seminggu yang lalu menurut pendidikan tertinggi dan jenis kelamin; Jumlah Penduduk Berumur 15 Tahun Keatas Yang Bekerja Selama Seminggu Yang Lalu Menurut Lapangan Pekerjaan Dan Jenis Kelamin; Jumlah penduduk berumur 15 tahun keatas yang bekerja selama seminggu yang lalu menurut status pekerjaan utama dan jenis kelamin; Jumlah Penduduk Berumur 15 Tahun Keatas yang  Bekerja Selama Seminggu Yang Lalu Menurut Jenis  Pekerjaan Utama dan Jenis Kelamin; Jumlah Penduduk Menurut Kecamatan dan Agama,/2/MTI5IzI=/jumlah-penduduk-berumur-15-tahun-keatas-menurut-jenis-kegiatan-utama-selama-seminggu-yang-lalu-dan-jenis-kelamin.html; /2/MjA5IzI=/jumlah-angkatan-kerja-menurut-jenis-kegiatan-selama-seminggu-yang-lalu-di-kabupaten-barru.html; /2/MTMzIzI=/jumlah-penduduk-berumur-15-tahun-keatas-yang-bekerja-selama-seminggu-yang-lalu-menurut-pendidikan-tertinggi-dan-jenis-kelamin.html; /2/MTMyIzI=/jumlah-penduduk-berumur-15-tahun-keatas-yang-bekerja-selama-seminggu-yang-lalu-menurut-lapangan-pekerjaan-dan-jenis-kelamin.html; /2/MTMxIzI=/jumlah-penduduk-berumur-15-tahun-keatas-yang-bekerja-selama-seminggu-yang-lalu-menurut-status-pekerjaan-utama-dan-jenis-kelamin.html; /2/MTc3IzI=/jumlah-penduduk-berumur-15-tahun-keatas-yang--bekerja-selama-seminggu-yang-lalu-menurut-jenis--pekerjaan-utama-dan-jenis-kelamin.html; /2/MTY4IzI=/jumlah-penduduk-menurut-kecamatan-dan-agama.html,4.0,0,Tidak ada
122,2022,Jumlah Kecelakaan,232.0,Data Tersedia,2024-04-17 09:31:25,Jumlah Kecelakaan Lalu Lintas dan Korban,560.0,Transportasi,171.0,,MTI5IzI=; MjA5IzI=; MTMzIzI=; MTMyIzI=; MTMxIzI=; MTc3IzI=; MTY4IzI=,Jumlah penduduk berumur 15 tahun keatas menurut jenis kegiatan utama selama seminggu yang lalu dan jenis kelamin; Jumlah Angkatan Kerja Menurut Jenis Kegiatan Selama Seminggu yang Lalu di Kabupaten Barru; Jumlah penduduk berumur 15 tahun keatas yang bekerja selama seminggu yang lalu menurut pendidikan tertinggi dan jenis kelamin; Jumlah Penduduk Berumur 15 Tahun Keatas Yang Bekerja Selama Seminggu Yang Lalu Menurut Lapangan Pekerjaan Dan Jenis Kelamin; Jumlah penduduk berumur 15 tahun keatas yang bekerja selama seminggu yang lalu menurut status pekerjaan utama dan jenis kelamin; Jumlah Penduduk Berumur 15 Tahun Keatas yang  Bekerja Selama Seminggu Yang Lalu Menurut Jenis  Pekerjaan Utama dan Jenis Kelamin; Jumlah Penduduk Menurut Kecamatan dan Agama,/2/MTI5IzI=/jumlah-penduduk-berumur-15-tahun-keatas-menurut-jenis-kegiatan-utama-selama-seminggu-yang-lalu-dan-jenis-kelamin.html; /2/MjA5IzI=/jumlah-angkatan-kerja-menurut-jenis-kegiatan-selama-seminggu-yang-lalu-di-kabupaten-barru.html; /2/MTMzIzI=/jumlah-penduduk-berumur-15-tahun-keatas-yang-bekerja-selama-seminggu-yang-lalu-menurut-pendidikan-tertinggi-dan-jenis-kelamin.html; /2/MTMyIzI=/jumlah-penduduk-berumur-15-tahun-keatas-yang-bekerja-selama-seminggu-yang-lalu-menurut-lapangan-pekerjaan-dan-jenis-kelamin.html; /2/MTMxIzI=/jumlah-penduduk-berumur-15-tahun-keatas-yang-bekerja-selama-seminggu-yang-lalu-menurut-status-pekerjaan-utama-dan-jenis-kelamin.html; /2/MTc3IzI=/jumlah-penduduk-berumur-15-tahun-keatas-yang--bekerja-selama-seminggu-yang-lalu-menurut-jenis--pekerjaan-utama-dan-jenis-kelamin.html; /2/MTY4IzI=/jumlah-penduduk-menurut-kecamatan-dan-agama.html,1.0,0,Tidak ada
122,2022,Meninggal,49.0,Data Tersedia,2024-04-17 09:31:25,Jumlah Kecelakaan Lalu Lintas dan Korban,560.0,Transportasi,171.0,,MTI5IzI=; MjA5IzI=; MTMzIzI=; MTMyIzI=; MTMxIzI=; MTc3IzI=; MTY4IzI=,Jumlah penduduk berumur 15 tahun keatas menurut jenis kegiatan utama selama seminggu yang lalu dan jenis kelamin; Jumlah Angkatan Kerja Menurut Jenis Kegiatan Selama Seminggu yang Lalu di Kabupaten Barru; Jumlah penduduk berumur 15 tahun keatas yang bekerja selama seminggu yang lalu menurut pendidikan tertinggi dan jenis kelamin; Jumlah Penduduk Berumur 15 Tahun Keatas Yang Bekerja Selama Seminggu Yang Lalu Menurut Lapangan Pekerjaan Dan Jenis Kelamin; Jumlah penduduk berumur 15 tahun keatas yang bekerja selama seminggu yang lalu menurut status pekerjaan utama dan jenis kelamin; Jumlah Penduduk Berumur 15 Tahun Keatas yang  Bekerja Selama Seminggu Yang Lalu Menurut Jenis  Pekerjaan Utama dan Jenis Kelamin; Jumlah Penduduk Menurut Kecamatan dan Agama,/2/MTI5IzI=/jumlah-penduduk-berumur-15-tahun-keatas-menurut-jenis-kegiatan-utama-selama-seminggu-yang-lalu-dan-jenis-kelamin.html; /2/MjA5IzI=/jumlah-angkatan-kerja-menurut-jenis-kegiatan-selama-seminggu-yang-lalu-di-kabupaten-barru.html; /2/MTMzIzI=/jumlah-penduduk-berumur-15-tahun-keatas-yang-bekerja-selama-seminggu-yang-lalu-menurut-pendidikan-tertinggi-dan-jenis-kelamin.html; /2/MTMyIzI=/jumlah-penduduk-berumur-15-tahun-keatas-yang-bekerja-selama-seminggu-yang-lalu-menurut-lapangan-pekerjaan-dan-jenis-kelamin.html; /2/MTMxIzI=/jumlah-penduduk-berumur-15-tahun-keatas-yang-bekerja-selama-seminggu-yang-lalu-menurut-status-pekerjaan-utama-dan-jenis-kelamin.html; /2/MTc3IzI=/jumlah-penduduk-berumur-15-tahun-keatas-yang--bekerja-selama-seminggu-yang-lalu-menurut-jenis--pekerjaan-utama-dan-jenis-kelamin.html; /2/MTY4IzI=/jumlah-penduduk-menurut-kecamatan-dan-agama.html,2.0,0,Tidak ada
122,2022,Luka Berat,48.0,Data Tersedia,2024-04-17 09:31:25,Jumlah Kecelakaan Lalu Lintas dan Korban,560.0,Transportasi,171.0,,MTI5IzI=; MjA5IzI=; MTMzIzI=; MTMyIzI=; MTMxIzI=; MTc3IzI=; MTY4IzI=,Jumlah penduduk berumur 15 tahun keatas menurut jenis kegiatan utama selama seminggu yang lalu dan jenis kelamin; Jumlah Angkatan Kerja Menurut Jenis Kegiatan Selama Seminggu yang Lalu di Kabupaten Barru; Jumlah penduduk berumur 15 tahun keatas yang bekerja selama seminggu yang lalu menurut pendidikan tertinggi dan jenis kelamin; Jumlah Penduduk Berumur 15 Tahun Keatas Yang Bekerja Selama Seminggu Yang Lalu Menurut Lapangan Pekerjaan Dan Jenis Kelamin; Jumlah penduduk berumur 15 tahun keatas yang bekerja selama seminggu yang lalu menurut status pekerjaan utama dan jenis kelamin; Jumlah Penduduk Berumur 15 Tahun Keatas yang  Bekerja Selama Seminggu Yang Lalu Menurut Jenis  Pekerjaan Utama dan Jenis Kelamin; Jumlah Penduduk Menurut Kecamatan dan Agama,/2/MTI5IzI=/jumlah-penduduk-berumur-15-tahun-keatas-menurut-jenis-kegiatan-utama-selama-seminggu-yang-lalu-dan-jenis-kelamin.html; /2/MjA5IzI=/jumlah-angkatan-kerja-menurut-jenis-kegiatan-selama-seminggu-yang-lalu-di-kabupaten-barru.html; /2/MTMzIzI=/jumlah-penduduk-berumur-15-tahun-keatas-yang-bekerja-selama-seminggu-yang-lalu-menurut-pendidikan-tertinggi-dan-jenis-kelamin.html; /2/MTMyIzI=/jumlah-penduduk-berumur-15-tahun-keatas-yang-bekerja-selama-seminggu-yang-lalu-menurut-lapangan-pekerjaan-dan-jenis-kelamin.html; /2/MTMxIzI=/jumlah-penduduk-berumur-15-tahun-keatas-yang-bekerja-selama-seminggu-yang-lalu-menurut-status-pekerjaan-utama-dan-jenis-kelamin.html; /2/MTc3IzI=/jumlah-penduduk-berumur-15-tahun-keatas-yang--bekerja-selama-seminggu-yang-lalu-menurut-jenis--pekerjaan-utama-dan-jenis-kelamin.html; /2/MTY4IzI=/jumlah-penduduk-menurut-kecamatan-dan-agama.html,3.0,0,Tidak ada
122,2022,Luka Ringan,186.0,Data Tersedia,2024-04-17 09:31:25,Jumlah Kecelakaan Lalu Lintas dan Korban,560.0,Transportasi,171.0,,MTI5IzI=; MjA5IzI=; MTMzIzI=; MTMyIzI=; MTMxIzI=; MTc3IzI=; MTY4IzI=,Jumlah penduduk berumur 15 tahun keatas menurut jenis kegiatan utama selama seminggu yang lalu dan jenis kelamin; Jumlah Angkatan Kerja Menurut Jenis Kegiatan Selama Seminggu yang Lalu di Kabupaten Barru; Jumlah penduduk berumur 15 tahun keatas yang bekerja selama seminggu yang lalu menurut pendidikan tertinggi dan jenis kelamin; Jumlah Penduduk Berumur 15 Tahun Keatas Yang Bekerja Selama Seminggu Yang Lalu Menurut Lapangan Pekerjaan Dan Jenis Kelamin; Jumlah penduduk berumur 15 tahun keatas yang bekerja selama seminggu yang lalu menurut status pekerjaan utama dan jenis kelamin; Jumlah Penduduk Berumur 15 Tahun Keatas yang  Bekerja Selama Seminggu Yang Lalu Menurut Jenis  Pekerjaan Utama dan Jenis Kelamin; Jumlah Penduduk Menurut Kecamatan dan Agama,/2/MTI5IzI=/jumlah-penduduk-berumur-15-tahun-keatas-menurut-jenis-kegiatan-utama-selama-seminggu-yang-lalu-dan-jenis-kelamin.html; /2/MjA5IzI=/jumlah-angkatan-kerja-menurut-jenis-kegiatan-selama-seminggu-yang-lalu-di-kabupaten-barru.html; /2/MTMzIzI=/jumlah-penduduk-berumur-15-tahun-keatas-yang-bekerja-selama-seminggu-yang-lalu-menurut-pendidikan-tertinggi-dan-jenis-kelamin.html; /2/MTMyIzI=/jumlah-penduduk-berumur-15-tahun-keatas-yang-bekerja-selama-seminggu-yang-lalu-menurut-lapangan-pekerjaan-dan-jenis-kelamin.html; /2/MTMxIzI=/jumlah-penduduk-berumur-15-tahun-keatas-yang-bekerja-selama-seminggu-yang-lalu-menurut-status-pekerjaan-utama-dan-jenis-kelamin.html; /2/MTc3IzI=/jumlah-penduduk-berumur-15-tahun-keatas-yang--bekerja-selama-seminggu-yang-lalu-menurut-jenis--pekerjaan-utama-dan-jenis-kelamin.html; /2/MTY4IzI=/jumlah-penduduk-menurut-kecamatan-dan-agama.html,4.0,0,Tidak ada
123,2023,Jumlah Kecelakaan,225.0,Data Tersedia,2024-04-17 09:31:25,Jumlah Kecelakaan Lalu Lintas dan Korban,560.0,Transportasi,171.0,,MTI5IzI=; MjA5IzI=; MTMzIzI=; MTMyIzI=; MTMxIzI=; MTc3IzI=; MTY4IzI=,Jumlah penduduk berumur 15 tahun keatas menurut jenis kegiatan utama selama seminggu yang lalu dan jenis kelamin; Jumlah Angkatan Kerja Menurut Jenis Kegiatan Selama Seminggu yang Lalu di Kabupaten Barru; Jumlah penduduk berumur 15 tahun keatas yang bekerja selama seminggu yang lalu menurut pendidikan tertinggi dan jenis kelamin; Jumlah Penduduk Berumur 15 Tahun Keatas Yang Bekerja Selama Seminggu Yang Lalu Menurut Lapangan Pekerjaan Dan Jenis Kelamin; Jumlah penduduk berumur 15 tahun keatas yang bekerja selama seminggu yang lalu menurut status pekerjaan utama dan jenis kelamin; Jumlah Penduduk Berumur 15 Tahun Keatas yang  Bekerja Selama Seminggu Yang Lalu Menurut Jenis  Pekerjaan Utama dan Jenis Kelamin; Jumlah Penduduk Menurut Kecamatan dan Agama,/2/MTI5IzI=/jumlah-penduduk-berumur-15-tahun-keatas-menurut-jenis-kegiatan-utama-selama-seminggu-yang-lalu-dan-jenis-kelamin.html; /2/MjA5IzI=/jumlah-angkatan-kerja-menurut-jenis-kegiatan-selama-seminggu-yang-lalu-di-kabupaten-barru.html; /2/MTMzIzI=/jumlah-penduduk-berumur-15-tahun-keatas-yang-bekerja-selama-seminggu-yang-lalu-menurut-pendidikan-tertinggi-dan-jenis-kelamin.html; /2/MTMyIzI=/jumlah-penduduk-berumur-15-tahun-keatas-yang-bekerja-selama-seminggu-yang-lalu-menurut-lapangan-pekerjaan-dan-jenis-kelamin.html; /2/MTMxIzI=/jumlah-penduduk-berumur-15-tahun-keatas-yang-bekerja-selama-seminggu-yang-lalu-menurut-status-pekerjaan-utama-dan-jenis-kelamin.html; /2/MTc3IzI=/jumlah-penduduk-berumur-15-tahun-keatas-yang--bekerja-selama-seminggu-yang-lalu-menurut-jenis--pekerjaan-utama-dan-jenis-kelamin.html; /2/MTY4IzI=/jumlah-penduduk-menurut-kecamatan-dan-agama.html,1.0,0,Tidak ada
123,2023,Meninggal,54.0,Data Tersedia,2024-04-17 09:31:25,Jumlah Kecelakaan Lalu Lintas dan Korban,560.0,Transportasi,171.0,,MTI5IzI=; MjA5IzI=; MTMzIzI=; MTMyIzI=; MTMxIzI=; MTc3IzI=; MTY4IzI=,Jumlah penduduk berumur 15 tahun keatas menurut jenis kegiatan utama selama seminggu yang lalu dan jenis kelamin; Jumlah Angkatan Kerja Menurut Jenis Kegiatan Selama Seminggu yang Lalu di Kabupaten Barru; Jumlah penduduk berumur 15 tahun keatas yang bekerja selama seminggu yang lalu menurut pendidikan tertinggi dan jenis kelamin; Jumlah Penduduk Berumur 15 Tahun Keatas Yang Bekerja Selama Seminggu Yang Lalu Menurut Lapangan Pekerjaan Dan Jenis Kelamin; Jumlah penduduk berumur 15 tahun keatas yang bekerja selama seminggu yang lalu menurut status pekerjaan utama dan jenis kelamin; Jumlah Penduduk Berumur 15 Tahun Keatas yang  Bekerja Selama Seminggu Yang Lalu Menurut Jenis  Pekerjaan Utama dan Jenis Kelamin; Jumlah Penduduk Menurut Kecamatan dan Agama,/2/MTI5IzI=/jumlah-penduduk-berumur-15-tahun-keatas-menurut-jenis-kegiatan-utama-selama-seminggu-yang-lalu-dan-jenis-kelamin.html; /2/MjA5IzI=/jumlah-angkatan-kerja-menurut-jenis-kegiatan-selama-seminggu-yang-lalu-di-kabupaten-barru.html; /2/MTMzIzI=/jumlah-penduduk-berumur-15-tahun-keatas-yang-bekerja-selama-seminggu-yang-lalu-menurut-pendidikan-tertinggi-dan-jenis-kelamin.html; /2/MTMyIzI=/jumlah-penduduk-berumur-15-tahun-keatas-yang-bekerja-selama-seminggu-yang-lalu-menurut-lapangan-pekerjaan-dan-jenis-kelamin.html; /2/MTMxIzI=/jumlah-penduduk-berumur-15-tahun-keatas-yang-bekerja-selama-seminggu-yang-lalu-menurut-status-pekerjaan-utama-dan-jenis-kelamin.html; /2/MTc3IzI=/jumlah-penduduk-berumur-15-tahun-keatas-yang--bekerja-selama-seminggu-yang-lalu-menurut-jenis--pekerjaan-utama-dan-jenis-kelamin.html; /2/MTY4IzI=/jumlah-penduduk-menurut-kecamatan-dan-agama.html,2.0,0,Tidak ada
123,2023,Luka Berat,47.0,Data Tersedia,2024-04-17 09:31:25,Jumlah Kecelakaan Lalu Lintas dan Korban,560.0,Transportasi,171.0,,MTI5IzI=; MjA5IzI=; MTMzIzI=; MTMyIzI=; MTMxIzI=; MTc3IzI=; MTY4IzI=,Jumlah penduduk berumur 15 tahun keatas menurut jenis kegiatan utama selama seminggu yang lalu dan jenis kelamin; Jumlah Angkatan Kerja Menurut Jenis Kegiatan Selama Seminggu yang Lalu di Kabupaten Barru; Jumlah penduduk berumur 15 tahun keatas yang bekerja selama seminggu yang lalu menurut pendidikan tertinggi dan jenis kelamin; Jumlah Penduduk Berumur 15 Tahun Keatas Yang Bekerja Selama Seminggu Yang Lalu Menurut Lapangan Pekerjaan Dan Jenis Kelamin; Jumlah penduduk berumur 15 tahun keatas yang bekerja selama seminggu yang lalu menurut status pekerjaan utama dan jenis kelamin; Jumlah Penduduk Berumur 15 Tahun Keatas yang  Bekerja Selama Seminggu Yang Lalu Menurut Jenis  Pekerjaan Utama dan Jenis Kelamin; Jumlah Penduduk Menurut Kecamatan dan Agama,/2/MTI5IzI=/jumlah-penduduk-berumur-15-tahun-keatas-menurut-jenis-kegiatan-utama-selama-seminggu-yang-lalu-dan-jenis-kelamin.html; /2/MjA5IzI=/jumlah-angkatan-kerja-menurut-jenis-kegiatan-selama-seminggu-yang-lalu-di-kabupaten-barru.html; /2/MTMzIzI=/jumlah-penduduk-berumur-15-tahun-keatas-yang-bekerja-selama-seminggu-yang-lalu-menurut-pendidikan-tertinggi-dan-jenis-kelamin.html; /2/MTMyIzI=/jumlah-penduduk-berumur-15-tahun-keatas-yang-bekerja-selama-seminggu-yang-lalu-menurut-lapangan-pekerjaan-dan-jenis-kelamin.html; /2/MTMxIzI=/jumlah-penduduk-berumur-15-tahun-keatas-yang-bekerja-selama-seminggu-yang-lalu-menurut-status-pekerjaan-utama-dan-jenis-kelamin.html; /2/MTc3IzI=/jumlah-penduduk-berumur-15-tahun-keatas-yang--bekerja-selama-seminggu-yang-lalu-menurut-jenis--pekerjaan-utama-dan-jenis-kelamin.html; /2/MTY4IzI=/jumlah-penduduk-menurut-kecamatan-dan-agama.html,3.0,0,Tidak ada
123,2023,Luka Ringan,129.0,Data Tersedia,2024-04-17 09:31:25,Jumlah Kecelakaan Lalu Lintas dan Korban,560.0,Transportasi,171.0,,MTI5IzI=; MjA5IzI=; MTMzIzI=; MTMyIzI=; MTMxIzI=; MTc3IzI=; MTY4IzI=,Jumlah penduduk berumur 15 tahun keatas menurut jenis kegiatan utama selama seminggu yang lalu dan jenis kelamin; Jumlah Angkatan Kerja Menurut Jenis Kegiatan Selama Seminggu yang Lalu di Kabupaten Barru; Jumlah penduduk berumur 15 tahun keatas yang bekerja selama seminggu yang lalu menurut pendidikan tertinggi dan jenis kelamin; Jumlah Penduduk Berumur 15 Tahun Keatas Yang Bekerja Selama Seminggu Yang Lalu Menurut Lapangan Pekerjaan Dan Jenis Kelamin; Jumlah penduduk berumur 15 tahun keatas yang bekerja selama seminggu yang lalu menurut status pekerjaan utama dan jenis kelamin; Jumlah Penduduk Berumur 15 Tahun Keatas yang  Bekerja Selama Seminggu Yang Lalu Menurut Jenis  Pekerjaan Utama dan Jenis Kelamin; Jumlah Penduduk Menurut Kecamatan dan Agama,/2/MTI5IzI=/jumlah-penduduk-berumur-15-tahun-keatas-menurut-jenis-kegiatan-utama-selama-seminggu-yang-lalu-dan-jenis-kelamin.html; /2/MjA5IzI=/jumlah-angkatan-kerja-menurut-jenis-kegiatan-selama-seminggu-yang-lalu-di-kabupaten-barru.html; /2/MTMzIzI=/jumlah-penduduk-berumur-15-tahun-keatas-yang-bekerja-selama-seminggu-yang-lalu-menurut-pendidikan-tertinggi-dan-jenis-kelamin.html; /2/MTMyIzI=/jumlah-penduduk-berumur-15-tahun-keatas-yang-bekerja-selama-seminggu-yang-lalu-menurut-lapangan-pekerjaan-dan-jenis-kelamin.html; /2/MTMxIzI=/jumlah-penduduk-berumur-15-tahun-keatas-yang-bekerja-selama-seminggu-yang-lalu-menurut-status-pekerjaan-utama-dan-jenis-kelamin.html; /2/MTc3IzI=/jumlah-penduduk-berumur-15-tahun-keatas-yang--bekerja-selama-seminggu-yang-lalu-menurut-jenis--pekerjaan-utama-dan-jenis-kelamin.html; /2/MTY4IzI=/jumlah-penduduk-menurut-kecamatan-dan-agama.html,4.0,0,Tidak ada
124,,,,Data Tidak Ditemukan,,,,,,,,,,,,
125,,,,Data Tidak Ditemukan,,,,,,,,,,,,
