id_tahun,tahun,vervar_label,nilai,status,last_update,var_label,subject_id,subject_label,var_id,var_unit,related_ids,related_titles,related_links,vervar_id,turvar_id,turvar_label
100,,,,Data Tidak Ditemukan,,,,,,,,,,,,
101,,,,Data Tidak Ditemukan,,,,,,,,,,,,
102,,,,Data Tidak Ditemukan,,,,,,,,,,,,
103,,,,Data Tidak Ditemukan,,,,,,,,,,,,
104,,,,Data Tidak Ditemukan,,,,,,,,,,,,
105,,,,Data Tidak Ditemukan,,,,,,,,,,,,
106,,,,Data Tidak Ditemukan,,,,,,,,,,,,
107,,,,Data Tidak Ditemukan,,,,,,,,,,,,
108,,,,Data Tidak Ditemukan,,,,,,,,,,,,
109,,,,Data Tidak Ditemukan,,,,,,,,,,,,
110,,,,Data Tidak Ditemukan,,,,,,,,,,,,
111,,,,Data Tidak Ditemukan,,,,,,,,,,,,
112,,,,Data Tidak Ditemukan,,,,,,,,,,,,
113,,,,Data Tidak Ditemukan,,,,,,,,,,,,
114,,,,Data Tidak Ditemukan,,,,,,,,,,,,
115,,,,Data Tidak Ditemukan,,,,,,,,,,,,
116,,,,Data Tidak Ditemukan,,,,,,,,,,,,
117,,,,Data Tidak Ditemukan,,,,,,,,,,,,
118,,,,Data Tidak Ditemukan,,,,,,,,,,,,
119,,,,Data Tidak Ditemukan,,,,,,,,,,,,
120,,Partai Golongan Karya,,Data Tidak Ditemukan,2024-04-18 02:24:48,Jumlah Anggota DPRD Menurut Partai Politik,528.0,Aktivitas Politik dan Komunitas Lainnya,203.0,,MTIyIzI=; MTEwIzI=; MjYjMQ==; MTkxIzI=; MTkyIzI=; MTE2IzI=; MTE5IzI=,"Jumlah Anggota DPRD Menurut Fraksi; Jumlah Anggota Dewan; Jumlah Penduduk, Rumah Tangga dan Rata-rata Anggota rumah Tangga Menurut Kecamatan di Kabupaten Barru 2019; Persentase Anggota Rumah Tangga Berusia 5 Tahun ke Atas menurut  Penggunaan Teknologi Informasi selama Tiga Bulan Terakhir; Persentase Anggota Rumah Tangga Berusia 5 Tahun ke Atas menurut pendidikan  dan Penggunaan Teknologi Informasi selama Tiga Bulan Terakhir,; Jumlah Tenaga Kesehatan Menurut Kecamatan; Jumlah Satuan Pemerintahan menurut kecamatan",/2/MTIyIzI=/jumlah-anggota-dprd-menurut-fraksi.html; /2/MTEwIzI=/jumlah-anggota-dewan.html; /1/MjYjMQ==/jumlah-penduduk--rumah-tangga-dan-rata-rata-anggota-rumah-tangga-menurut-kecamatan-di-kabupaten-barru-2019.html; /2/MTkxIzI=/persentase-anggota-rumah-tangga-berusia-5-tahun-ke-atas-menurut--penggunaan-teknologi-informasi-selama-tiga-bulan-terakhir.html; /2/MTkyIzI=/persentase-anggota-rumah-tangga-berusia-5-tahun-ke-atas-menurut-pendidikan--dan-penggunaan-teknologi-informasi-selama-tiga-bulan-terakhir-.html; /2/MTE2IzI=/jumlah-tenaga-kesehatan-menurut-kecamatan.html; /2/MTE5IzI=/jumlah-satuan-pemerintahan-menurut-kecamatan.html,1.0,0,Tidak ada
120,,Partai Nasdem,,Data Tidak Ditemukan,2024-04-18 02:24:48,Jumlah Anggota DPRD Menurut Partai Politik,528.0,Aktivitas Politik dan Komunitas Lainnya,203.0,,MTIyIzI=; MTEwIzI=; MjYjMQ==; MTkxIzI=; MTkyIzI=; MTE2IzI=; MTE5IzI=,"Jumlah Anggota DPRD Menurut Fraksi; Jumlah Anggota Dewan; Jumlah Penduduk, Rumah Tangga dan Rata-rata Anggota rumah Tangga Menurut Kecamatan di Kabupaten Barru 2019; Persentase Anggota Rumah Tangga Berusia 5 Tahun ke Atas menurut  Penggunaan Teknologi Informasi selama Tiga Bulan Terakhir; Persentase Anggota Rumah Tangga Berusia 5 Tahun ke Atas menurut pendidikan  dan Penggunaan Teknologi Informasi selama Tiga Bulan Terakhir,; Jumlah Tenaga Kesehatan Menurut Kecamatan; Jumlah Satuan Pemerintahan menurut kecamatan",/2/MTIyIzI=/jumlah-anggota-dprd-menurut-fraksi.html; /2/MTEwIzI=/jumlah-anggota-dewan.html; /1/MjYjMQ==/jumlah-penduduk--rumah-tangga-dan-rata-rata-anggota-rumah-tangga-menurut-kecamatan-di-kabupaten-barru-2019.html; /2/MTkxIzI=/persentase-anggota-rumah-tangga-berusia-5-tahun-ke-atas-menurut--penggunaan-teknologi-informasi-selama-tiga-bulan-terakhir.html; /2/MTkyIzI=/persentase-anggota-rumah-tangga-berusia-5-tahun-ke-atas-menurut-pendidikan--dan-penggunaan-teknologi-informasi-selama-tiga-bulan-terakhir-.html; /2/MTE2IzI=/jumlah-tenaga-kesehatan-menurut-kecamatan.html; /2/MTE5IzI=/jumlah-satuan-pemerintahan-menurut-kecamatan.html,2.0,0,Tidak ada
120,,Partai Gerindra,,Data Tidak Ditemukan,2024-04-18 02:24:48,Jumlah Anggota DPRD Menurut Partai Politik,528.0,Aktivitas Politik dan Komunitas Lainnya,203.0,,MTIyIzI=; MTEwIzI=; MjYjMQ==; MTkxIzI=; MTkyIzI=; MTE2IzI=; MTE5IzI=,"Jumlah Anggota DPRD Menurut Fraksi; Jumlah Anggota Dewan; Jumlah Penduduk, Rumah Tangga dan Rata-rata Anggota rumah Tangga Menurut Kecamatan di Kabupaten Barru 2019; Persentase Anggota Rumah Tangga Berusia 5 Tahun ke Atas menurut  Penggunaan Teknologi Informasi selama Tiga Bulan Terakhir; Persentase Anggota Rumah Tangga Berusia 5 Tahun ke Atas menurut pendidikan  dan Penggunaan Teknologi Informasi selama Tiga Bulan Terakhir,; Jumlah Tenaga Kesehatan Menurut Kecamatan; Jumlah Satuan Pemerintahan menurut kecamatan",/2/MTIyIzI=/jumlah-anggota-dprd-menurut-fraksi.html; /2/MTEwIzI=/jumlah-anggota-dewan.html; /1/MjYjMQ==/jumlah-penduduk--rumah-tangga-dan-rata-rata-anggota-rumah-tangga-menurut-kecamatan-di-kabupaten-barru-2019.html; /2/MTkxIzI=/persentase-anggota-rumah-tangga-berusia-5-tahun-ke-atas-menurut--penggunaan-teknologi-informasi-selama-tiga-bulan-terakhir.html; /2/MTkyIzI=/persentase-anggota-rumah-tangga-berusia-5-tahun-ke-atas-menurut-pendidikan--dan-penggunaan-teknologi-informasi-selama-tiga-bulan-terakhir-.html; /2/MTE2IzI=/jumlah-tenaga-kesehatan-menurut-kecamatan.html; /2/MTE5IzI=/jumlah-satuan-pemerintahan-menurut-kecamatan.html,3.0,0,Tidak ada
120,,Partai Demokrat,,Data Tidak Ditemukan,2024-04-18 02:24:48,Jumlah Anggota DPRD Menurut Partai Politik,528.0,Aktivitas Politik dan Komunitas Lainnya,203.0,,MTIyIzI=; MTEwIzI=; MjYjMQ==; MTkxIzI=; MTkyIzI=; MTE2IzI=; MTE5IzI=,"Jumlah Anggota DPRD Menurut Fraksi; Jumlah Anggota Dewan; Jumlah Penduduk, Rumah Tangga dan Rata-rata Anggota rumah Tangga Menurut Kecamatan di Kabupaten Barru 2019; Persentase Anggota Rumah Tangga Berusia 5 Tahun ke Atas menurut  Penggunaan Teknologi Informasi selama Tiga Bulan Terakhir; Persentase Anggota Rumah Tangga Berusia 5 Tahun ke Atas menurut pendidikan  dan Penggunaan Teknologi Informasi selama Tiga Bulan Terakhir,; Jumlah Tenaga Kesehatan Menurut Kecamatan; Jumlah Satuan Pemerintahan menurut kecamatan",/2/MTIyIzI=/jumlah-anggota-dprd-menurut-fraksi.html; /2/MTEwIzI=/jumlah-anggota-dewan.html; /1/MjYjMQ==/jumlah-penduduk--rumah-tangga-dan-rata-rata-anggota-rumah-tangga-menurut-kecamatan-di-kabupaten-barru-2019.html; /2/MTkxIzI=/persentase-anggota-rumah-tangga-berusia-5-tahun-ke-atas-menurut--penggunaan-teknologi-informasi-selama-tiga-bulan-terakhir.html; /2/MTkyIzI=/persentase-anggota-rumah-tangga-berusia-5-tahun-ke-atas-menurut-pendidikan--dan-penggunaan-teknologi-informasi-selama-tiga-bulan-terakhir-.html; /2/MTE2IzI=/jumlah-tenaga-kesehatan-menurut-kecamatan.html; /2/MTE5IzI=/jumlah-satuan-pemerintahan-menurut-kecamatan.html,4.0,0,Tidak ada
120,,Partai Demokrasi Indomesia Perjuangan,,Data Tidak Ditemukan,2024-04-18 02:24:48,Jumlah Anggota DPRD Menurut Partai Politik,528.0,Aktivitas Politik dan Komunitas Lainnya,203.0,,MTIyIzI=; MTEwIzI=; MjYjMQ==; MTkxIzI=; MTkyIzI=; MTE2IzI=; MTE5IzI=,"Jumlah Anggota DPRD Menurut Fraksi; Jumlah Anggota Dewan; Jumlah Penduduk, Rumah Tangga dan Rata-rata Anggota rumah Tangga Menurut Kecamatan di Kabupaten Barru 2019; Persentase Anggota Rumah Tangga Berusia 5 Tahun ke Atas menurut  Penggunaan Teknologi Informasi selama Tiga Bulan Terakhir; Persentase Anggota Rumah Tangga Berusia 5 Tahun ke Atas menurut pendidikan  dan Penggunaan Teknologi Informasi selama Tiga Bulan Terakhir,; Jumlah Tenaga Kesehatan Menurut Kecamatan; Jumlah Satuan Pemerintahan menurut kecamatan",/2/MTIyIzI=/jumlah-anggota-dprd-menurut-fraksi.html; /2/MTEwIzI=/jumlah-anggota-dewan.html; /1/MjYjMQ==/jumlah-penduduk--rumah-tangga-dan-rata-rata-anggota-rumah-tangga-menurut-kecamatan-di-kabupaten-barru-2019.html; /2/MTkxIzI=/persentase-anggota-rumah-tangga-berusia-5-tahun-ke-atas-menurut--penggunaan-teknologi-informasi-selama-tiga-bulan-terakhir.html; /2/MTkyIzI=/persentase-anggota-rumah-tangga-berusia-5-tahun-ke-atas-menurut-pendidikan--dan-penggunaan-teknologi-informasi-selama-tiga-bulan-terakhir-.html; /2/MTE2IzI=/jumlah-tenaga-kesehatan-menurut-kecamatan.html; /2/MTE5IzI=/jumlah-satuan-pemerintahan-menurut-kecamatan.html,5.0,0,Tidak ada
120,,Partai Keadilan Sejahtera,,Data Tidak Ditemukan,2024-04-18 02:24:48,Jumlah Anggota DPRD Menurut Partai Politik,528.0,Aktivitas Politik dan Komunitas Lainnya,203.0,,MTIyIzI=; MTEwIzI=; MjYjMQ==; MTkxIzI=; MTkyIzI=; MTE2IzI=; MTE5IzI=,"Jumlah Anggota DPRD Menurut Fraksi; Jumlah Anggota Dewan; Jumlah Penduduk, Rumah Tangga dan Rata-rata Anggota rumah Tangga Menurut Kecamatan di Kabupaten Barru 2019; Persentase Anggota Rumah Tangga Berusia 5 Tahun ke Atas menurut  Penggunaan Teknologi Informasi selama Tiga Bulan Terakhir; Persentase Anggota Rumah Tangga Berusia 5 Tahun ke Atas menurut pendidikan  dan Penggunaan Teknologi Informasi selama Tiga Bulan Terakhir,; Jumlah Tenaga Kesehatan Menurut Kecamatan; Jumlah Satuan Pemerintahan menurut kecamatan",/2/MTIyIzI=/jumlah-anggota-dprd-menurut-fraksi.html; /2/MTEwIzI=/jumlah-anggota-dewan.html; /1/MjYjMQ==/jumlah-penduduk--rumah-tangga-dan-rata-rata-anggota-rumah-tangga-menurut-kecamatan-di-kabupaten-barru-2019.html; /2/MTkxIzI=/persentase-anggota-rumah-tangga-berusia-5-tahun-ke-atas-menurut--penggunaan-teknologi-informasi-selama-tiga-bulan-terakhir.html; /2/MTkyIzI=/persentase-anggota-rumah-tangga-berusia-5-tahun-ke-atas-menurut-pendidikan--dan-penggunaan-teknologi-informasi-selama-tiga-bulan-terakhir-.html; /2/MTE2IzI=/jumlah-tenaga-kesehatan-menurut-kecamatan.html; /2/MTE5IzI=/jumlah-satuan-pemerintahan-menurut-kecamatan.html,6.0,0,Tidak ada
120,,Partai Persatuan Pembangunan,,Data Tidak Ditemukan,2024-04-18 02:24:48,Jumlah Anggota DPRD Menurut Partai Politik,528.0,Aktivitas Politik dan Komunitas Lainnya,203.0,,MTIyIzI=; MTEwIzI=; MjYjMQ==; MTkxIzI=; MTkyIzI=; MTE2IzI=; MTE5IzI=,"Jumlah Anggota DPRD Menurut Fraksi; Jumlah Anggota Dewan; Jumlah Penduduk, Rumah Tangga dan Rata-rata Anggota rumah Tangga Menurut Kecamatan di Kabupaten Barru 2019; Persentase Anggota Rumah Tangga Berusia 5 Tahun ke Atas menurut  Penggunaan Teknologi Informasi selama Tiga Bulan Terakhir; Persentase Anggota Rumah Tangga Berusia 5 Tahun ke Atas menurut pendidikan  dan Penggunaan Teknologi Informasi selama Tiga Bulan Terakhir,; Jumlah Tenaga Kesehatan Menurut Kecamatan; Jumlah Satuan Pemerintahan menurut kecamatan",/2/MTIyIzI=/jumlah-anggota-dprd-menurut-fraksi.html; /2/MTEwIzI=/jumlah-anggota-dewan.html; /1/MjYjMQ==/jumlah-penduduk--rumah-tangga-dan-rata-rata-anggota-rumah-tangga-menurut-kecamatan-di-kabupaten-barru-2019.html; /2/MTkxIzI=/persentase-anggota-rumah-tangga-berusia-5-tahun-ke-atas-menurut--penggunaan-teknologi-informasi-selama-tiga-bulan-terakhir.html; /2/MTkyIzI=/persentase-anggota-rumah-tangga-berusia-5-tahun-ke-atas-menurut-pendidikan--dan-penggunaan-teknologi-informasi-selama-tiga-bulan-terakhir-.html; /2/MTE2IzI=/jumlah-tenaga-kesehatan-menurut-kecamatan.html; /2/MTE5IzI=/jumlah-satuan-pemerintahan-menurut-kecamatan.html,7.0,0,Tidak ada
120,,Partai Kebangkitan Bangsa,,Data Tidak Ditemukan,2024-04-18 02:24:48,Jumlah Anggota DPRD Menurut Partai Politik,528.0,Aktivitas Politik dan Komunitas Lainnya,203.0,,MTIyIzI=; MTEwIzI=; MjYjMQ==; MTkxIzI=; MTkyIzI=; MTE2IzI=; MTE5IzI=,"Jumlah Anggota DPRD Menurut Fraksi; Jumlah Anggota Dewan; Jumlah Penduduk, Rumah Tangga dan Rata-rata Anggota rumah Tangga Menurut Kecamatan di Kabupaten Barru 2019; Persentase Anggota Rumah Tangga Berusia 5 Tahun ke Atas menurut  Penggunaan Teknologi Informasi selama Tiga Bulan Terakhir; Persentase Anggota Rumah Tangga Berusia 5 Tahun ke Atas menurut pendidikan  dan Penggunaan Teknologi Informasi selama Tiga Bulan Terakhir,; Jumlah Tenaga Kesehatan Menurut Kecamatan; Jumlah Satuan Pemerintahan menurut kecamatan",/2/MTIyIzI=/jumlah-anggota-dprd-menurut-fraksi.html; /2/MTEwIzI=/jumlah-anggota-dewan.html; /1/MjYjMQ==/jumlah-penduduk--rumah-tangga-dan-rata-rata-anggota-rumah-tangga-menurut-kecamatan-di-kabupaten-barru-2019.html; /2/MTkxIzI=/persentase-anggota-rumah-tangga-berusia-5-tahun-ke-atas-menurut--penggunaan-teknologi-informasi-selama-tiga-bulan-terakhir.html; /2/MTkyIzI=/persentase-anggota-rumah-tangga-berusia-5-tahun-ke-atas-menurut-pendidikan--dan-penggunaan-teknologi-informasi-selama-tiga-bulan-terakhir-.html; /2/MTE2IzI=/jumlah-tenaga-kesehatan-menurut-kecamatan.html; /2/MTE5IzI=/jumlah-satuan-pemerintahan-menurut-kecamatan.html,8.0,0,Tidak ada
121,2021,Partai Golongan Karya,5.0,Data Tersedia,2024-04-18 02:24:48,Jumlah Anggota DPRD Menurut Partai Politik,528.0,Aktivitas Politik dan Komunitas Lainnya,203.0,,MTIyIzI=; MTEwIzI=; MjYjMQ==; MTkxIzI=; MTkyIzI=; MTE2IzI=; MTE5IzI=,"Jumlah Anggota DPRD Menurut Fraksi; Jumlah Anggota Dewan; Jumlah Penduduk, Rumah Tangga dan Rata-rata Anggota rumah Tangga Menurut Kecamatan di Kabupaten Barru 2019; Persentase Anggota Rumah Tangga Berusia 5 Tahun ke Atas menurut  Penggunaan Teknologi Informasi selama Tiga Bulan Terakhir; Persentase Anggota Rumah Tangga Berusia 5 Tahun ke Atas menurut pendidikan  dan Penggunaan Teknologi Informasi selama Tiga Bulan Terakhir,; Jumlah Tenaga Kesehatan Menurut Kecamatan; Jumlah Satuan Pemerintahan menurut kecamatan",/2/MTIyIzI=/jumlah-anggota-dprd-menurut-fraksi.html; /2/MTEwIzI=/jumlah-anggota-dewan.html; /1/MjYjMQ==/jumlah-penduduk--rumah-tangga-dan-rata-rata-anggota-rumah-tangga-menurut-kecamatan-di-kabupaten-barru-2019.html; /2/MTkxIzI=/persentase-anggota-rumah-tangga-berusia-5-tahun-ke-atas-menurut--penggunaan-teknologi-informasi-selama-tiga-bulan-terakhir.html; /2/MTkyIzI=/persentase-anggota-rumah-tangga-berusia-5-tahun-ke-atas-menurut-pendidikan--dan-penggunaan-teknologi-informasi-selama-tiga-bulan-terakhir-.html; /2/MTE2IzI=/jumlah-tenaga-kesehatan-menurut-kecamatan.html; /2/MTE5IzI=/jumlah-satuan-pemerintahan-menurut-kecamatan.html,1.0,0,Tidak ada
121,2021,Partai Nasdem,5.0,Data Tersedia,2024-04-18 02:24:48,Jumlah Anggota DPRD Menurut Partai Politik,528.0,Aktivitas Politik dan Komunitas Lainnya,203.0,,MTIyIzI=; MTEwIzI=; MjYjMQ==; MTkxIzI=; MTkyIzI=; MTE2IzI=; MTE5IzI=,"Jumlah Anggota DPRD Menurut Fraksi; Jumlah Anggota Dewan; Jumlah Penduduk, Rumah Tangga dan Rata-rata Anggota rumah Tangga Menurut Kecamatan di Kabupaten Barru 2019; Persentase Anggota Rumah Tangga Berusia 5 Tahun ke Atas menurut  Penggunaan Teknologi Informasi selama Tiga Bulan Terakhir; Persentase Anggota Rumah Tangga Berusia 5 Tahun ke Atas menurut pendidikan  dan Penggunaan Teknologi Informasi selama Tiga Bulan Terakhir,; Jumlah Tenaga Kesehatan Menurut Kecamatan; Jumlah Satuan Pemerintahan menurut kecamatan",/2/MTIyIzI=/jumlah-anggota-dprd-menurut-fraksi.html; /2/MTEwIzI=/jumlah-anggota-dewan.html; /1/MjYjMQ==/jumlah-penduduk--rumah-tangga-dan-rata-rata-anggota-rumah-tangga-menurut-kecamatan-di-kabupaten-barru-2019.html; /2/MTkxIzI=/persentase-anggota-rumah-tangga-berusia-5-tahun-ke-atas-menurut--penggunaan-teknologi-informasi-selama-tiga-bulan-terakhir.html; /2/MTkyIzI=/persentase-anggota-rumah-tangga-berusia-5-tahun-ke-atas-menurut-pendidikan--dan-penggunaan-teknologi-informasi-selama-tiga-bulan-terakhir-.html; /2/MTE2IzI=/jumlah-tenaga-kesehatan-menurut-kecamatan.html; /2/MTE5IzI=/jumlah-satuan-pemerintahan-menurut-kecamatan.html,2.0,0,Tidak ada
121,2021,Partai Gerindra,3.0,Data Tersedia,2024-04-18 02:24:48,Jumlah Anggota DPRD Menurut Partai Politik,528.0,Aktivitas Politik dan Komunitas Lainnya,203.0,,MTIyIzI=; MTEwIzI=; MjYjMQ==; MTkxIzI=; MTkyIzI=; MTE2IzI=; MTE5IzI=,"Jumlah Anggota DPRD Menurut Fraksi; Jumlah Anggota Dewan; Jumlah Penduduk, Rumah Tangga dan Rata-rata Anggota rumah Tangga Menurut Kecamatan di Kabupaten Barru 2019; Persentase Anggota Rumah Tangga Berusia 5 Tahun ke Atas menurut  Penggunaan Teknologi Informasi selama Tiga Bulan Terakhir; Persentase Anggota Rumah Tangga Berusia 5 Tahun ke Atas menurut pendidikan  dan Penggunaan Teknologi Informasi selama Tiga Bulan Terakhir,; Jumlah Tenaga Kesehatan Menurut Kecamatan; Jumlah Satuan Pemerintahan menurut kecamatan",/2/MTIyIzI=/jumlah-anggota-dprd-menurut-fraksi.html; /2/MTEwIzI=/jumlah-anggota-dewan.html; /1/MjYjMQ==/jumlah-penduduk--rumah-tangga-dan-rata-rata-anggota-rumah-tangga-menurut-kecamatan-di-kabupaten-barru-2019.html; /2/MTkxIzI=/persentase-anggota-rumah-tangga-berusia-5-tahun-ke-atas-menurut--penggunaan-teknologi-informasi-selama-tiga-bulan-terakhir.html; /2/MTkyIzI=/persentase-anggota-rumah-tangga-berusia-5-tahun-ke-atas-menurut-pendidikan--dan-penggunaan-teknologi-informasi-selama-tiga-bulan-terakhir-.html; /2/MTE2IzI=/jumlah-tenaga-kesehatan-menurut-kecamatan.html; /2/MTE5IzI=/jumlah-satuan-pemerintahan-menurut-kecamatan.html,3.0,0,Tidak ada
121,2021,Partai Demokrat,1.0,Data Tersedia,2024-04-18 02:24:48,Jumlah Anggota DPRD Menurut Partai Politik,528.0,Aktivitas Politik dan Komunitas Lainnya,203.0,,MTIyIzI=; MTEwIzI=; MjYjMQ==; MTkxIzI=; MTkyIzI=; MTE2IzI=; MTE5IzI=,"Jumlah Anggota DPRD Menurut Fraksi; Jumlah Anggota Dewan; Jumlah Penduduk, Rumah Tangga dan Rata-rata Anggota rumah Tangga Menurut Kecamatan di Kabupaten Barru 2019; Persentase Anggota Rumah Tangga Berusia 5 Tahun ke Atas menurut  Penggunaan Teknologi Informasi selama Tiga Bulan Terakhir; Persentase Anggota Rumah Tangga Berusia 5 Tahun ke Atas menurut pendidikan  dan Penggunaan Teknologi Informasi selama Tiga Bulan Terakhir,; Jumlah Tenaga Kesehatan Menurut Kecamatan; Jumlah Satuan Pemerintahan menurut kecamatan",/2/MTIyIzI=/jumlah-anggota-dprd-menurut-fraksi.html; /2/MTEwIzI=/jumlah-anggota-dewan.html; /1/MjYjMQ==/jumlah-penduduk--rumah-tangga-dan-rata-rata-anggota-rumah-tangga-menurut-kecamatan-di-kabupaten-barru-2019.html; /2/MTkxIzI=/persentase-anggota-rumah-tangga-berusia-5-tahun-ke-atas-menurut--penggunaan-teknologi-informasi-selama-tiga-bulan-terakhir.html; /2/MTkyIzI=/persentase-anggota-rumah-tangga-berusia-5-tahun-ke-atas-menurut-pendidikan--dan-penggunaan-teknologi-informasi-selama-tiga-bulan-terakhir-.html; /2/MTE2IzI=/jumlah-tenaga-kesehatan-menurut-kecamatan.html; /2/MTE5IzI=/jumlah-satuan-pemerintahan-menurut-kecamatan.html,4.0,0,Tidak ada
121,2021,Partai Demokrasi Indomesia Perjuangan,3.0,Data Tersedia,2024-04-18 02:24:48,Jumlah Anggota DPRD Menurut Partai Politik,528.0,Aktivitas Politik dan Komunitas Lainnya,203.0,,MTIyIzI=; MTEwIzI=; MjYjMQ==; MTkxIzI=; MTkyIzI=; MTE2IzI=; MTE5IzI=,"Jumlah Anggota DPRD Menurut Fraksi; Jumlah Anggota Dewan; Jumlah Penduduk, Rumah Tangga dan Rata-rata Anggota rumah Tangga Menurut Kecamatan di Kabupaten Barru 2019; Persentase Anggota Rumah Tangga Berusia 5 Tahun ke Atas menurut  Penggunaan Teknologi Informasi selama Tiga Bulan Terakhir; Persentase Anggota Rumah Tangga Berusia 5 Tahun ke Atas menurut pendidikan  dan Penggunaan Teknologi Informasi selama Tiga Bulan Terakhir,; Jumlah Tenaga Kesehatan Menurut Kecamatan; Jumlah Satuan Pemerintahan menurut kecamatan",/2/MTIyIzI=/jumlah-anggota-dprd-menurut-fraksi.html; /2/MTEwIzI=/jumlah-anggota-dewan.html; /1/MjYjMQ==/jumlah-penduduk--rumah-tangga-dan-rata-rata-anggota-rumah-tangga-menurut-kecamatan-di-kabupaten-barru-2019.html; /2/MTkxIzI=/persentase-anggota-rumah-tangga-berusia-5-tahun-ke-atas-menurut--penggunaan-teknologi-informasi-selama-tiga-bulan-terakhir.html; /2/MTkyIzI=/persentase-anggota-rumah-tangga-berusia-5-tahun-ke-atas-menurut-pendidikan--dan-penggunaan-teknologi-informasi-selama-tiga-bulan-terakhir-.html; /2/MTE2IzI=/jumlah-tenaga-kesehatan-menurut-kecamatan.html; /2/MTE5IzI=/jumlah-satuan-pemerintahan-menurut-kecamatan.html,5.0,0,Tidak ada
121,2021,Partai Keadilan Sejahtera,2.0,Data Tersedia,2024-04-18 02:24:48,Jumlah Anggota DPRD Menurut Partai Politik,528.0,Aktivitas Politik dan Komunitas Lainnya,203.0,,MTIyIzI=; MTEwIzI=; MjYjMQ==; MTkxIzI=; MTkyIzI=; MTE2IzI=; MTE5IzI=,"Jumlah Anggota DPRD Menurut Fraksi; Jumlah Anggota Dewan; Jumlah Penduduk, Rumah Tangga dan Rata-rata Anggota rumah Tangga Menurut Kecamatan di Kabupaten Barru 2019; Persentase Anggota Rumah Tangga Berusia 5 Tahun ke Atas menurut  Penggunaan Teknologi Informasi selama Tiga Bulan Terakhir; Persentase Anggota Rumah Tangga Berusia 5 Tahun ke Atas menurut pendidikan  dan Penggunaan Teknologi Informasi selama Tiga Bulan Terakhir,; Jumlah Tenaga Kesehatan Menurut Kecamatan; Jumlah Satuan Pemerintahan menurut kecamatan",/2/MTIyIzI=/jumlah-anggota-dprd-menurut-fraksi.html; /2/MTEwIzI=/jumlah-anggota-dewan.html; /1/MjYjMQ==/jumlah-penduduk--rumah-tangga-dan-rata-rata-anggota-rumah-tangga-menurut-kecamatan-di-kabupaten-barru-2019.html; /2/MTkxIzI=/persentase-anggota-rumah-tangga-berusia-5-tahun-ke-atas-menurut--penggunaan-teknologi-informasi-selama-tiga-bulan-terakhir.html; /2/MTkyIzI=/persentase-anggota-rumah-tangga-berusia-5-tahun-ke-atas-menurut-pendidikan--dan-penggunaan-teknologi-informasi-selama-tiga-bulan-terakhir-.html; /2/MTE2IzI=/jumlah-tenaga-kesehatan-menurut-kecamatan.html; /2/MTE5IzI=/jumlah-satuan-pemerintahan-menurut-kecamatan.html,6.0,0,Tidak ada
121,2021,Partai Persatuan Pembangunan,1.0,Data Tersedia,2024-04-18 02:24:48,Jumlah Anggota DPRD Menurut Partai Politik,528.0,Aktivitas Politik dan Komunitas Lainnya,203.0,,MTIyIzI=; MTEwIzI=; MjYjMQ==; MTkxIzI=; MTkyIzI=; MTE2IzI=; MTE5IzI=,"Jumlah Anggota DPRD Menurut Fraksi; Jumlah Anggota Dewan; Jumlah Penduduk, Rumah Tangga dan Rata-rata Anggota rumah Tangga Menurut Kecamatan di Kabupaten Barru 2019; Persentase Anggota Rumah Tangga Berusia 5 Tahun ke Atas menurut  Penggunaan Teknologi Informasi selama Tiga Bulan Terakhir; Persentase Anggota Rumah Tangga Berusia 5 Tahun ke Atas menurut pendidikan  dan Penggunaan Teknologi Informasi selama Tiga Bulan Terakhir,; Jumlah Tenaga Kesehatan Menurut Kecamatan; Jumlah Satuan Pemerintahan menurut kecamatan",/2/MTIyIzI=/jumlah-anggota-dprd-menurut-fraksi.html; /2/MTEwIzI=/jumlah-anggota-dewan.html; /1/MjYjMQ==/jumlah-penduduk--rumah-tangga-dan-rata-rata-anggota-rumah-tangga-menurut-kecamatan-di-kabupaten-barru-2019.html; /2/MTkxIzI=/persentase-anggota-rumah-tangga-berusia-5-tahun-ke-atas-menurut--penggunaan-teknologi-informasi-selama-tiga-bulan-terakhir.html; /2/MTkyIzI=/persentase-anggota-rumah-tangga-berusia-5-tahun-ke-atas-menurut-pendidikan--dan-penggunaan-teknologi-informasi-selama-tiga-bulan-terakhir-.html; /2/MTE2IzI=/jumlah-tenaga-kesehatan-menurut-kecamatan.html; /2/MTE5IzI=/jumlah-satuan-pemerintahan-menurut-kecamatan.html,7.0,0,Tidak ada
121,2021,Partai Kebangkitan Bangsa,5.0,Data Tersedia,2024-04-18 02:24:48,Jumlah Anggota DPRD Menurut Partai Politik,528.0,Aktivitas Politik dan Komunitas Lainnya,203.0,,MTIyIzI=; MTEwIzI=; MjYjMQ==; MTkxIzI=; MTkyIzI=; MTE2IzI=; MTE5IzI=,"Jumlah Anggota DPRD Menurut Fraksi; Jumlah Anggota Dewan; Jumlah Penduduk, Rumah Tangga dan Rata-rata Anggota rumah Tangga Menurut Kecamatan di Kabupaten Barru 2019; Persentase Anggota Rumah Tangga Berusia 5 Tahun ke Atas menurut  Penggunaan Teknologi Informasi selama Tiga Bulan Terakhir; Persentase Anggota Rumah Tangga Berusia 5 Tahun ke Atas menurut pendidikan  dan Penggunaan Teknologi Informasi selama Tiga Bulan Terakhir,; Jumlah Tenaga Kesehatan Menurut Kecamatan; Jumlah Satuan Pemerintahan menurut kecamatan",/2/MTIyIzI=/jumlah-anggota-dprd-menurut-fraksi.html; /2/MTEwIzI=/jumlah-anggota-dewan.html; /1/MjYjMQ==/jumlah-penduduk--rumah-tangga-dan-rata-rata-anggota-rumah-tangga-menurut-kecamatan-di-kabupaten-barru-2019.html; /2/MTkxIzI=/persentase-anggota-rumah-tangga-berusia-5-tahun-ke-atas-menurut--penggunaan-teknologi-informasi-selama-tiga-bulan-terakhir.html; /2/MTkyIzI=/persentase-anggota-rumah-tangga-berusia-5-tahun-ke-atas-menurut-pendidikan--dan-penggunaan-teknologi-informasi-selama-tiga-bulan-terakhir-.html; /2/MTE2IzI=/jumlah-tenaga-kesehatan-menurut-kecamatan.html; /2/MTE5IzI=/jumlah-satuan-pemerintahan-menurut-kecamatan.html,8.0,0,Tidak ada
122,2022,Partai Golongan Karya,5.0,Data Tersedia,2024-04-18 02:24:48,Jumlah Anggota DPRD Menurut Partai Politik,528.0,Aktivitas Politik dan Komunitas Lainnya,203.0,,MTIyIzI=; MTEwIzI=; MjYjMQ==; MTkxIzI=; MTkyIzI=; MTE2IzI=; MTE5IzI=,"Jumlah Anggota DPRD Menurut Fraksi; Jumlah Anggota Dewan; Jumlah Penduduk, Rumah Tangga dan Rata-rata Anggota rumah Tangga Menurut Kecamatan di Kabupaten Barru 2019; Persentase Anggota Rumah Tangga Berusia 5 Tahun ke Atas menurut  Penggunaan Teknologi Informasi selama Tiga Bulan Terakhir; Persentase Anggota Rumah Tangga Berusia 5 Tahun ke Atas menurut pendidikan  dan Penggunaan Teknologi Informasi selama Tiga Bulan Terakhir,; Jumlah Tenaga Kesehatan Menurut Kecamatan; Jumlah Satuan Pemerintahan menurut kecamatan",/2/MTIyIzI=/jumlah-anggota-dprd-menurut-fraksi.html; /2/MTEwIzI=/jumlah-anggota-dewan.html; /1/MjYjMQ==/jumlah-penduduk--rumah-tangga-dan-rata-rata-anggota-rumah-tangga-menurut-kecamatan-di-kabupaten-barru-2019.html; /2/MTkxIzI=/persentase-anggota-rumah-tangga-berusia-5-tahun-ke-atas-menurut--penggunaan-teknologi-informasi-selama-tiga-bulan-terakhir.html; /2/MTkyIzI=/persentase-anggota-rumah-tangga-berusia-5-tahun-ke-atas-menurut-pendidikan--dan-penggunaan-teknologi-informasi-selama-tiga-bulan-terakhir-.html; /2/MTE2IzI=/jumlah-tenaga-kesehatan-menurut-kecamatan.html; /2/MTE5IzI=/jumlah-satuan-pemerintahan-menurut-kecamatan.html,1.0,0,Tidak ada
122,2022,Partai Nasdem,5.0,Data Tersedia,2024-04-18 02:24:48,Jumlah Anggota DPRD Menurut Partai Politik,528.0,Aktivitas Politik dan Komunitas Lainnya,203.0,,MTIyIzI=; MTEwIzI=; MjYjMQ==; MTkxIzI=; MTkyIzI=; MTE2IzI=; MTE5IzI=,"Jumlah Anggota DPRD Menurut Fraksi; Jumlah Anggota Dewan; Jumlah Penduduk, Rumah Tangga dan Rata-rata Anggota rumah Tangga Menurut Kecamatan di Kabupaten Barru 2019; Persentase Anggota Rumah Tangga Berusia 5 Tahun ke Atas menurut  Penggunaan Teknologi Informasi selama Tiga Bulan Terakhir; Persentase Anggota Rumah Tangga Berusia 5 Tahun ke Atas menurut pendidikan  dan Penggunaan Teknologi Informasi selama Tiga Bulan Terakhir,; Jumlah Tenaga Kesehatan Menurut Kecamatan; Jumlah Satuan Pemerintahan menurut kecamatan",/2/MTIyIzI=/jumlah-anggota-dprd-menurut-fraksi.html; /2/MTEwIzI=/jumlah-anggota-dewan.html; /1/MjYjMQ==/jumlah-penduduk--rumah-tangga-dan-rata-rata-anggota-rumah-tangga-menurut-kecamatan-di-kabupaten-barru-2019.html; /2/MTkxIzI=/persentase-anggota-rumah-tangga-berusia-5-tahun-ke-atas-menurut--penggunaan-teknologi-informasi-selama-tiga-bulan-terakhir.html; /2/MTkyIzI=/persentase-anggota-rumah-tangga-berusia-5-tahun-ke-atas-menurut-pendidikan--dan-penggunaan-teknologi-informasi-selama-tiga-bulan-terakhir-.html; /2/MTE2IzI=/jumlah-tenaga-kesehatan-menurut-kecamatan.html; /2/MTE5IzI=/jumlah-satuan-pemerintahan-menurut-kecamatan.html,2.0,0,Tidak ada
122,2022,Partai Gerindra,3.0,Data Tersedia,2024-04-18 02:24:48,Jumlah Anggota DPRD Menurut Partai Politik,528.0,Aktivitas Politik dan Komunitas Lainnya,203.0,,MTIyIzI=; MTEwIzI=; MjYjMQ==; MTkxIzI=; MTkyIzI=; MTE2IzI=; MTE5IzI=,"Jumlah Anggota DPRD Menurut Fraksi; Jumlah Anggota Dewan; Jumlah Penduduk, Rumah Tangga dan Rata-rata Anggota rumah Tangga Menurut Kecamatan di Kabupaten Barru 2019; Persentase Anggota Rumah Tangga Berusia 5 Tahun ke Atas menurut  Penggunaan Teknologi Informasi selama Tiga Bulan Terakhir; Persentase Anggota Rumah Tangga Berusia 5 Tahun ke Atas menurut pendidikan  dan Penggunaan Teknologi Informasi selama Tiga Bulan Terakhir,; Jumlah Tenaga Kesehatan Menurut Kecamatan; Jumlah Satuan Pemerintahan menurut kecamatan",/2/MTIyIzI=/jumlah-anggota-dprd-menurut-fraksi.html; /2/MTEwIzI=/jumlah-anggota-dewan.html; /1/MjYjMQ==/jumlah-penduduk--rumah-tangga-dan-rata-rata-anggota-rumah-tangga-menurut-kecamatan-di-kabupaten-barru-2019.html; /2/MTkxIzI=/persentase-anggota-rumah-tangga-berusia-5-tahun-ke-atas-menurut--penggunaan-teknologi-informasi-selama-tiga-bulan-terakhir.html; /2/MTkyIzI=/persentase-anggota-rumah-tangga-berusia-5-tahun-ke-atas-menurut-pendidikan--dan-penggunaan-teknologi-informasi-selama-tiga-bulan-terakhir-.html; /2/MTE2IzI=/jumlah-tenaga-kesehatan-menurut-kecamatan.html; /2/MTE5IzI=/jumlah-satuan-pemerintahan-menurut-kecamatan.html,3.0,0,Tidak ada
122,2022,Partai Demokrat,1.0,Data Tersedia,2024-04-18 02:24:48,Jumlah Anggota DPRD Menurut Partai Politik,528.0,Aktivitas Politik dan Komunitas Lainnya,203.0,,MTIyIzI=; MTEwIzI=; MjYjMQ==; MTkxIzI=; MTkyIzI=; MTE2IzI=; MTE5IzI=,"Jumlah Anggota DPRD Menurut Fraksi; Jumlah Anggota Dewan; Jumlah Penduduk, Rumah Tangga dan Rata-rata Anggota rumah Tangga Menurut Kecamatan di Kabupaten Barru 2019; Persentase Anggota Rumah Tangga Berusia 5 Tahun ke Atas menurut  Penggunaan Teknologi Informasi selama Tiga Bulan Terakhir; Persentase Anggota Rumah Tangga Berusia 5 Tahun ke Atas menurut pendidikan  dan Penggunaan Teknologi Informasi selama Tiga Bulan Terakhir,; Jumlah Tenaga Kesehatan Menurut Kecamatan; Jumlah Satuan Pemerintahan menurut kecamatan",/2/MTIyIzI=/jumlah-anggota-dprd-menurut-fraksi.html; /2/MTEwIzI=/jumlah-anggota-dewan.html; /1/MjYjMQ==/jumlah-penduduk--rumah-tangga-dan-rata-rata-anggota-rumah-tangga-menurut-kecamatan-di-kabupaten-barru-2019.html; /2/MTkxIzI=/persentase-anggota-rumah-tangga-berusia-5-tahun-ke-atas-menurut--penggunaan-teknologi-informasi-selama-tiga-bulan-terakhir.html; /2/MTkyIzI=/persentase-anggota-rumah-tangga-berusia-5-tahun-ke-atas-menurut-pendidikan--dan-penggunaan-teknologi-informasi-selama-tiga-bulan-terakhir-.html; /2/MTE2IzI=/jumlah-tenaga-kesehatan-menurut-kecamatan.html; /2/MTE5IzI=/jumlah-satuan-pemerintahan-menurut-kecamatan.html,4.0,0,Tidak ada
122,2022,Partai Demokrasi Indomesia Perjuangan,3.0,Data Tersedia,2024-04-18 02:24:48,Jumlah Anggota DPRD Menurut Partai Politik,528.0,Aktivitas Politik dan Komunitas Lainnya,203.0,,MTIyIzI=; MTEwIzI=; MjYjMQ==; MTkxIzI=; MTkyIzI=; MTE2IzI=; MTE5IzI=,"Jumlah Anggota DPRD Menurut Fraksi; Jumlah Anggota Dewan; Jumlah Penduduk, Rumah Tangga dan Rata-rata Anggota rumah Tangga Menurut Kecamatan di Kabupaten Barru 2019; Persentase Anggota Rumah Tangga Berusia 5 Tahun ke Atas menurut  Penggunaan Teknologi Informasi selama Tiga Bulan Terakhir; Persentase Anggota Rumah Tangga Berusia 5 Tahun ke Atas menurut pendidikan  dan Penggunaan Teknologi Informasi selama Tiga Bulan Terakhir,; Jumlah Tenaga Kesehatan Menurut Kecamatan; Jumlah Satuan Pemerintahan menurut kecamatan",/2/MTIyIzI=/jumlah-anggota-dprd-menurut-fraksi.html; /2/MTEwIzI=/jumlah-anggota-dewan.html; /1/MjYjMQ==/jumlah-penduduk--rumah-tangga-dan-rata-rata-anggota-rumah-tangga-menurut-kecamatan-di-kabupaten-barru-2019.html; /2/MTkxIzI=/persentase-anggota-rumah-tangga-berusia-5-tahun-ke-atas-menurut--penggunaan-teknologi-informasi-selama-tiga-bulan-terakhir.html; /2/MTkyIzI=/persentase-anggota-rumah-tangga-berusia-5-tahun-ke-atas-menurut-pendidikan--dan-penggunaan-teknologi-informasi-selama-tiga-bulan-terakhir-.html; /2/MTE2IzI=/jumlah-tenaga-kesehatan-menurut-kecamatan.html; /2/MTE5IzI=/jumlah-satuan-pemerintahan-menurut-kecamatan.html,5.0,0,Tidak ada
122,2022,Partai Keadilan Sejahtera,2.0,Data Tersedia,2024-04-18 02:24:48,Jumlah Anggota DPRD Menurut Partai Politik,528.0,Aktivitas Politik dan Komunitas Lainnya,203.0,,MTIyIzI=; MTEwIzI=; MjYjMQ==; MTkxIzI=; MTkyIzI=; MTE2IzI=; MTE5IzI=,"Jumlah Anggota DPRD Menurut Fraksi; Jumlah Anggota Dewan; Jumlah Penduduk, Rumah Tangga dan Rata-rata Anggota rumah Tangga Menurut Kecamatan di Kabupaten Barru 2019; Persentase Anggota Rumah Tangga Berusia 5 Tahun ke Atas menurut  Penggunaan Teknologi Informasi selama Tiga Bulan Terakhir; Persentase Anggota Rumah Tangga Berusia 5 Tahun ke Atas menurut pendidikan  dan Penggunaan Teknologi Informasi selama Tiga Bulan Terakhir,; Jumlah Tenaga Kesehatan Menurut Kecamatan; Jumlah Satuan Pemerintahan menurut kecamatan",/2/MTIyIzI=/jumlah-anggota-dprd-menurut-fraksi.html; /2/MTEwIzI=/jumlah-anggota-dewan.html; /1/MjYjMQ==/jumlah-penduduk--rumah-tangga-dan-rata-rata-anggota-rumah-tangga-menurut-kecamatan-di-kabupaten-barru-2019.html; /2/MTkxIzI=/persentase-anggota-rumah-tangga-berusia-5-tahun-ke-atas-menurut--penggunaan-teknologi-informasi-selama-tiga-bulan-terakhir.html; /2/MTkyIzI=/persentase-anggota-rumah-tangga-berusia-5-tahun-ke-atas-menurut-pendidikan--dan-penggunaan-teknologi-informasi-selama-tiga-bulan-terakhir-.html; /2/MTE2IzI=/jumlah-tenaga-kesehatan-menurut-kecamatan.html; /2/MTE5IzI=/jumlah-satuan-pemerintahan-menurut-kecamatan.html,6.0,0,Tidak ada
122,2022,Partai Persatuan Pembangunan,1.0,Data Tersedia,2024-04-18 02:24:48,Jumlah Anggota DPRD Menurut Partai Politik,528.0,Aktivitas Politik dan Komunitas Lainnya,203.0,,MTIyIzI=; MTEwIzI=; MjYjMQ==; MTkxIzI=; MTkyIzI=; MTE2IzI=; MTE5IzI=,"Jumlah Anggota DPRD Menurut Fraksi; Jumlah Anggota Dewan; Jumlah Penduduk, Rumah Tangga dan Rata-rata Anggota rumah Tangga Menurut Kecamatan di Kabupaten Barru 2019; Persentase Anggota Rumah Tangga Berusia 5 Tahun ke Atas menurut  Penggunaan Teknologi Informasi selama Tiga Bulan Terakhir; Persentase Anggota Rumah Tangga Berusia 5 Tahun ke Atas menurut pendidikan  dan Penggunaan Teknologi Informasi selama Tiga Bulan Terakhir,; Jumlah Tenaga Kesehatan Menurut Kecamatan; Jumlah Satuan Pemerintahan menurut kecamatan",/2/MTIyIzI=/jumlah-anggota-dprd-menurut-fraksi.html; /2/MTEwIzI=/jumlah-anggota-dewan.html; /1/MjYjMQ==/jumlah-penduduk--rumah-tangga-dan-rata-rata-anggota-rumah-tangga-menurut-kecamatan-di-kabupaten-barru-2019.html; /2/MTkxIzI=/persentase-anggota-rumah-tangga-berusia-5-tahun-ke-atas-menurut--penggunaan-teknologi-informasi-selama-tiga-bulan-terakhir.html; /2/MTkyIzI=/persentase-anggota-rumah-tangga-berusia-5-tahun-ke-atas-menurut-pendidikan--dan-penggunaan-teknologi-informasi-selama-tiga-bulan-terakhir-.html; /2/MTE2IzI=/jumlah-tenaga-kesehatan-menurut-kecamatan.html; /2/MTE5IzI=/jumlah-satuan-pemerintahan-menurut-kecamatan.html,7.0,0,Tidak ada
122,2022,Partai Kebangkitan Bangsa,5.0,Data Tersedia,2024-04-18 02:24:48,Jumlah Anggota DPRD Menurut Partai Politik,528.0,Aktivitas Politik dan Komunitas Lainnya,203.0,,MTIyIzI=; MTEwIzI=; MjYjMQ==; MTkxIzI=; MTkyIzI=; MTE2IzI=; MTE5IzI=,"Jumlah Anggota DPRD Menurut Fraksi; Jumlah Anggota Dewan; Jumlah Penduduk, Rumah Tangga dan Rata-rata Anggota rumah Tangga Menurut Kecamatan di Kabupaten Barru 2019; Persentase Anggota Rumah Tangga Berusia 5 Tahun ke Atas menurut  Penggunaan Teknologi Informasi selama Tiga Bulan Terakhir; Persentase Anggota Rumah Tangga Berusia 5 Tahun ke Atas menurut pendidikan  dan Penggunaan Teknologi Informasi selama Tiga Bulan Terakhir,; Jumlah Tenaga Kesehatan Menurut Kecamatan; Jumlah Satuan Pemerintahan menurut kecamatan",/2/MTIyIzI=/jumlah-anggota-dprd-menurut-fraksi.html; /2/MTEwIzI=/jumlah-anggota-dewan.html; /1/MjYjMQ==/jumlah-penduduk--rumah-tangga-dan-rata-rata-anggota-rumah-tangga-menurut-kecamatan-di-kabupaten-barru-2019.html; /2/MTkxIzI=/persentase-anggota-rumah-tangga-berusia-5-tahun-ke-atas-menurut--penggunaan-teknologi-informasi-selama-tiga-bulan-terakhir.html; /2/MTkyIzI=/persentase-anggota-rumah-tangga-berusia-5-tahun-ke-atas-menurut-pendidikan--dan-penggunaan-teknologi-informasi-selama-tiga-bulan-terakhir-.html; /2/MTE2IzI=/jumlah-tenaga-kesehatan-menurut-kecamatan.html; /2/MTE5IzI=/jumlah-satuan-pemerintahan-menurut-kecamatan.html,8.0,0,Tidak ada
123,2023,Partai Golongan Karya,5.0,Data Tersedia,2024-04-18 02:24:48,Jumlah Anggota DPRD Menurut Partai Politik,528.0,Aktivitas Politik dan Komunitas Lainnya,203.0,,MTIyIzI=; MTEwIzI=; MjYjMQ==; MTkxIzI=; MTkyIzI=; MTE2IzI=; MTE5IzI=,"Jumlah Anggota DPRD Menurut Fraksi; Jumlah Anggota Dewan; Jumlah Penduduk, Rumah Tangga dan Rata-rata Anggota rumah Tangga Menurut Kecamatan di Kabupaten Barru 2019; Persentase Anggota Rumah Tangga Berusia 5 Tahun ke Atas menurut  Penggunaan Teknologi Informasi selama Tiga Bulan Terakhir; Persentase Anggota Rumah Tangga Berusia 5 Tahun ke Atas menurut pendidikan  dan Penggunaan Teknologi Informasi selama Tiga Bulan Terakhir,; Jumlah Tenaga Kesehatan Menurut Kecamatan; Jumlah Satuan Pemerintahan menurut kecamatan",/2/MTIyIzI=/jumlah-anggota-dprd-menurut-fraksi.html; /2/MTEwIzI=/jumlah-anggota-dewan.html; /1/MjYjMQ==/jumlah-penduduk--rumah-tangga-dan-rata-rata-anggota-rumah-tangga-menurut-kecamatan-di-kabupaten-barru-2019.html; /2/MTkxIzI=/persentase-anggota-rumah-tangga-berusia-5-tahun-ke-atas-menurut--penggunaan-teknologi-informasi-selama-tiga-bulan-terakhir.html; /2/MTkyIzI=/persentase-anggota-rumah-tangga-berusia-5-tahun-ke-atas-menurut-pendidikan--dan-penggunaan-teknologi-informasi-selama-tiga-bulan-terakhir-.html; /2/MTE2IzI=/jumlah-tenaga-kesehatan-menurut-kecamatan.html; /2/MTE5IzI=/jumlah-satuan-pemerintahan-menurut-kecamatan.html,1.0,0,Tidak ada
123,2023,Partai Nasdem,5.0,Data Tersedia,2024-04-18 02:24:48,Jumlah Anggota DPRD Menurut Partai Politik,528.0,Aktivitas Politik dan Komunitas Lainnya,203.0,,MTIyIzI=; MTEwIzI=; MjYjMQ==; MTkxIzI=; MTkyIzI=; MTE2IzI=; MTE5IzI=,"Jumlah Anggota DPRD Menurut Fraksi; Jumlah Anggota Dewan; Jumlah Penduduk, Rumah Tangga dan Rata-rata Anggota rumah Tangga Menurut Kecamatan di Kabupaten Barru 2019; Persentase Anggota Rumah Tangga Berusia 5 Tahun ke Atas menurut  Penggunaan Teknologi Informasi selama Tiga Bulan Terakhir; Persentase Anggota Rumah Tangga Berusia 5 Tahun ke Atas menurut pendidikan  dan Penggunaan Teknologi Informasi selama Tiga Bulan Terakhir,; Jumlah Tenaga Kesehatan Menurut Kecamatan; Jumlah Satuan Pemerintahan menurut kecamatan",/2/MTIyIzI=/jumlah-anggota-dprd-menurut-fraksi.html; /2/MTEwIzI=/jumlah-anggota-dewan.html; /1/MjYjMQ==/jumlah-penduduk--rumah-tangga-dan-rata-rata-anggota-rumah-tangga-menurut-kecamatan-di-kabupaten-barru-2019.html; /2/MTkxIzI=/persentase-anggota-rumah-tangga-berusia-5-tahun-ke-atas-menurut--penggunaan-teknologi-informasi-selama-tiga-bulan-terakhir.html; /2/MTkyIzI=/persentase-anggota-rumah-tangga-berusia-5-tahun-ke-atas-menurut-pendidikan--dan-penggunaan-teknologi-informasi-selama-tiga-bulan-terakhir-.html; /2/MTE2IzI=/jumlah-tenaga-kesehatan-menurut-kecamatan.html; /2/MTE5IzI=/jumlah-satuan-pemerintahan-menurut-kecamatan.html,2.0,0,Tidak ada
123,2023,Partai Gerindra,3.0,Data Tersedia,2024-04-18 02:24:48,Jumlah Anggota DPRD Menurut Partai Politik,528.0,Aktivitas Politik dan Komunitas Lainnya,203.0,,MTIyIzI=; MTEwIzI=; MjYjMQ==; MTkxIzI=; MTkyIzI=; MTE2IzI=; MTE5IzI=,"Jumlah Anggota DPRD Menurut Fraksi; Jumlah Anggota Dewan; Jumlah Penduduk, Rumah Tangga dan Rata-rata Anggota rumah Tangga Menurut Kecamatan di Kabupaten Barru 2019; Persentase Anggota Rumah Tangga Berusia 5 Tahun ke Atas menurut  Penggunaan Teknologi Informasi selama Tiga Bulan Terakhir; Persentase Anggota Rumah Tangga Berusia 5 Tahun ke Atas menurut pendidikan  dan Penggunaan Teknologi Informasi selama Tiga Bulan Terakhir,; Jumlah Tenaga Kesehatan Menurut Kecamatan; Jumlah Satuan Pemerintahan menurut kecamatan",/2/MTIyIzI=/jumlah-anggota-dprd-menurut-fraksi.html; /2/MTEwIzI=/jumlah-anggota-dewan.html; /1/MjYjMQ==/jumlah-penduduk--rumah-tangga-dan-rata-rata-anggota-rumah-tangga-menurut-kecamatan-di-kabupaten-barru-2019.html; /2/MTkxIzI=/persentase-anggota-rumah-tangga-berusia-5-tahun-ke-atas-menurut--penggunaan-teknologi-informasi-selama-tiga-bulan-terakhir.html; /2/MTkyIzI=/persentase-anggota-rumah-tangga-berusia-5-tahun-ke-atas-menurut-pendidikan--dan-penggunaan-teknologi-informasi-selama-tiga-bulan-terakhir-.html; /2/MTE2IzI=/jumlah-tenaga-kesehatan-menurut-kecamatan.html; /2/MTE5IzI=/jumlah-satuan-pemerintahan-menurut-kecamatan.html,3.0,0,Tidak ada
123,2023,Partai Demokrat,1.0,Data Tersedia,2024-04-18 02:24:48,Jumlah Anggota DPRD Menurut Partai Politik,528.0,Aktivitas Politik dan Komunitas Lainnya,203.0,,MTIyIzI=; MTEwIzI=; MjYjMQ==; MTkxIzI=; MTkyIzI=; MTE2IzI=; MTE5IzI=,"Jumlah Anggota DPRD Menurut Fraksi; Jumlah Anggota Dewan; Jumlah Penduduk, Rumah Tangga dan Rata-rata Anggota rumah Tangga Menurut Kecamatan di Kabupaten Barru 2019; Persentase Anggota Rumah Tangga Berusia 5 Tahun ke Atas menurut  Penggunaan Teknologi Informasi selama Tiga Bulan Terakhir; Persentase Anggota Rumah Tangga Berusia 5 Tahun ke Atas menurut pendidikan  dan Penggunaan Teknologi Informasi selama Tiga Bulan Terakhir,; Jumlah Tenaga Kesehatan Menurut Kecamatan; Jumlah Satuan Pemerintahan menurut kecamatan",/2/MTIyIzI=/jumlah-anggota-dprd-menurut-fraksi.html; /2/MTEwIzI=/jumlah-anggota-dewan.html; /1/MjYjMQ==/jumlah-penduduk--rumah-tangga-dan-rata-rata-anggota-rumah-tangga-menurut-kecamatan-di-kabupaten-barru-2019.html; /2/MTkxIzI=/persentase-anggota-rumah-tangga-berusia-5-tahun-ke-atas-menurut--penggunaan-teknologi-informasi-selama-tiga-bulan-terakhir.html; /2/MTkyIzI=/persentase-anggota-rumah-tangga-berusia-5-tahun-ke-atas-menurut-pendidikan--dan-penggunaan-teknologi-informasi-selama-tiga-bulan-terakhir-.html; /2/MTE2IzI=/jumlah-tenaga-kesehatan-menurut-kecamatan.html; /2/MTE5IzI=/jumlah-satuan-pemerintahan-menurut-kecamatan.html,4.0,0,Tidak ada
123,2023,Partai Demokrasi Indomesia Perjuangan,3.0,Data Tersedia,2024-04-18 02:24:48,Jumlah Anggota DPRD Menurut Partai Politik,528.0,Aktivitas Politik dan Komunitas Lainnya,203.0,,MTIyIzI=; MTEwIzI=; MjYjMQ==; MTkxIzI=; MTkyIzI=; MTE2IzI=; MTE5IzI=,"Jumlah Anggota DPRD Menurut Fraksi; Jumlah Anggota Dewan; Jumlah Penduduk, Rumah Tangga dan Rata-rata Anggota rumah Tangga Menurut Kecamatan di Kabupaten Barru 2019; Persentase Anggota Rumah Tangga Berusia 5 Tahun ke Atas menurut  Penggunaan Teknologi Informasi selama Tiga Bulan Terakhir; Persentase Anggota Rumah Tangga Berusia 5 Tahun ke Atas menurut pendidikan  dan Penggunaan Teknologi Informasi selama Tiga Bulan Terakhir,; Jumlah Tenaga Kesehatan Menurut Kecamatan; Jumlah Satuan Pemerintahan menurut kecamatan",/2/MTIyIzI=/jumlah-anggota-dprd-menurut-fraksi.html; /2/MTEwIzI=/jumlah-anggota-dewan.html; /1/MjYjMQ==/jumlah-penduduk--rumah-tangga-dan-rata-rata-anggota-rumah-tangga-menurut-kecamatan-di-kabupaten-barru-2019.html; /2/MTkxIzI=/persentase-anggota-rumah-tangga-berusia-5-tahun-ke-atas-menurut--penggunaan-teknologi-informasi-selama-tiga-bulan-terakhir.html; /2/MTkyIzI=/persentase-anggota-rumah-tangga-berusia-5-tahun-ke-atas-menurut-pendidikan--dan-penggunaan-teknologi-informasi-selama-tiga-bulan-terakhir-.html; /2/MTE2IzI=/jumlah-tenaga-kesehatan-menurut-kecamatan.html; /2/MTE5IzI=/jumlah-satuan-pemerintahan-menurut-kecamatan.html,5.0,0,Tidak ada
123,2023,Partai Keadilan Sejahtera,2.0,Data Tersedia,2024-04-18 02:24:48,Jumlah Anggota DPRD Menurut Partai Politik,528.0,Aktivitas Politik dan Komunitas Lainnya,203.0,,MTIyIzI=; MTEwIzI=; MjYjMQ==; MTkxIzI=; MTkyIzI=; MTE2IzI=; MTE5IzI=,"Jumlah Anggota DPRD Menurut Fraksi; Jumlah Anggota Dewan; Jumlah Penduduk, Rumah Tangga dan Rata-rata Anggota rumah Tangga Menurut Kecamatan di Kabupaten Barru 2019; Persentase Anggota Rumah Tangga Berusia 5 Tahun ke Atas menurut  Penggunaan Teknologi Informasi selama Tiga Bulan Terakhir; Persentase Anggota Rumah Tangga Berusia 5 Tahun ke Atas menurut pendidikan  dan Penggunaan Teknologi Informasi selama Tiga Bulan Terakhir,; Jumlah Tenaga Kesehatan Menurut Kecamatan; Jumlah Satuan Pemerintahan menurut kecamatan",/2/MTIyIzI=/jumlah-anggota-dprd-menurut-fraksi.html; /2/MTEwIzI=/jumlah-anggota-dewan.html; /1/MjYjMQ==/jumlah-penduduk--rumah-tangga-dan-rata-rata-anggota-rumah-tangga-menurut-kecamatan-di-kabupaten-barru-2019.html; /2/MTkxIzI=/persentase-anggota-rumah-tangga-berusia-5-tahun-ke-atas-menurut--penggunaan-teknologi-informasi-selama-tiga-bulan-terakhir.html; /2/MTkyIzI=/persentase-anggota-rumah-tangga-berusia-5-tahun-ke-atas-menurut-pendidikan--dan-penggunaan-teknologi-informasi-selama-tiga-bulan-terakhir-.html; /2/MTE2IzI=/jumlah-tenaga-kesehatan-menurut-kecamatan.html; /2/MTE5IzI=/jumlah-satuan-pemerintahan-menurut-kecamatan.html,6.0,0,Tidak ada
123,2023,Partai Persatuan Pembangunan,1.0,Data Tersedia,2024-04-18 02:24:48,Jumlah Anggota DPRD Menurut Partai Politik,528.0,Aktivitas Politik dan Komunitas Lainnya,203.0,,MTIyIzI=; MTEwIzI=; MjYjMQ==; MTkxIzI=; MTkyIzI=; MTE2IzI=; MTE5IzI=,"Jumlah Anggota DPRD Menurut Fraksi; Jumlah Anggota Dewan; Jumlah Penduduk, Rumah Tangga dan Rata-rata Anggota rumah Tangga Menurut Kecamatan di Kabupaten Barru 2019; Persentase Anggota Rumah Tangga Berusia 5 Tahun ke Atas menurut  Penggunaan Teknologi Informasi selama Tiga Bulan Terakhir; Persentase Anggota Rumah Tangga Berusia 5 Tahun ke Atas menurut pendidikan  dan Penggunaan Teknologi Informasi selama Tiga Bulan Terakhir,; Jumlah Tenaga Kesehatan Menurut Kecamatan; Jumlah Satuan Pemerintahan menurut kecamatan",/2/MTIyIzI=/jumlah-anggota-dprd-menurut-fraksi.html; /2/MTEwIzI=/jumlah-anggota-dewan.html; /1/MjYjMQ==/jumlah-penduduk--rumah-tangga-dan-rata-rata-anggota-rumah-tangga-menurut-kecamatan-di-kabupaten-barru-2019.html; /2/MTkxIzI=/persentase-anggota-rumah-tangga-berusia-5-tahun-ke-atas-menurut--penggunaan-teknologi-informasi-selama-tiga-bulan-terakhir.html; /2/MTkyIzI=/persentase-anggota-rumah-tangga-berusia-5-tahun-ke-atas-menurut-pendidikan--dan-penggunaan-teknologi-informasi-selama-tiga-bulan-terakhir-.html; /2/MTE2IzI=/jumlah-tenaga-kesehatan-menurut-kecamatan.html; /2/MTE5IzI=/jumlah-satuan-pemerintahan-menurut-kecamatan.html,7.0,0,Tidak ada
123,2023,Partai Kebangkitan Bangsa,5.0,Data Tersedia,2024-04-18 02:24:48,Jumlah Anggota DPRD Menurut Partai Politik,528.0,Aktivitas Politik dan Komunitas Lainnya,203.0,,MTIyIzI=; MTEwIzI=; MjYjMQ==; MTkxIzI=; MTkyIzI=; MTE2IzI=; MTE5IzI=,"Jumlah Anggota DPRD Menurut Fraksi; Jumlah Anggota Dewan; Jumlah Penduduk, Rumah Tangga dan Rata-rata Anggota rumah Tangga Menurut Kecamatan di Kabupaten Barru 2019; Persentase Anggota Rumah Tangga Berusia 5 Tahun ke Atas menurut  Penggunaan Teknologi Informasi selama Tiga Bulan Terakhir; Persentase Anggota Rumah Tangga Berusia 5 Tahun ke Atas menurut pendidikan  dan Penggunaan Teknologi Informasi selama Tiga Bulan Terakhir,; Jumlah Tenaga Kesehatan Menurut Kecamatan; Jumlah Satuan Pemerintahan menurut kecamatan",/2/MTIyIzI=/jumlah-anggota-dprd-menurut-fraksi.html; /2/MTEwIzI=/jumlah-anggota-dewan.html; /1/MjYjMQ==/jumlah-penduduk--rumah-tangga-dan-rata-rata-anggota-rumah-tangga-menurut-kecamatan-di-kabupaten-barru-2019.html; /2/MTkxIzI=/persentase-anggota-rumah-tangga-berusia-5-tahun-ke-atas-menurut--penggunaan-teknologi-informasi-selama-tiga-bulan-terakhir.html; /2/MTkyIzI=/persentase-anggota-rumah-tangga-berusia-5-tahun-ke-atas-menurut-pendidikan--dan-penggunaan-teknologi-informasi-selama-tiga-bulan-terakhir-.html; /2/MTE2IzI=/jumlah-tenaga-kesehatan-menurut-kecamatan.html; /2/MTE5IzI=/jumlah-satuan-pemerintahan-menurut-kecamatan.html,8.0,0,Tidak ada
124,,,,Data Tidak Ditemukan,,,,,,,,,,,,
125,,,,Data Tidak Ditemukan,,,,,,,,,,,,
