id_tahun,tahun,vervar_label,nilai,status,last_update,var_label,subject_id,subject_label,var_id,var_unit,related_ids,related_titles,related_links,vervar_id,turvar_id,turvar_label
100,,,,Data Tidak Ditemukan,,,,,,,,,,,,
101,,,,Data Tidak Ditemukan,,,,,,,,,,,,
102,,,,Data Tidak Ditemukan,,,,,,,,,,,,
103,,,,Data Tidak Ditemukan,,,,,,,,,,,,
104,,,,Data Tidak Ditemukan,,,,,,,,,,,,
105,,,,Data Tidak Ditemukan,,,,,,,,,,,,
106,,,,Data Tidak Ditemukan,,,,,,,,,,,,
107,,,,Data Tidak Ditemukan,,,,,,,,,,,,
108,,,,Data Tidak Ditemukan,,,,,,,,,,,,
109,,,,Data Tidak Ditemukan,,,,,,,,,,,,
110,,,,Data Tidak Ditemukan,,,,,,,,,,,,
111,,,,Data Tidak Ditemukan,,,,,,,,,,,,
112,,,,Data Tidak Ditemukan,,,,,,,,,,,,
113,,,,Data Tidak Ditemukan,,,,,,,,,,,,
114,,,,Data Tidak Ditemukan,,,,,,,,,,,,
115,,,,Data Tidak Ditemukan,,,,,,,,,,,,
116,,,,Data Tidak Ditemukan,,,,,,,,,,,,
117,,,,Data Tidak Ditemukan,,,,,,,,,,,,
118,,,,Data Tidak Ditemukan,,,,,,,,,,,,
119,,,,Data Tidak Ditemukan,,,,,,,,,,,,
120,,,,Data Tidak Ditemukan,,,,,,,,,,,,
121,,,,Data Tidak Ditemukan,,,,,,,,,,,,
122,2022,Sektor Primer,817.9,Data Tersedia,2025-06-16 07:35:52,Produk Domestik Regional Bruto (PDRB) Triwulanan Menurut Lapangan Usaha Kabupaten Barru,531.0,Neraca Ekonomi,228.0,Milyar Rupiah,MjMyIzI=; MjI1IzI=; MjMwIzI=; MjM0IzI=; MjI5IzI=; UzFSTVVXUlliME5XYzBZNUwwNVFRa3h6Y1d3M1p6MDkjMw==; UzFSTVVXUlliME5XYzBZNUwwNVFRa3h6Y1d3M1p6MDkjMw==,"Laju Pertumbuhan Produk Domestik Regional Bruto (PDRB) Triwulanan Menurut Lapangan Usaha Kabupaten Barru; Produk Domestik Regional Bruto (PDRB) Triwulanan Menurut Pengeluaran Kabupaten Barru; Distribusi Produk Domestik Regional Bruto (PDRB) Triwulanan Menurut Lapangan Usaha Atas Dasar Harga Berlaku Kabupaten Barru; Laju Pertumbuhan Produk Domestik Regional Bruto (PDRB) Triwulanan Menurut Pengeluaran Kabupaten Barru; Distribusi Produk Domestik Regional Bruto (PDRB) Triwulanan Menurut Pengeluaran Atas Dasar Harga Berlaku Kabupaten Barru; Produk Domestik Regional Bruto Atas Dasar Harga Berlaku Menurut Lapangan Usaha  di Kabupaten Barru (miliar rupiah), 2015; Produk Domestik Regional Bruto Atas Dasar Harga Berlaku Menurut Lapangan Usaha  di Kabupaten Barru (miliar rupiah), 2018",/2/MjMyIzI=/laju-pertumbuhan-produk-domestik-regional-bruto--pdrb--triwulanan-menurut-lapangan-usaha-kabupaten-barru.html; /2/MjI1IzI=/produk-domestik-regional-bruto--pdrb--triwulanan-menurut-pengeluaran-kabupaten-barru.html; /2/MjMwIzI=/distribusi-produk-domestik-regional-bruto--pdrb--triwulanan-menurut-lapangan-usaha-atas-dasar-harga-berlaku-kabupaten-barru.html; /2/MjM0IzI=/laju-pertumbuhan-produk-domestik-regional-bruto--pdrb--triwulanan-menurut-pengeluaran-kabupaten-barru.html; /2/MjI5IzI=/distribusi-produk-domestik-regional-bruto--pdrb--triwulanan-menurut-pengeluaran-atas-dasar-harga-berlaku-kabupaten-barru.html; /3/UzFSTVVXUlliME5XYzBZNUwwNVFRa3h6Y1d3M1p6MDkjMw==/produk-domestik-regional-bruto-atas-dasar-harga-berlaku-menurut-lapangan-usaha---di-kabupaten-barru--miliar-rupiah---2015.html?year=2015; /3/UzFSTVVXUlliME5XYzBZNUwwNVFRa3h6Y1d3M1p6MDkjMw==/produk-domestik-regional-bruto-atas-dasar-harga-berlaku-menurut-lapangan-usaha---di-kabupaten-barru--miliar-rupiah---2018.html?year=2018,1.0,198.0,Atas Dasar Harga Berlaku
122,2022,Sektor Primer,481.27,Data Tersedia,2025-06-16 07:35:52,Produk Domestik Regional Bruto (PDRB) Triwulanan Menurut Lapangan Usaha Kabupaten Barru,531.0,Neraca Ekonomi,228.0,Milyar Rupiah,MjMyIzI=; MjI1IzI=; MjMwIzI=; MjM0IzI=; MjI5IzI=; UzFSTVVXUlliME5XYzBZNUwwNVFRa3h6Y1d3M1p6MDkjMw==; UzFSTVVXUlliME5XYzBZNUwwNVFRa3h6Y1d3M1p6MDkjMw==,"Laju Pertumbuhan Produk Domestik Regional Bruto (PDRB) Triwulanan Menurut Lapangan Usaha Kabupaten Barru; Produk Domestik Regional Bruto (PDRB) Triwulanan Menurut Pengeluaran Kabupaten Barru; Distribusi Produk Domestik Regional Bruto (PDRB) Triwulanan Menurut Lapangan Usaha Atas Dasar Harga Berlaku Kabupaten Barru; Laju Pertumbuhan Produk Domestik Regional Bruto (PDRB) Triwulanan Menurut Pengeluaran Kabupaten Barru; Distribusi Produk Domestik Regional Bruto (PDRB) Triwulanan Menurut Pengeluaran Atas Dasar Harga Berlaku Kabupaten Barru; Produk Domestik Regional Bruto Atas Dasar Harga Berlaku Menurut Lapangan Usaha  di Kabupaten Barru (miliar rupiah), 2015; Produk Domestik Regional Bruto Atas Dasar Harga Berlaku Menurut Lapangan Usaha  di Kabupaten Barru (miliar rupiah), 2018",/2/MjMyIzI=/laju-pertumbuhan-produk-domestik-regional-bruto--pdrb--triwulanan-menurut-lapangan-usaha-kabupaten-barru.html; /2/MjI1IzI=/produk-domestik-regional-bruto--pdrb--triwulanan-menurut-pengeluaran-kabupaten-barru.html; /2/MjMwIzI=/distribusi-produk-domestik-regional-bruto--pdrb--triwulanan-menurut-lapangan-usaha-atas-dasar-harga-berlaku-kabupaten-barru.html; /2/MjM0IzI=/laju-pertumbuhan-produk-domestik-regional-bruto--pdrb--triwulanan-menurut-pengeluaran-kabupaten-barru.html; /2/MjI5IzI=/distribusi-produk-domestik-regional-bruto--pdrb--triwulanan-menurut-pengeluaran-atas-dasar-harga-berlaku-kabupaten-barru.html; /3/UzFSTVVXUlliME5XYzBZNUwwNVFRa3h6Y1d3M1p6MDkjMw==/produk-domestik-regional-bruto-atas-dasar-harga-berlaku-menurut-lapangan-usaha---di-kabupaten-barru--miliar-rupiah---2015.html?year=2015; /3/UzFSTVVXUlliME5XYzBZNUwwNVFRa3h6Y1d3M1p6MDkjMw==/produk-domestik-regional-bruto-atas-dasar-harga-berlaku-menurut-lapangan-usaha---di-kabupaten-barru--miliar-rupiah---2018.html?year=2018,1.0,199.0,Atas Dasar Harga Konstan
122,2022,Sektor Sekunder,450.69,Data Tersedia,2025-06-16 07:35:52,Produk Domestik Regional Bruto (PDRB) Triwulanan Menurut Lapangan Usaha Kabupaten Barru,531.0,Neraca Ekonomi,228.0,Milyar Rupiah,MjMyIzI=; MjI1IzI=; MjMwIzI=; MjM0IzI=; MjI5IzI=; UzFSTVVXUlliME5XYzBZNUwwNVFRa3h6Y1d3M1p6MDkjMw==; UzFSTVVXUlliME5XYzBZNUwwNVFRa3h6Y1d3M1p6MDkjMw==,"Laju Pertumbuhan Produk Domestik Regional Bruto (PDRB) Triwulanan Menurut Lapangan Usaha Kabupaten Barru; Produk Domestik Regional Bruto (PDRB) Triwulanan Menurut Pengeluaran Kabupaten Barru; Distribusi Produk Domestik Regional Bruto (PDRB) Triwulanan Menurut Lapangan Usaha Atas Dasar Harga Berlaku Kabupaten Barru; Laju Pertumbuhan Produk Domestik Regional Bruto (PDRB) Triwulanan Menurut Pengeluaran Kabupaten Barru; Distribusi Produk Domestik Regional Bruto (PDRB) Triwulanan Menurut Pengeluaran Atas Dasar Harga Berlaku Kabupaten Barru; Produk Domestik Regional Bruto Atas Dasar Harga Berlaku Menurut Lapangan Usaha  di Kabupaten Barru (miliar rupiah), 2015; Produk Domestik Regional Bruto Atas Dasar Harga Berlaku Menurut Lapangan Usaha  di Kabupaten Barru (miliar rupiah), 2018",/2/MjMyIzI=/laju-pertumbuhan-produk-domestik-regional-bruto--pdrb--triwulanan-menurut-lapangan-usaha-kabupaten-barru.html; /2/MjI1IzI=/produk-domestik-regional-bruto--pdrb--triwulanan-menurut-pengeluaran-kabupaten-barru.html; /2/MjMwIzI=/distribusi-produk-domestik-regional-bruto--pdrb--triwulanan-menurut-lapangan-usaha-atas-dasar-harga-berlaku-kabupaten-barru.html; /2/MjM0IzI=/laju-pertumbuhan-produk-domestik-regional-bruto--pdrb--triwulanan-menurut-pengeluaran-kabupaten-barru.html; /2/MjI5IzI=/distribusi-produk-domestik-regional-bruto--pdrb--triwulanan-menurut-pengeluaran-atas-dasar-harga-berlaku-kabupaten-barru.html; /3/UzFSTVVXUlliME5XYzBZNUwwNVFRa3h6Y1d3M1p6MDkjMw==/produk-domestik-regional-bruto-atas-dasar-harga-berlaku-menurut-lapangan-usaha---di-kabupaten-barru--miliar-rupiah---2015.html?year=2015; /3/UzFSTVVXUlliME5XYzBZNUwwNVFRa3h6Y1d3M1p6MDkjMw==/produk-domestik-regional-bruto-atas-dasar-harga-berlaku-menurut-lapangan-usaha---di-kabupaten-barru--miliar-rupiah---2018.html?year=2018,2.0,198.0,Atas Dasar Harga Berlaku
122,2022,Sektor Sekunder,255.52,Data Tersedia,2025-06-16 07:35:52,Produk Domestik Regional Bruto (PDRB) Triwulanan Menurut Lapangan Usaha Kabupaten Barru,531.0,Neraca Ekonomi,228.0,Milyar Rupiah,MjMyIzI=; MjI1IzI=; MjMwIzI=; MjM0IzI=; MjI5IzI=; UzFSTVVXUlliME5XYzBZNUwwNVFRa3h6Y1d3M1p6MDkjMw==; UzFSTVVXUlliME5XYzBZNUwwNVFRa3h6Y1d3M1p6MDkjMw==,"Laju Pertumbuhan Produk Domestik Regional Bruto (PDRB) Triwulanan Menurut Lapangan Usaha Kabupaten Barru; Produk Domestik Regional Bruto (PDRB) Triwulanan Menurut Pengeluaran Kabupaten Barru; Distribusi Produk Domestik Regional Bruto (PDRB) Triwulanan Menurut Lapangan Usaha Atas Dasar Harga Berlaku Kabupaten Barru; Laju Pertumbuhan Produk Domestik Regional Bruto (PDRB) Triwulanan Menurut Pengeluaran Kabupaten Barru; Distribusi Produk Domestik Regional Bruto (PDRB) Triwulanan Menurut Pengeluaran Atas Dasar Harga Berlaku Kabupaten Barru; Produk Domestik Regional Bruto Atas Dasar Harga Berlaku Menurut Lapangan Usaha  di Kabupaten Barru (miliar rupiah), 2015; Produk Domestik Regional Bruto Atas Dasar Harga Berlaku Menurut Lapangan Usaha  di Kabupaten Barru (miliar rupiah), 2018",/2/MjMyIzI=/laju-pertumbuhan-produk-domestik-regional-bruto--pdrb--triwulanan-menurut-lapangan-usaha-kabupaten-barru.html; /2/MjI1IzI=/produk-domestik-regional-bruto--pdrb--triwulanan-menurut-pengeluaran-kabupaten-barru.html; /2/MjMwIzI=/distribusi-produk-domestik-regional-bruto--pdrb--triwulanan-menurut-lapangan-usaha-atas-dasar-harga-berlaku-kabupaten-barru.html; /2/MjM0IzI=/laju-pertumbuhan-produk-domestik-regional-bruto--pdrb--triwulanan-menurut-pengeluaran-kabupaten-barru.html; /2/MjI5IzI=/distribusi-produk-domestik-regional-bruto--pdrb--triwulanan-menurut-pengeluaran-atas-dasar-harga-berlaku-kabupaten-barru.html; /3/UzFSTVVXUlliME5XYzBZNUwwNVFRa3h6Y1d3M1p6MDkjMw==/produk-domestik-regional-bruto-atas-dasar-harga-berlaku-menurut-lapangan-usaha---di-kabupaten-barru--miliar-rupiah---2015.html?year=2015; /3/UzFSTVVXUlliME5XYzBZNUwwNVFRa3h6Y1d3M1p6MDkjMw==/produk-domestik-regional-bruto-atas-dasar-harga-berlaku-menurut-lapangan-usaha---di-kabupaten-barru--miliar-rupiah---2018.html?year=2018,2.0,199.0,Atas Dasar Harga Konstan
122,2022,Sektor Tersier,763.85,Data Tersedia,2025-06-16 07:35:52,Produk Domestik Regional Bruto (PDRB) Triwulanan Menurut Lapangan Usaha Kabupaten Barru,531.0,Neraca Ekonomi,228.0,Milyar Rupiah,MjMyIzI=; MjI1IzI=; MjMwIzI=; MjM0IzI=; MjI5IzI=; UzFSTVVXUlliME5XYzBZNUwwNVFRa3h6Y1d3M1p6MDkjMw==; UzFSTVVXUlliME5XYzBZNUwwNVFRa3h6Y1d3M1p6MDkjMw==,"Laju Pertumbuhan Produk Domestik Regional Bruto (PDRB) Triwulanan Menurut Lapangan Usaha Kabupaten Barru; Produk Domestik Regional Bruto (PDRB) Triwulanan Menurut Pengeluaran Kabupaten Barru; Distribusi Produk Domestik Regional Bruto (PDRB) Triwulanan Menurut Lapangan Usaha Atas Dasar Harga Berlaku Kabupaten Barru; Laju Pertumbuhan Produk Domestik Regional Bruto (PDRB) Triwulanan Menurut Pengeluaran Kabupaten Barru; Distribusi Produk Domestik Regional Bruto (PDRB) Triwulanan Menurut Pengeluaran Atas Dasar Harga Berlaku Kabupaten Barru; Produk Domestik Regional Bruto Atas Dasar Harga Berlaku Menurut Lapangan Usaha  di Kabupaten Barru (miliar rupiah), 2015; Produk Domestik Regional Bruto Atas Dasar Harga Berlaku Menurut Lapangan Usaha  di Kabupaten Barru (miliar rupiah), 2018",/2/MjMyIzI=/laju-pertumbuhan-produk-domestik-regional-bruto--pdrb--triwulanan-menurut-lapangan-usaha-kabupaten-barru.html; /2/MjI1IzI=/produk-domestik-regional-bruto--pdrb--triwulanan-menurut-pengeluaran-kabupaten-barru.html; /2/MjMwIzI=/distribusi-produk-domestik-regional-bruto--pdrb--triwulanan-menurut-lapangan-usaha-atas-dasar-harga-berlaku-kabupaten-barru.html; /2/MjM0IzI=/laju-pertumbuhan-produk-domestik-regional-bruto--pdrb--triwulanan-menurut-pengeluaran-kabupaten-barru.html; /2/MjI5IzI=/distribusi-produk-domestik-regional-bruto--pdrb--triwulanan-menurut-pengeluaran-atas-dasar-harga-berlaku-kabupaten-barru.html; /3/UzFSTVVXUlliME5XYzBZNUwwNVFRa3h6Y1d3M1p6MDkjMw==/produk-domestik-regional-bruto-atas-dasar-harga-berlaku-menurut-lapangan-usaha---di-kabupaten-barru--miliar-rupiah---2015.html?year=2015; /3/UzFSTVVXUlliME5XYzBZNUwwNVFRa3h6Y1d3M1p6MDkjMw==/produk-domestik-regional-bruto-atas-dasar-harga-berlaku-menurut-lapangan-usaha---di-kabupaten-barru--miliar-rupiah---2018.html?year=2018,3.0,198.0,Atas Dasar Harga Berlaku
122,2022,Sektor Tersier,507.98,Data Tersedia,2025-06-16 07:35:52,Produk Domestik Regional Bruto (PDRB) Triwulanan Menurut Lapangan Usaha Kabupaten Barru,531.0,Neraca Ekonomi,228.0,Milyar Rupiah,MjMyIzI=; MjI1IzI=; MjMwIzI=; MjM0IzI=; MjI5IzI=; UzFSTVVXUlliME5XYzBZNUwwNVFRa3h6Y1d3M1p6MDkjMw==; UzFSTVVXUlliME5XYzBZNUwwNVFRa3h6Y1d3M1p6MDkjMw==,"Laju Pertumbuhan Produk Domestik Regional Bruto (PDRB) Triwulanan Menurut Lapangan Usaha Kabupaten Barru; Produk Domestik Regional Bruto (PDRB) Triwulanan Menurut Pengeluaran Kabupaten Barru; Distribusi Produk Domestik Regional Bruto (PDRB) Triwulanan Menurut Lapangan Usaha Atas Dasar Harga Berlaku Kabupaten Barru; Laju Pertumbuhan Produk Domestik Regional Bruto (PDRB) Triwulanan Menurut Pengeluaran Kabupaten Barru; Distribusi Produk Domestik Regional Bruto (PDRB) Triwulanan Menurut Pengeluaran Atas Dasar Harga Berlaku Kabupaten Barru; Produk Domestik Regional Bruto Atas Dasar Harga Berlaku Menurut Lapangan Usaha  di Kabupaten Barru (miliar rupiah), 2015; Produk Domestik Regional Bruto Atas Dasar Harga Berlaku Menurut Lapangan Usaha  di Kabupaten Barru (miliar rupiah), 2018",/2/MjMyIzI=/laju-pertumbuhan-produk-domestik-regional-bruto--pdrb--triwulanan-menurut-lapangan-usaha-kabupaten-barru.html; /2/MjI1IzI=/produk-domestik-regional-bruto--pdrb--triwulanan-menurut-pengeluaran-kabupaten-barru.html; /2/MjMwIzI=/distribusi-produk-domestik-regional-bruto--pdrb--triwulanan-menurut-lapangan-usaha-atas-dasar-harga-berlaku-kabupaten-barru.html; /2/MjM0IzI=/laju-pertumbuhan-produk-domestik-regional-bruto--pdrb--triwulanan-menurut-pengeluaran-kabupaten-barru.html; /2/MjI5IzI=/distribusi-produk-domestik-regional-bruto--pdrb--triwulanan-menurut-pengeluaran-atas-dasar-harga-berlaku-kabupaten-barru.html; /3/UzFSTVVXUlliME5XYzBZNUwwNVFRa3h6Y1d3M1p6MDkjMw==/produk-domestik-regional-bruto-atas-dasar-harga-berlaku-menurut-lapangan-usaha---di-kabupaten-barru--miliar-rupiah---2015.html?year=2015; /3/UzFSTVVXUlliME5XYzBZNUwwNVFRa3h6Y1d3M1p6MDkjMw==/produk-domestik-regional-bruto-atas-dasar-harga-berlaku-menurut-lapangan-usaha---di-kabupaten-barru--miliar-rupiah---2018.html?year=2018,3.0,199.0,Atas Dasar Harga Konstan
122,2022,Produk Domestik Regional Bruto,2032.44,Data Tersedia,2025-06-16 07:35:52,Produk Domestik Regional Bruto (PDRB) Triwulanan Menurut Lapangan Usaha Kabupaten Barru,531.0,Neraca Ekonomi,228.0,Milyar Rupiah,MjMyIzI=; MjI1IzI=; MjMwIzI=; MjM0IzI=; MjI5IzI=; UzFSTVVXUlliME5XYzBZNUwwNVFRa3h6Y1d3M1p6MDkjMw==; UzFSTVVXUlliME5XYzBZNUwwNVFRa3h6Y1d3M1p6MDkjMw==,"Laju Pertumbuhan Produk Domestik Regional Bruto (PDRB) Triwulanan Menurut Lapangan Usaha Kabupaten Barru; Produk Domestik Regional Bruto (PDRB) Triwulanan Menurut Pengeluaran Kabupaten Barru; Distribusi Produk Domestik Regional Bruto (PDRB) Triwulanan Menurut Lapangan Usaha Atas Dasar Harga Berlaku Kabupaten Barru; Laju Pertumbuhan Produk Domestik Regional Bruto (PDRB) Triwulanan Menurut Pengeluaran Kabupaten Barru; Distribusi Produk Domestik Regional Bruto (PDRB) Triwulanan Menurut Pengeluaran Atas Dasar Harga Berlaku Kabupaten Barru; Produk Domestik Regional Bruto Atas Dasar Harga Berlaku Menurut Lapangan Usaha  di Kabupaten Barru (miliar rupiah), 2015; Produk Domestik Regional Bruto Atas Dasar Harga Berlaku Menurut Lapangan Usaha  di Kabupaten Barru (miliar rupiah), 2018",/2/MjMyIzI=/laju-pertumbuhan-produk-domestik-regional-bruto--pdrb--triwulanan-menurut-lapangan-usaha-kabupaten-barru.html; /2/MjI1IzI=/produk-domestik-regional-bruto--pdrb--triwulanan-menurut-pengeluaran-kabupaten-barru.html; /2/MjMwIzI=/distribusi-produk-domestik-regional-bruto--pdrb--triwulanan-menurut-lapangan-usaha-atas-dasar-harga-berlaku-kabupaten-barru.html; /2/MjM0IzI=/laju-pertumbuhan-produk-domestik-regional-bruto--pdrb--triwulanan-menurut-pengeluaran-kabupaten-barru.html; /2/MjI5IzI=/distribusi-produk-domestik-regional-bruto--pdrb--triwulanan-menurut-pengeluaran-atas-dasar-harga-berlaku-kabupaten-barru.html; /3/UzFSTVVXUlliME5XYzBZNUwwNVFRa3h6Y1d3M1p6MDkjMw==/produk-domestik-regional-bruto-atas-dasar-harga-berlaku-menurut-lapangan-usaha---di-kabupaten-barru--miliar-rupiah---2015.html?year=2015; /3/UzFSTVVXUlliME5XYzBZNUwwNVFRa3h6Y1d3M1p6MDkjMw==/produk-domestik-regional-bruto-atas-dasar-harga-berlaku-menurut-lapangan-usaha---di-kabupaten-barru--miliar-rupiah---2018.html?year=2018,4.0,198.0,Atas Dasar Harga Berlaku
122,2022,Produk Domestik Regional Bruto,1244.77,Data Tersedia,2025-06-16 07:35:52,Produk Domestik Regional Bruto (PDRB) Triwulanan Menurut Lapangan Usaha Kabupaten Barru,531.0,Neraca Ekonomi,228.0,Milyar Rupiah,MjMyIzI=; MjI1IzI=; MjMwIzI=; MjM0IzI=; MjI5IzI=; UzFSTVVXUlliME5XYzBZNUwwNVFRa3h6Y1d3M1p6MDkjMw==; UzFSTVVXUlliME5XYzBZNUwwNVFRa3h6Y1d3M1p6MDkjMw==,"Laju Pertumbuhan Produk Domestik Regional Bruto (PDRB) Triwulanan Menurut Lapangan Usaha Kabupaten Barru; Produk Domestik Regional Bruto (PDRB) Triwulanan Menurut Pengeluaran Kabupaten Barru; Distribusi Produk Domestik Regional Bruto (PDRB) Triwulanan Menurut Lapangan Usaha Atas Dasar Harga Berlaku Kabupaten Barru; Laju Pertumbuhan Produk Domestik Regional Bruto (PDRB) Triwulanan Menurut Pengeluaran Kabupaten Barru; Distribusi Produk Domestik Regional Bruto (PDRB) Triwulanan Menurut Pengeluaran Atas Dasar Harga Berlaku Kabupaten Barru; Produk Domestik Regional Bruto Atas Dasar Harga Berlaku Menurut Lapangan Usaha  di Kabupaten Barru (miliar rupiah), 2015; Produk Domestik Regional Bruto Atas Dasar Harga Berlaku Menurut Lapangan Usaha  di Kabupaten Barru (miliar rupiah), 2018",/2/MjMyIzI=/laju-pertumbuhan-produk-domestik-regional-bruto--pdrb--triwulanan-menurut-lapangan-usaha-kabupaten-barru.html; /2/MjI1IzI=/produk-domestik-regional-bruto--pdrb--triwulanan-menurut-pengeluaran-kabupaten-barru.html; /2/MjMwIzI=/distribusi-produk-domestik-regional-bruto--pdrb--triwulanan-menurut-lapangan-usaha-atas-dasar-harga-berlaku-kabupaten-barru.html; /2/MjM0IzI=/laju-pertumbuhan-produk-domestik-regional-bruto--pdrb--triwulanan-menurut-pengeluaran-kabupaten-barru.html; /2/MjI5IzI=/distribusi-produk-domestik-regional-bruto--pdrb--triwulanan-menurut-pengeluaran-atas-dasar-harga-berlaku-kabupaten-barru.html; /3/UzFSTVVXUlliME5XYzBZNUwwNVFRa3h6Y1d3M1p6MDkjMw==/produk-domestik-regional-bruto-atas-dasar-harga-berlaku-menurut-lapangan-usaha---di-kabupaten-barru--miliar-rupiah---2015.html?year=2015; /3/UzFSTVVXUlliME5XYzBZNUwwNVFRa3h6Y1d3M1p6MDkjMw==/produk-domestik-regional-bruto-atas-dasar-harga-berlaku-menurut-lapangan-usaha---di-kabupaten-barru--miliar-rupiah---2018.html?year=2018,4.0,199.0,Atas Dasar Harga Konstan
123,2023,Sektor Primer,869.28,Data Tersedia,2025-06-16 07:35:52,Produk Domestik Regional Bruto (PDRB) Triwulanan Menurut Lapangan Usaha Kabupaten Barru,531.0,Neraca Ekonomi,228.0,Milyar Rupiah,MjMyIzI=; MjI1IzI=; MjMwIzI=; MjM0IzI=; MjI5IzI=; UzFSTVVXUlliME5XYzBZNUwwNVFRa3h6Y1d3M1p6MDkjMw==; UzFSTVVXUlliME5XYzBZNUwwNVFRa3h6Y1d3M1p6MDkjMw==,"Laju Pertumbuhan Produk Domestik Regional Bruto (PDRB) Triwulanan Menurut Lapangan Usaha Kabupaten Barru; Produk Domestik Regional Bruto (PDRB) Triwulanan Menurut Pengeluaran Kabupaten Barru; Distribusi Produk Domestik Regional Bruto (PDRB) Triwulanan Menurut Lapangan Usaha Atas Dasar Harga Berlaku Kabupaten Barru; Laju Pertumbuhan Produk Domestik Regional Bruto (PDRB) Triwulanan Menurut Pengeluaran Kabupaten Barru; Distribusi Produk Domestik Regional Bruto (PDRB) Triwulanan Menurut Pengeluaran Atas Dasar Harga Berlaku Kabupaten Barru; Produk Domestik Regional Bruto Atas Dasar Harga Berlaku Menurut Lapangan Usaha  di Kabupaten Barru (miliar rupiah), 2015; Produk Domestik Regional Bruto Atas Dasar Harga Berlaku Menurut Lapangan Usaha  di Kabupaten Barru (miliar rupiah), 2018",/2/MjMyIzI=/laju-pertumbuhan-produk-domestik-regional-bruto--pdrb--triwulanan-menurut-lapangan-usaha-kabupaten-barru.html; /2/MjI1IzI=/produk-domestik-regional-bruto--pdrb--triwulanan-menurut-pengeluaran-kabupaten-barru.html; /2/MjMwIzI=/distribusi-produk-domestik-regional-bruto--pdrb--triwulanan-menurut-lapangan-usaha-atas-dasar-harga-berlaku-kabupaten-barru.html; /2/MjM0IzI=/laju-pertumbuhan-produk-domestik-regional-bruto--pdrb--triwulanan-menurut-pengeluaran-kabupaten-barru.html; /2/MjI5IzI=/distribusi-produk-domestik-regional-bruto--pdrb--triwulanan-menurut-pengeluaran-atas-dasar-harga-berlaku-kabupaten-barru.html; /3/UzFSTVVXUlliME5XYzBZNUwwNVFRa3h6Y1d3M1p6MDkjMw==/produk-domestik-regional-bruto-atas-dasar-harga-berlaku-menurut-lapangan-usaha---di-kabupaten-barru--miliar-rupiah---2015.html?year=2015; /3/UzFSTVVXUlliME5XYzBZNUwwNVFRa3h6Y1d3M1p6MDkjMw==/produk-domestik-regional-bruto-atas-dasar-harga-berlaku-menurut-lapangan-usaha---di-kabupaten-barru--miliar-rupiah---2018.html?year=2018,1.0,198.0,Atas Dasar Harga Berlaku
123,2023,Sektor Primer,510.26,Data Tersedia,2025-06-16 07:35:52,Produk Domestik Regional Bruto (PDRB) Triwulanan Menurut Lapangan Usaha Kabupaten Barru,531.0,Neraca Ekonomi,228.0,Milyar Rupiah,MjMyIzI=; MjI1IzI=; MjMwIzI=; MjM0IzI=; MjI5IzI=; UzFSTVVXUlliME5XYzBZNUwwNVFRa3h6Y1d3M1p6MDkjMw==; UzFSTVVXUlliME5XYzBZNUwwNVFRa3h6Y1d3M1p6MDkjMw==,"Laju Pertumbuhan Produk Domestik Regional Bruto (PDRB) Triwulanan Menurut Lapangan Usaha Kabupaten Barru; Produk Domestik Regional Bruto (PDRB) Triwulanan Menurut Pengeluaran Kabupaten Barru; Distribusi Produk Domestik Regional Bruto (PDRB) Triwulanan Menurut Lapangan Usaha Atas Dasar Harga Berlaku Kabupaten Barru; Laju Pertumbuhan Produk Domestik Regional Bruto (PDRB) Triwulanan Menurut Pengeluaran Kabupaten Barru; Distribusi Produk Domestik Regional Bruto (PDRB) Triwulanan Menurut Pengeluaran Atas Dasar Harga Berlaku Kabupaten Barru; Produk Domestik Regional Bruto Atas Dasar Harga Berlaku Menurut Lapangan Usaha  di Kabupaten Barru (miliar rupiah), 2015; Produk Domestik Regional Bruto Atas Dasar Harga Berlaku Menurut Lapangan Usaha  di Kabupaten Barru (miliar rupiah), 2018",/2/MjMyIzI=/laju-pertumbuhan-produk-domestik-regional-bruto--pdrb--triwulanan-menurut-lapangan-usaha-kabupaten-barru.html; /2/MjI1IzI=/produk-domestik-regional-bruto--pdrb--triwulanan-menurut-pengeluaran-kabupaten-barru.html; /2/MjMwIzI=/distribusi-produk-domestik-regional-bruto--pdrb--triwulanan-menurut-lapangan-usaha-atas-dasar-harga-berlaku-kabupaten-barru.html; /2/MjM0IzI=/laju-pertumbuhan-produk-domestik-regional-bruto--pdrb--triwulanan-menurut-pengeluaran-kabupaten-barru.html; /2/MjI5IzI=/distribusi-produk-domestik-regional-bruto--pdrb--triwulanan-menurut-pengeluaran-atas-dasar-harga-berlaku-kabupaten-barru.html; /3/UzFSTVVXUlliME5XYzBZNUwwNVFRa3h6Y1d3M1p6MDkjMw==/produk-domestik-regional-bruto-atas-dasar-harga-berlaku-menurut-lapangan-usaha---di-kabupaten-barru--miliar-rupiah---2015.html?year=2015; /3/UzFSTVVXUlliME5XYzBZNUwwNVFRa3h6Y1d3M1p6MDkjMw==/produk-domestik-regional-bruto-atas-dasar-harga-berlaku-menurut-lapangan-usaha---di-kabupaten-barru--miliar-rupiah---2018.html?year=2018,1.0,199.0,Atas Dasar Harga Konstan
123,2023,Sektor Sekunder,529.38,Data Tersedia,2025-06-16 07:35:52,Produk Domestik Regional Bruto (PDRB) Triwulanan Menurut Lapangan Usaha Kabupaten Barru,531.0,Neraca Ekonomi,228.0,Milyar Rupiah,MjMyIzI=; MjI1IzI=; MjMwIzI=; MjM0IzI=; MjI5IzI=; UzFSTVVXUlliME5XYzBZNUwwNVFRa3h6Y1d3M1p6MDkjMw==; UzFSTVVXUlliME5XYzBZNUwwNVFRa3h6Y1d3M1p6MDkjMw==,"Laju Pertumbuhan Produk Domestik Regional Bruto (PDRB) Triwulanan Menurut Lapangan Usaha Kabupaten Barru; Produk Domestik Regional Bruto (PDRB) Triwulanan Menurut Pengeluaran Kabupaten Barru; Distribusi Produk Domestik Regional Bruto (PDRB) Triwulanan Menurut Lapangan Usaha Atas Dasar Harga Berlaku Kabupaten Barru; Laju Pertumbuhan Produk Domestik Regional Bruto (PDRB) Triwulanan Menurut Pengeluaran Kabupaten Barru; Distribusi Produk Domestik Regional Bruto (PDRB) Triwulanan Menurut Pengeluaran Atas Dasar Harga Berlaku Kabupaten Barru; Produk Domestik Regional Bruto Atas Dasar Harga Berlaku Menurut Lapangan Usaha  di Kabupaten Barru (miliar rupiah), 2015; Produk Domestik Regional Bruto Atas Dasar Harga Berlaku Menurut Lapangan Usaha  di Kabupaten Barru (miliar rupiah), 2018",/2/MjMyIzI=/laju-pertumbuhan-produk-domestik-regional-bruto--pdrb--triwulanan-menurut-lapangan-usaha-kabupaten-barru.html; /2/MjI1IzI=/produk-domestik-regional-bruto--pdrb--triwulanan-menurut-pengeluaran-kabupaten-barru.html; /2/MjMwIzI=/distribusi-produk-domestik-regional-bruto--pdrb--triwulanan-menurut-lapangan-usaha-atas-dasar-harga-berlaku-kabupaten-barru.html; /2/MjM0IzI=/laju-pertumbuhan-produk-domestik-regional-bruto--pdrb--triwulanan-menurut-pengeluaran-kabupaten-barru.html; /2/MjI5IzI=/distribusi-produk-domestik-regional-bruto--pdrb--triwulanan-menurut-pengeluaran-atas-dasar-harga-berlaku-kabupaten-barru.html; /3/UzFSTVVXUlliME5XYzBZNUwwNVFRa3h6Y1d3M1p6MDkjMw==/produk-domestik-regional-bruto-atas-dasar-harga-berlaku-menurut-lapangan-usaha---di-kabupaten-barru--miliar-rupiah---2015.html?year=2015; /3/UzFSTVVXUlliME5XYzBZNUwwNVFRa3h6Y1d3M1p6MDkjMw==/produk-domestik-regional-bruto-atas-dasar-harga-berlaku-menurut-lapangan-usaha---di-kabupaten-barru--miliar-rupiah---2018.html?year=2018,2.0,198.0,Atas Dasar Harga Berlaku
123,2023,Sektor Sekunder,268.72,Data Tersedia,2025-06-16 07:35:52,Produk Domestik Regional Bruto (PDRB) Triwulanan Menurut Lapangan Usaha Kabupaten Barru,531.0,Neraca Ekonomi,228.0,Milyar Rupiah,MjMyIzI=; MjI1IzI=; MjMwIzI=; MjM0IzI=; MjI5IzI=; UzFSTVVXUlliME5XYzBZNUwwNVFRa3h6Y1d3M1p6MDkjMw==; UzFSTVVXUlliME5XYzBZNUwwNVFRa3h6Y1d3M1p6MDkjMw==,"Laju Pertumbuhan Produk Domestik Regional Bruto (PDRB) Triwulanan Menurut Lapangan Usaha Kabupaten Barru; Produk Domestik Regional Bruto (PDRB) Triwulanan Menurut Pengeluaran Kabupaten Barru; Distribusi Produk Domestik Regional Bruto (PDRB) Triwulanan Menurut Lapangan Usaha Atas Dasar Harga Berlaku Kabupaten Barru; Laju Pertumbuhan Produk Domestik Regional Bruto (PDRB) Triwulanan Menurut Pengeluaran Kabupaten Barru; Distribusi Produk Domestik Regional Bruto (PDRB) Triwulanan Menurut Pengeluaran Atas Dasar Harga Berlaku Kabupaten Barru; Produk Domestik Regional Bruto Atas Dasar Harga Berlaku Menurut Lapangan Usaha  di Kabupaten Barru (miliar rupiah), 2015; Produk Domestik Regional Bruto Atas Dasar Harga Berlaku Menurut Lapangan Usaha  di Kabupaten Barru (miliar rupiah), 2018",/2/MjMyIzI=/laju-pertumbuhan-produk-domestik-regional-bruto--pdrb--triwulanan-menurut-lapangan-usaha-kabupaten-barru.html; /2/MjI1IzI=/produk-domestik-regional-bruto--pdrb--triwulanan-menurut-pengeluaran-kabupaten-barru.html; /2/MjMwIzI=/distribusi-produk-domestik-regional-bruto--pdrb--triwulanan-menurut-lapangan-usaha-atas-dasar-harga-berlaku-kabupaten-barru.html; /2/MjM0IzI=/laju-pertumbuhan-produk-domestik-regional-bruto--pdrb--triwulanan-menurut-pengeluaran-kabupaten-barru.html; /2/MjI5IzI=/distribusi-produk-domestik-regional-bruto--pdrb--triwulanan-menurut-pengeluaran-atas-dasar-harga-berlaku-kabupaten-barru.html; /3/UzFSTVVXUlliME5XYzBZNUwwNVFRa3h6Y1d3M1p6MDkjMw==/produk-domestik-regional-bruto-atas-dasar-harga-berlaku-menurut-lapangan-usaha---di-kabupaten-barru--miliar-rupiah---2015.html?year=2015; /3/UzFSTVVXUlliME5XYzBZNUwwNVFRa3h6Y1d3M1p6MDkjMw==/produk-domestik-regional-bruto-atas-dasar-harga-berlaku-menurut-lapangan-usaha---di-kabupaten-barru--miliar-rupiah---2018.html?year=2018,2.0,199.0,Atas Dasar Harga Konstan
123,2023,Sektor Tersier,833.3,Data Tersedia,2025-06-16 07:35:52,Produk Domestik Regional Bruto (PDRB) Triwulanan Menurut Lapangan Usaha Kabupaten Barru,531.0,Neraca Ekonomi,228.0,Milyar Rupiah,MjMyIzI=; MjI1IzI=; MjMwIzI=; MjM0IzI=; MjI5IzI=; UzFSTVVXUlliME5XYzBZNUwwNVFRa3h6Y1d3M1p6MDkjMw==; UzFSTVVXUlliME5XYzBZNUwwNVFRa3h6Y1d3M1p6MDkjMw==,"Laju Pertumbuhan Produk Domestik Regional Bruto (PDRB) Triwulanan Menurut Lapangan Usaha Kabupaten Barru; Produk Domestik Regional Bruto (PDRB) Triwulanan Menurut Pengeluaran Kabupaten Barru; Distribusi Produk Domestik Regional Bruto (PDRB) Triwulanan Menurut Lapangan Usaha Atas Dasar Harga Berlaku Kabupaten Barru; Laju Pertumbuhan Produk Domestik Regional Bruto (PDRB) Triwulanan Menurut Pengeluaran Kabupaten Barru; Distribusi Produk Domestik Regional Bruto (PDRB) Triwulanan Menurut Pengeluaran Atas Dasar Harga Berlaku Kabupaten Barru; Produk Domestik Regional Bruto Atas Dasar Harga Berlaku Menurut Lapangan Usaha  di Kabupaten Barru (miliar rupiah), 2015; Produk Domestik Regional Bruto Atas Dasar Harga Berlaku Menurut Lapangan Usaha  di Kabupaten Barru (miliar rupiah), 2018",/2/MjMyIzI=/laju-pertumbuhan-produk-domestik-regional-bruto--pdrb--triwulanan-menurut-lapangan-usaha-kabupaten-barru.html; /2/MjI1IzI=/produk-domestik-regional-bruto--pdrb--triwulanan-menurut-pengeluaran-kabupaten-barru.html; /2/MjMwIzI=/distribusi-produk-domestik-regional-bruto--pdrb--triwulanan-menurut-lapangan-usaha-atas-dasar-harga-berlaku-kabupaten-barru.html; /2/MjM0IzI=/laju-pertumbuhan-produk-domestik-regional-bruto--pdrb--triwulanan-menurut-pengeluaran-kabupaten-barru.html; /2/MjI5IzI=/distribusi-produk-domestik-regional-bruto--pdrb--triwulanan-menurut-pengeluaran-atas-dasar-harga-berlaku-kabupaten-barru.html; /3/UzFSTVVXUlliME5XYzBZNUwwNVFRa3h6Y1d3M1p6MDkjMw==/produk-domestik-regional-bruto-atas-dasar-harga-berlaku-menurut-lapangan-usaha---di-kabupaten-barru--miliar-rupiah---2015.html?year=2015; /3/UzFSTVVXUlliME5XYzBZNUwwNVFRa3h6Y1d3M1p6MDkjMw==/produk-domestik-regional-bruto-atas-dasar-harga-berlaku-menurut-lapangan-usaha---di-kabupaten-barru--miliar-rupiah---2018.html?year=2018,3.0,198.0,Atas Dasar Harga Berlaku
123,2023,Sektor Tersier,535.88,Data Tersedia,2025-06-16 07:35:52,Produk Domestik Regional Bruto (PDRB) Triwulanan Menurut Lapangan Usaha Kabupaten Barru,531.0,Neraca Ekonomi,228.0,Milyar Rupiah,MjMyIzI=; MjI1IzI=; MjMwIzI=; MjM0IzI=; MjI5IzI=; UzFSTVVXUlliME5XYzBZNUwwNVFRa3h6Y1d3M1p6MDkjMw==; UzFSTVVXUlliME5XYzBZNUwwNVFRa3h6Y1d3M1p6MDkjMw==,"Laju Pertumbuhan Produk Domestik Regional Bruto (PDRB) Triwulanan Menurut Lapangan Usaha Kabupaten Barru; Produk Domestik Regional Bruto (PDRB) Triwulanan Menurut Pengeluaran Kabupaten Barru; Distribusi Produk Domestik Regional Bruto (PDRB) Triwulanan Menurut Lapangan Usaha Atas Dasar Harga Berlaku Kabupaten Barru; Laju Pertumbuhan Produk Domestik Regional Bruto (PDRB) Triwulanan Menurut Pengeluaran Kabupaten Barru; Distribusi Produk Domestik Regional Bruto (PDRB) Triwulanan Menurut Pengeluaran Atas Dasar Harga Berlaku Kabupaten Barru; Produk Domestik Regional Bruto Atas Dasar Harga Berlaku Menurut Lapangan Usaha  di Kabupaten Barru (miliar rupiah), 2015; Produk Domestik Regional Bruto Atas Dasar Harga Berlaku Menurut Lapangan Usaha  di Kabupaten Barru (miliar rupiah), 2018",/2/MjMyIzI=/laju-pertumbuhan-produk-domestik-regional-bruto--pdrb--triwulanan-menurut-lapangan-usaha-kabupaten-barru.html; /2/MjI1IzI=/produk-domestik-regional-bruto--pdrb--triwulanan-menurut-pengeluaran-kabupaten-barru.html; /2/MjMwIzI=/distribusi-produk-domestik-regional-bruto--pdrb--triwulanan-menurut-lapangan-usaha-atas-dasar-harga-berlaku-kabupaten-barru.html; /2/MjM0IzI=/laju-pertumbuhan-produk-domestik-regional-bruto--pdrb--triwulanan-menurut-pengeluaran-kabupaten-barru.html; /2/MjI5IzI=/distribusi-produk-domestik-regional-bruto--pdrb--triwulanan-menurut-pengeluaran-atas-dasar-harga-berlaku-kabupaten-barru.html; /3/UzFSTVVXUlliME5XYzBZNUwwNVFRa3h6Y1d3M1p6MDkjMw==/produk-domestik-regional-bruto-atas-dasar-harga-berlaku-menurut-lapangan-usaha---di-kabupaten-barru--miliar-rupiah---2015.html?year=2015; /3/UzFSTVVXUlliME5XYzBZNUwwNVFRa3h6Y1d3M1p6MDkjMw==/produk-domestik-regional-bruto-atas-dasar-harga-berlaku-menurut-lapangan-usaha---di-kabupaten-barru--miliar-rupiah---2018.html?year=2018,3.0,199.0,Atas Dasar Harga Konstan
123,2023,Produk Domestik Regional Bruto,2231.96,Data Tersedia,2025-06-16 07:35:52,Produk Domestik Regional Bruto (PDRB) Triwulanan Menurut Lapangan Usaha Kabupaten Barru,531.0,Neraca Ekonomi,228.0,Milyar Rupiah,MjMyIzI=; MjI1IzI=; MjMwIzI=; MjM0IzI=; MjI5IzI=; UzFSTVVXUlliME5XYzBZNUwwNVFRa3h6Y1d3M1p6MDkjMw==; UzFSTVVXUlliME5XYzBZNUwwNVFRa3h6Y1d3M1p6MDkjMw==,"Laju Pertumbuhan Produk Domestik Regional Bruto (PDRB) Triwulanan Menurut Lapangan Usaha Kabupaten Barru; Produk Domestik Regional Bruto (PDRB) Triwulanan Menurut Pengeluaran Kabupaten Barru; Distribusi Produk Domestik Regional Bruto (PDRB) Triwulanan Menurut Lapangan Usaha Atas Dasar Harga Berlaku Kabupaten Barru; Laju Pertumbuhan Produk Domestik Regional Bruto (PDRB) Triwulanan Menurut Pengeluaran Kabupaten Barru; Distribusi Produk Domestik Regional Bruto (PDRB) Triwulanan Menurut Pengeluaran Atas Dasar Harga Berlaku Kabupaten Barru; Produk Domestik Regional Bruto Atas Dasar Harga Berlaku Menurut Lapangan Usaha  di Kabupaten Barru (miliar rupiah), 2015; Produk Domestik Regional Bruto Atas Dasar Harga Berlaku Menurut Lapangan Usaha  di Kabupaten Barru (miliar rupiah), 2018",/2/MjMyIzI=/laju-pertumbuhan-produk-domestik-regional-bruto--pdrb--triwulanan-menurut-lapangan-usaha-kabupaten-barru.html; /2/MjI1IzI=/produk-domestik-regional-bruto--pdrb--triwulanan-menurut-pengeluaran-kabupaten-barru.html; /2/MjMwIzI=/distribusi-produk-domestik-regional-bruto--pdrb--triwulanan-menurut-lapangan-usaha-atas-dasar-harga-berlaku-kabupaten-barru.html; /2/MjM0IzI=/laju-pertumbuhan-produk-domestik-regional-bruto--pdrb--triwulanan-menurut-pengeluaran-kabupaten-barru.html; /2/MjI5IzI=/distribusi-produk-domestik-regional-bruto--pdrb--triwulanan-menurut-pengeluaran-atas-dasar-harga-berlaku-kabupaten-barru.html; /3/UzFSTVVXUlliME5XYzBZNUwwNVFRa3h6Y1d3M1p6MDkjMw==/produk-domestik-regional-bruto-atas-dasar-harga-berlaku-menurut-lapangan-usaha---di-kabupaten-barru--miliar-rupiah---2015.html?year=2015; /3/UzFSTVVXUlliME5XYzBZNUwwNVFRa3h6Y1d3M1p6MDkjMw==/produk-domestik-regional-bruto-atas-dasar-harga-berlaku-menurut-lapangan-usaha---di-kabupaten-barru--miliar-rupiah---2018.html?year=2018,4.0,198.0,Atas Dasar Harga Berlaku
123,2023,Produk Domestik Regional Bruto,1314.85,Data Tersedia,2025-06-16 07:35:52,Produk Domestik Regional Bruto (PDRB) Triwulanan Menurut Lapangan Usaha Kabupaten Barru,531.0,Neraca Ekonomi,228.0,Milyar Rupiah,MjMyIzI=; MjI1IzI=; MjMwIzI=; MjM0IzI=; MjI5IzI=; UzFSTVVXUlliME5XYzBZNUwwNVFRa3h6Y1d3M1p6MDkjMw==; UzFSTVVXUlliME5XYzBZNUwwNVFRa3h6Y1d3M1p6MDkjMw==,"Laju Pertumbuhan Produk Domestik Regional Bruto (PDRB) Triwulanan Menurut Lapangan Usaha Kabupaten Barru; Produk Domestik Regional Bruto (PDRB) Triwulanan Menurut Pengeluaran Kabupaten Barru; Distribusi Produk Domestik Regional Bruto (PDRB) Triwulanan Menurut Lapangan Usaha Atas Dasar Harga Berlaku Kabupaten Barru; Laju Pertumbuhan Produk Domestik Regional Bruto (PDRB) Triwulanan Menurut Pengeluaran Kabupaten Barru; Distribusi Produk Domestik Regional Bruto (PDRB) Triwulanan Menurut Pengeluaran Atas Dasar Harga Berlaku Kabupaten Barru; Produk Domestik Regional Bruto Atas Dasar Harga Berlaku Menurut Lapangan Usaha  di Kabupaten Barru (miliar rupiah), 2015; Produk Domestik Regional Bruto Atas Dasar Harga Berlaku Menurut Lapangan Usaha  di Kabupaten Barru (miliar rupiah), 2018",/2/MjMyIzI=/laju-pertumbuhan-produk-domestik-regional-bruto--pdrb--triwulanan-menurut-lapangan-usaha-kabupaten-barru.html; /2/MjI1IzI=/produk-domestik-regional-bruto--pdrb--triwulanan-menurut-pengeluaran-kabupaten-barru.html; /2/MjMwIzI=/distribusi-produk-domestik-regional-bruto--pdrb--triwulanan-menurut-lapangan-usaha-atas-dasar-harga-berlaku-kabupaten-barru.html; /2/MjM0IzI=/laju-pertumbuhan-produk-domestik-regional-bruto--pdrb--triwulanan-menurut-pengeluaran-kabupaten-barru.html; /2/MjI5IzI=/distribusi-produk-domestik-regional-bruto--pdrb--triwulanan-menurut-pengeluaran-atas-dasar-harga-berlaku-kabupaten-barru.html; /3/UzFSTVVXUlliME5XYzBZNUwwNVFRa3h6Y1d3M1p6MDkjMw==/produk-domestik-regional-bruto-atas-dasar-harga-berlaku-menurut-lapangan-usaha---di-kabupaten-barru--miliar-rupiah---2015.html?year=2015; /3/UzFSTVVXUlliME5XYzBZNUwwNVFRa3h6Y1d3M1p6MDkjMw==/produk-domestik-regional-bruto-atas-dasar-harga-berlaku-menurut-lapangan-usaha---di-kabupaten-barru--miliar-rupiah---2018.html?year=2018,4.0,199.0,Atas Dasar Harga Konstan
124,2024,Sektor Primer,782.81,Data Tersedia,2025-06-16 07:35:52,Produk Domestik Regional Bruto (PDRB) Triwulanan Menurut Lapangan Usaha Kabupaten Barru,531.0,Neraca Ekonomi,228.0,Milyar Rupiah,MjMyIzI=; MjI1IzI=; MjMwIzI=; MjM0IzI=; MjI5IzI=; UzFSTVVXUlliME5XYzBZNUwwNVFRa3h6Y1d3M1p6MDkjMw==; UzFSTVVXUlliME5XYzBZNUwwNVFRa3h6Y1d3M1p6MDkjMw==,"Laju Pertumbuhan Produk Domestik Regional Bruto (PDRB) Triwulanan Menurut Lapangan Usaha Kabupaten Barru; Produk Domestik Regional Bruto (PDRB) Triwulanan Menurut Pengeluaran Kabupaten Barru; Distribusi Produk Domestik Regional Bruto (PDRB) Triwulanan Menurut Lapangan Usaha Atas Dasar Harga Berlaku Kabupaten Barru; Laju Pertumbuhan Produk Domestik Regional Bruto (PDRB) Triwulanan Menurut Pengeluaran Kabupaten Barru; Distribusi Produk Domestik Regional Bruto (PDRB) Triwulanan Menurut Pengeluaran Atas Dasar Harga Berlaku Kabupaten Barru; Produk Domestik Regional Bruto Atas Dasar Harga Berlaku Menurut Lapangan Usaha  di Kabupaten Barru (miliar rupiah), 2018; Produk Domestik Regional Bruto Atas Dasar Harga Berlaku Menurut Lapangan Usaha  di Kabupaten Barru (miliar rupiah), 2021",/2/MjMyIzI=/laju-pertumbuhan-produk-domestik-regional-bruto--pdrb--triwulanan-menurut-lapangan-usaha-kabupaten-barru.html; /2/MjI1IzI=/produk-domestik-regional-bruto--pdrb--triwulanan-menurut-pengeluaran-kabupaten-barru.html; /2/MjMwIzI=/distribusi-produk-domestik-regional-bruto--pdrb--triwulanan-menurut-lapangan-usaha-atas-dasar-harga-berlaku-kabupaten-barru.html; /2/MjM0IzI=/laju-pertumbuhan-produk-domestik-regional-bruto--pdrb--triwulanan-menurut-pengeluaran-kabupaten-barru.html; /2/MjI5IzI=/distribusi-produk-domestik-regional-bruto--pdrb--triwulanan-menurut-pengeluaran-atas-dasar-harga-berlaku-kabupaten-barru.html; /3/UzFSTVVXUlliME5XYzBZNUwwNVFRa3h6Y1d3M1p6MDkjMw==/produk-domestik-regional-bruto-atas-dasar-harga-berlaku-menurut-lapangan-usaha---di-kabupaten-barru--miliar-rupiah---2018.html?year=2018; /3/UzFSTVVXUlliME5XYzBZNUwwNVFRa3h6Y1d3M1p6MDkjMw==/produk-domestik-regional-bruto-atas-dasar-harga-berlaku-menurut-lapangan-usaha---di-kabupaten-barru--miliar-rupiah---2021.html?year=2021,1.0,198.0,Atas Dasar Harga Berlaku
124,2024,Sektor Primer,489.66,Data Tersedia,2025-06-16 07:35:52,Produk Domestik Regional Bruto (PDRB) Triwulanan Menurut Lapangan Usaha Kabupaten Barru,531.0,Neraca Ekonomi,228.0,Milyar Rupiah,MjMyIzI=; MjI1IzI=; MjMwIzI=; MjM0IzI=; MjI5IzI=; UzFSTVVXUlliME5XYzBZNUwwNVFRa3h6Y1d3M1p6MDkjMw==; UzFSTVVXUlliME5XYzBZNUwwNVFRa3h6Y1d3M1p6MDkjMw==,"Laju Pertumbuhan Produk Domestik Regional Bruto (PDRB) Triwulanan Menurut Lapangan Usaha Kabupaten Barru; Produk Domestik Regional Bruto (PDRB) Triwulanan Menurut Pengeluaran Kabupaten Barru; Distribusi Produk Domestik Regional Bruto (PDRB) Triwulanan Menurut Lapangan Usaha Atas Dasar Harga Berlaku Kabupaten Barru; Laju Pertumbuhan Produk Domestik Regional Bruto (PDRB) Triwulanan Menurut Pengeluaran Kabupaten Barru; Distribusi Produk Domestik Regional Bruto (PDRB) Triwulanan Menurut Pengeluaran Atas Dasar Harga Berlaku Kabupaten Barru; Produk Domestik Regional Bruto Atas Dasar Harga Berlaku Menurut Lapangan Usaha  di Kabupaten Barru (miliar rupiah), 2018; Produk Domestik Regional Bruto Atas Dasar Harga Berlaku Menurut Lapangan Usaha  di Kabupaten Barru (miliar rupiah), 2021",/2/MjMyIzI=/laju-pertumbuhan-produk-domestik-regional-bruto--pdrb--triwulanan-menurut-lapangan-usaha-kabupaten-barru.html; /2/MjI1IzI=/produk-domestik-regional-bruto--pdrb--triwulanan-menurut-pengeluaran-kabupaten-barru.html; /2/MjMwIzI=/distribusi-produk-domestik-regional-bruto--pdrb--triwulanan-menurut-lapangan-usaha-atas-dasar-harga-berlaku-kabupaten-barru.html; /2/MjM0IzI=/laju-pertumbuhan-produk-domestik-regional-bruto--pdrb--triwulanan-menurut-pengeluaran-kabupaten-barru.html; /2/MjI5IzI=/distribusi-produk-domestik-regional-bruto--pdrb--triwulanan-menurut-pengeluaran-atas-dasar-harga-berlaku-kabupaten-barru.html; /3/UzFSTVVXUlliME5XYzBZNUwwNVFRa3h6Y1d3M1p6MDkjMw==/produk-domestik-regional-bruto-atas-dasar-harga-berlaku-menurut-lapangan-usaha---di-kabupaten-barru--miliar-rupiah---2018.html?year=2018; /3/UzFSTVVXUlliME5XYzBZNUwwNVFRa3h6Y1d3M1p6MDkjMw==/produk-domestik-regional-bruto-atas-dasar-harga-berlaku-menurut-lapangan-usaha---di-kabupaten-barru--miliar-rupiah---2021.html?year=2021,1.0,199.0,Atas Dasar Harga Konstan
124,2024,Sektor Sekunder,542.02,Data Tersedia,2025-06-16 07:35:52,Produk Domestik Regional Bruto (PDRB) Triwulanan Menurut Lapangan Usaha Kabupaten Barru,531.0,Neraca Ekonomi,228.0,Milyar Rupiah,MjMyIzI=; MjI1IzI=; MjMwIzI=; MjM0IzI=; MjI5IzI=; UzFSTVVXUlliME5XYzBZNUwwNVFRa3h6Y1d3M1p6MDkjMw==; UzFSTVVXUlliME5XYzBZNUwwNVFRa3h6Y1d3M1p6MDkjMw==,"Laju Pertumbuhan Produk Domestik Regional Bruto (PDRB) Triwulanan Menurut Lapangan Usaha Kabupaten Barru; Produk Domestik Regional Bruto (PDRB) Triwulanan Menurut Pengeluaran Kabupaten Barru; Distribusi Produk Domestik Regional Bruto (PDRB) Triwulanan Menurut Lapangan Usaha Atas Dasar Harga Berlaku Kabupaten Barru; Laju Pertumbuhan Produk Domestik Regional Bruto (PDRB) Triwulanan Menurut Pengeluaran Kabupaten Barru; Distribusi Produk Domestik Regional Bruto (PDRB) Triwulanan Menurut Pengeluaran Atas Dasar Harga Berlaku Kabupaten Barru; Produk Domestik Regional Bruto Atas Dasar Harga Berlaku Menurut Lapangan Usaha  di Kabupaten Barru (miliar rupiah), 2018; Produk Domestik Regional Bruto Atas Dasar Harga Berlaku Menurut Lapangan Usaha  di Kabupaten Barru (miliar rupiah), 2021",/2/MjMyIzI=/laju-pertumbuhan-produk-domestik-regional-bruto--pdrb--triwulanan-menurut-lapangan-usaha-kabupaten-barru.html; /2/MjI1IzI=/produk-domestik-regional-bruto--pdrb--triwulanan-menurut-pengeluaran-kabupaten-barru.html; /2/MjMwIzI=/distribusi-produk-domestik-regional-bruto--pdrb--triwulanan-menurut-lapangan-usaha-atas-dasar-harga-berlaku-kabupaten-barru.html; /2/MjM0IzI=/laju-pertumbuhan-produk-domestik-regional-bruto--pdrb--triwulanan-menurut-pengeluaran-kabupaten-barru.html; /2/MjI5IzI=/distribusi-produk-domestik-regional-bruto--pdrb--triwulanan-menurut-pengeluaran-atas-dasar-harga-berlaku-kabupaten-barru.html; /3/UzFSTVVXUlliME5XYzBZNUwwNVFRa3h6Y1d3M1p6MDkjMw==/produk-domestik-regional-bruto-atas-dasar-harga-berlaku-menurut-lapangan-usaha---di-kabupaten-barru--miliar-rupiah---2018.html?year=2018; /3/UzFSTVVXUlliME5XYzBZNUwwNVFRa3h6Y1d3M1p6MDkjMw==/produk-domestik-regional-bruto-atas-dasar-harga-berlaku-menurut-lapangan-usaha---di-kabupaten-barru--miliar-rupiah---2021.html?year=2021,2.0,198.0,Atas Dasar Harga Berlaku
124,2024,Sektor Sekunder,272.7,Data Tersedia,2025-06-16 07:35:52,Produk Domestik Regional Bruto (PDRB) Triwulanan Menurut Lapangan Usaha Kabupaten Barru,531.0,Neraca Ekonomi,228.0,Milyar Rupiah,MjMyIzI=; MjI1IzI=; MjMwIzI=; MjM0IzI=; MjI5IzI=; UzFSTVVXUlliME5XYzBZNUwwNVFRa3h6Y1d3M1p6MDkjMw==; UzFSTVVXUlliME5XYzBZNUwwNVFRa3h6Y1d3M1p6MDkjMw==,"Laju Pertumbuhan Produk Domestik Regional Bruto (PDRB) Triwulanan Menurut Lapangan Usaha Kabupaten Barru; Produk Domestik Regional Bruto (PDRB) Triwulanan Menurut Pengeluaran Kabupaten Barru; Distribusi Produk Domestik Regional Bruto (PDRB) Triwulanan Menurut Lapangan Usaha Atas Dasar Harga Berlaku Kabupaten Barru; Laju Pertumbuhan Produk Domestik Regional Bruto (PDRB) Triwulanan Menurut Pengeluaran Kabupaten Barru; Distribusi Produk Domestik Regional Bruto (PDRB) Triwulanan Menurut Pengeluaran Atas Dasar Harga Berlaku Kabupaten Barru; Produk Domestik Regional Bruto Atas Dasar Harga Berlaku Menurut Lapangan Usaha  di Kabupaten Barru (miliar rupiah), 2018; Produk Domestik Regional Bruto Atas Dasar Harga Berlaku Menurut Lapangan Usaha  di Kabupaten Barru (miliar rupiah), 2021",/2/MjMyIzI=/laju-pertumbuhan-produk-domestik-regional-bruto--pdrb--triwulanan-menurut-lapangan-usaha-kabupaten-barru.html; /2/MjI1IzI=/produk-domestik-regional-bruto--pdrb--triwulanan-menurut-pengeluaran-kabupaten-barru.html; /2/MjMwIzI=/distribusi-produk-domestik-regional-bruto--pdrb--triwulanan-menurut-lapangan-usaha-atas-dasar-harga-berlaku-kabupaten-barru.html; /2/MjM0IzI=/laju-pertumbuhan-produk-domestik-regional-bruto--pdrb--triwulanan-menurut-pengeluaran-kabupaten-barru.html; /2/MjI5IzI=/distribusi-produk-domestik-regional-bruto--pdrb--triwulanan-menurut-pengeluaran-atas-dasar-harga-berlaku-kabupaten-barru.html; /3/UzFSTVVXUlliME5XYzBZNUwwNVFRa3h6Y1d3M1p6MDkjMw==/produk-domestik-regional-bruto-atas-dasar-harga-berlaku-menurut-lapangan-usaha---di-kabupaten-barru--miliar-rupiah---2018.html?year=2018; /3/UzFSTVVXUlliME5XYzBZNUwwNVFRa3h6Y1d3M1p6MDkjMw==/produk-domestik-regional-bruto-atas-dasar-harga-berlaku-menurut-lapangan-usaha---di-kabupaten-barru--miliar-rupiah---2021.html?year=2021,2.0,199.0,Atas Dasar Harga Konstan
124,2024,Sektor Tersier,924.61,Data Tersedia,2025-06-16 07:35:52,Produk Domestik Regional Bruto (PDRB) Triwulanan Menurut Lapangan Usaha Kabupaten Barru,531.0,Neraca Ekonomi,228.0,Milyar Rupiah,MjMyIzI=; MjI1IzI=; MjMwIzI=; MjM0IzI=; MjI5IzI=; UzFSTVVXUlliME5XYzBZNUwwNVFRa3h6Y1d3M1p6MDkjMw==; UzFSTVVXUlliME5XYzBZNUwwNVFRa3h6Y1d3M1p6MDkjMw==,"Laju Pertumbuhan Produk Domestik Regional Bruto (PDRB) Triwulanan Menurut Lapangan Usaha Kabupaten Barru; Produk Domestik Regional Bruto (PDRB) Triwulanan Menurut Pengeluaran Kabupaten Barru; Distribusi Produk Domestik Regional Bruto (PDRB) Triwulanan Menurut Lapangan Usaha Atas Dasar Harga Berlaku Kabupaten Barru; Laju Pertumbuhan Produk Domestik Regional Bruto (PDRB) Triwulanan Menurut Pengeluaran Kabupaten Barru; Distribusi Produk Domestik Regional Bruto (PDRB) Triwulanan Menurut Pengeluaran Atas Dasar Harga Berlaku Kabupaten Barru; Produk Domestik Regional Bruto Atas Dasar Harga Berlaku Menurut Lapangan Usaha  di Kabupaten Barru (miliar rupiah), 2018; Produk Domestik Regional Bruto Atas Dasar Harga Berlaku Menurut Lapangan Usaha  di Kabupaten Barru (miliar rupiah), 2021",/2/MjMyIzI=/laju-pertumbuhan-produk-domestik-regional-bruto--pdrb--triwulanan-menurut-lapangan-usaha-kabupaten-barru.html; /2/MjI1IzI=/produk-domestik-regional-bruto--pdrb--triwulanan-menurut-pengeluaran-kabupaten-barru.html; /2/MjMwIzI=/distribusi-produk-domestik-regional-bruto--pdrb--triwulanan-menurut-lapangan-usaha-atas-dasar-harga-berlaku-kabupaten-barru.html; /2/MjM0IzI=/laju-pertumbuhan-produk-domestik-regional-bruto--pdrb--triwulanan-menurut-pengeluaran-kabupaten-barru.html; /2/MjI5IzI=/distribusi-produk-domestik-regional-bruto--pdrb--triwulanan-menurut-pengeluaran-atas-dasar-harga-berlaku-kabupaten-barru.html; /3/UzFSTVVXUlliME5XYzBZNUwwNVFRa3h6Y1d3M1p6MDkjMw==/produk-domestik-regional-bruto-atas-dasar-harga-berlaku-menurut-lapangan-usaha---di-kabupaten-barru--miliar-rupiah---2018.html?year=2018; /3/UzFSTVVXUlliME5XYzBZNUwwNVFRa3h6Y1d3M1p6MDkjMw==/produk-domestik-regional-bruto-atas-dasar-harga-berlaku-menurut-lapangan-usaha---di-kabupaten-barru--miliar-rupiah---2021.html?year=2021,3.0,198.0,Atas Dasar Harga Berlaku
124,2024,Sektor Tersier,573.94,Data Tersedia,2025-06-16 07:35:52,Produk Domestik Regional Bruto (PDRB) Triwulanan Menurut Lapangan Usaha Kabupaten Barru,531.0,Neraca Ekonomi,228.0,Milyar Rupiah,MjMyIzI=; MjI1IzI=; MjMwIzI=; MjM0IzI=; MjI5IzI=; UzFSTVVXUlliME5XYzBZNUwwNVFRa3h6Y1d3M1p6MDkjMw==; UzFSTVVXUlliME5XYzBZNUwwNVFRa3h6Y1d3M1p6MDkjMw==,"Laju Pertumbuhan Produk Domestik Regional Bruto (PDRB) Triwulanan Menurut Lapangan Usaha Kabupaten Barru; Produk Domestik Regional Bruto (PDRB) Triwulanan Menurut Pengeluaran Kabupaten Barru; Distribusi Produk Domestik Regional Bruto (PDRB) Triwulanan Menurut Lapangan Usaha Atas Dasar Harga Berlaku Kabupaten Barru; Laju Pertumbuhan Produk Domestik Regional Bruto (PDRB) Triwulanan Menurut Pengeluaran Kabupaten Barru; Distribusi Produk Domestik Regional Bruto (PDRB) Triwulanan Menurut Pengeluaran Atas Dasar Harga Berlaku Kabupaten Barru; Produk Domestik Regional Bruto Atas Dasar Harga Berlaku Menurut Lapangan Usaha  di Kabupaten Barru (miliar rupiah), 2018; Produk Domestik Regional Bruto Atas Dasar Harga Berlaku Menurut Lapangan Usaha  di Kabupaten Barru (miliar rupiah), 2021",/2/MjMyIzI=/laju-pertumbuhan-produk-domestik-regional-bruto--pdrb--triwulanan-menurut-lapangan-usaha-kabupaten-barru.html; /2/MjI1IzI=/produk-domestik-regional-bruto--pdrb--triwulanan-menurut-pengeluaran-kabupaten-barru.html; /2/MjMwIzI=/distribusi-produk-domestik-regional-bruto--pdrb--triwulanan-menurut-lapangan-usaha-atas-dasar-harga-berlaku-kabupaten-barru.html; /2/MjM0IzI=/laju-pertumbuhan-produk-domestik-regional-bruto--pdrb--triwulanan-menurut-pengeluaran-kabupaten-barru.html; /2/MjI5IzI=/distribusi-produk-domestik-regional-bruto--pdrb--triwulanan-menurut-pengeluaran-atas-dasar-harga-berlaku-kabupaten-barru.html; /3/UzFSTVVXUlliME5XYzBZNUwwNVFRa3h6Y1d3M1p6MDkjMw==/produk-domestik-regional-bruto-atas-dasar-harga-berlaku-menurut-lapangan-usaha---di-kabupaten-barru--miliar-rupiah---2018.html?year=2018; /3/UzFSTVVXUlliME5XYzBZNUwwNVFRa3h6Y1d3M1p6MDkjMw==/produk-domestik-regional-bruto-atas-dasar-harga-berlaku-menurut-lapangan-usaha---di-kabupaten-barru--miliar-rupiah---2021.html?year=2021,3.0,199.0,Atas Dasar Harga Konstan
124,2024,Produk Domestik Regional Bruto,2249.45,Data Tersedia,2025-06-16 07:35:52,Produk Domestik Regional Bruto (PDRB) Triwulanan Menurut Lapangan Usaha Kabupaten Barru,531.0,Neraca Ekonomi,228.0,Milyar Rupiah,MjMyIzI=; MjI1IzI=; MjMwIzI=; MjM0IzI=; MjI5IzI=; UzFSTVVXUlliME5XYzBZNUwwNVFRa3h6Y1d3M1p6MDkjMw==; UzFSTVVXUlliME5XYzBZNUwwNVFRa3h6Y1d3M1p6MDkjMw==,"Laju Pertumbuhan Produk Domestik Regional Bruto (PDRB) Triwulanan Menurut Lapangan Usaha Kabupaten Barru; Produk Domestik Regional Bruto (PDRB) Triwulanan Menurut Pengeluaran Kabupaten Barru; Distribusi Produk Domestik Regional Bruto (PDRB) Triwulanan Menurut Lapangan Usaha Atas Dasar Harga Berlaku Kabupaten Barru; Laju Pertumbuhan Produk Domestik Regional Bruto (PDRB) Triwulanan Menurut Pengeluaran Kabupaten Barru; Distribusi Produk Domestik Regional Bruto (PDRB) Triwulanan Menurut Pengeluaran Atas Dasar Harga Berlaku Kabupaten Barru; Produk Domestik Regional Bruto Atas Dasar Harga Berlaku Menurut Lapangan Usaha  di Kabupaten Barru (miliar rupiah), 2018; Produk Domestik Regional Bruto Atas Dasar Harga Berlaku Menurut Lapangan Usaha  di Kabupaten Barru (miliar rupiah), 2021",/2/MjMyIzI=/laju-pertumbuhan-produk-domestik-regional-bruto--pdrb--triwulanan-menurut-lapangan-usaha-kabupaten-barru.html; /2/MjI1IzI=/produk-domestik-regional-bruto--pdrb--triwulanan-menurut-pengeluaran-kabupaten-barru.html; /2/MjMwIzI=/distribusi-produk-domestik-regional-bruto--pdrb--triwulanan-menurut-lapangan-usaha-atas-dasar-harga-berlaku-kabupaten-barru.html; /2/MjM0IzI=/laju-pertumbuhan-produk-domestik-regional-bruto--pdrb--triwulanan-menurut-pengeluaran-kabupaten-barru.html; /2/MjI5IzI=/distribusi-produk-domestik-regional-bruto--pdrb--triwulanan-menurut-pengeluaran-atas-dasar-harga-berlaku-kabupaten-barru.html; /3/UzFSTVVXUlliME5XYzBZNUwwNVFRa3h6Y1d3M1p6MDkjMw==/produk-domestik-regional-bruto-atas-dasar-harga-berlaku-menurut-lapangan-usaha---di-kabupaten-barru--miliar-rupiah---2018.html?year=2018; /3/UzFSTVVXUlliME5XYzBZNUwwNVFRa3h6Y1d3M1p6MDkjMw==/produk-domestik-regional-bruto-atas-dasar-harga-berlaku-menurut-lapangan-usaha---di-kabupaten-barru--miliar-rupiah---2021.html?year=2021,4.0,198.0,Atas Dasar Harga Berlaku
124,2024,Produk Domestik Regional Bruto,1336.3,Data Tersedia,2025-06-16 07:35:52,Produk Domestik Regional Bruto (PDRB) Triwulanan Menurut Lapangan Usaha Kabupaten Barru,531.0,Neraca Ekonomi,228.0,Milyar Rupiah,MjMyIzI=; MjI1IzI=; MjMwIzI=; MjM0IzI=; MjI5IzI=; UzFSTVVXUlliME5XYzBZNUwwNVFRa3h6Y1d3M1p6MDkjMw==; UzFSTVVXUlliME5XYzBZNUwwNVFRa3h6Y1d3M1p6MDkjMw==,"Laju Pertumbuhan Produk Domestik Regional Bruto (PDRB) Triwulanan Menurut Lapangan Usaha Kabupaten Barru; Produk Domestik Regional Bruto (PDRB) Triwulanan Menurut Pengeluaran Kabupaten Barru; Distribusi Produk Domestik Regional Bruto (PDRB) Triwulanan Menurut Lapangan Usaha Atas Dasar Harga Berlaku Kabupaten Barru; Laju Pertumbuhan Produk Domestik Regional Bruto (PDRB) Triwulanan Menurut Pengeluaran Kabupaten Barru; Distribusi Produk Domestik Regional Bruto (PDRB) Triwulanan Menurut Pengeluaran Atas Dasar Harga Berlaku Kabupaten Barru; Produk Domestik Regional Bruto Atas Dasar Harga Berlaku Menurut Lapangan Usaha  di Kabupaten Barru (miliar rupiah), 2018; Produk Domestik Regional Bruto Atas Dasar Harga Berlaku Menurut Lapangan Usaha  di Kabupaten Barru (miliar rupiah), 2021",/2/MjMyIzI=/laju-pertumbuhan-produk-domestik-regional-bruto--pdrb--triwulanan-menurut-lapangan-usaha-kabupaten-barru.html; /2/MjI1IzI=/produk-domestik-regional-bruto--pdrb--triwulanan-menurut-pengeluaran-kabupaten-barru.html; /2/MjMwIzI=/distribusi-produk-domestik-regional-bruto--pdrb--triwulanan-menurut-lapangan-usaha-atas-dasar-harga-berlaku-kabupaten-barru.html; /2/MjM0IzI=/laju-pertumbuhan-produk-domestik-regional-bruto--pdrb--triwulanan-menurut-pengeluaran-kabupaten-barru.html; /2/MjI5IzI=/distribusi-produk-domestik-regional-bruto--pdrb--triwulanan-menurut-pengeluaran-atas-dasar-harga-berlaku-kabupaten-barru.html; /3/UzFSTVVXUlliME5XYzBZNUwwNVFRa3h6Y1d3M1p6MDkjMw==/produk-domestik-regional-bruto-atas-dasar-harga-berlaku-menurut-lapangan-usaha---di-kabupaten-barru--miliar-rupiah---2018.html?year=2018; /3/UzFSTVVXUlliME5XYzBZNUwwNVFRa3h6Y1d3M1p6MDkjMw==/produk-domestik-regional-bruto-atas-dasar-harga-berlaku-menurut-lapangan-usaha---di-kabupaten-barru--miliar-rupiah---2021.html?year=2021,4.0,199.0,Atas Dasar Harga Konstan
125,2025,Sektor Primer,915.52,Data Tersedia,2025-06-16 07:35:52,Produk Domestik Regional Bruto (PDRB) Triwulanan Menurut Lapangan Usaha Kabupaten Barru,531.0,Neraca Ekonomi,228.0,Milyar Rupiah,MjMyIzI=; MjI1IzI=; MjMwIzI=; MjM0IzI=; MjI5IzI=; UzFSTVVXUlliME5XYzBZNUwwNVFRa3h6Y1d3M1p6MDkjMw==; UzFSTVVXUlliME5XYzBZNUwwNVFRa3h6Y1d3M1p6MDkjMw==,"Laju Pertumbuhan Produk Domestik Regional Bruto (PDRB) Triwulanan Menurut Lapangan Usaha Kabupaten Barru; Produk Domestik Regional Bruto (PDRB) Triwulanan Menurut Pengeluaran Kabupaten Barru; Distribusi Produk Domestik Regional Bruto (PDRB) Triwulanan Menurut Lapangan Usaha Atas Dasar Harga Berlaku Kabupaten Barru; Laju Pertumbuhan Produk Domestik Regional Bruto (PDRB) Triwulanan Menurut Pengeluaran Kabupaten Barru; Distribusi Produk Domestik Regional Bruto (PDRB) Triwulanan Menurut Pengeluaran Atas Dasar Harga Berlaku Kabupaten Barru; Produk Domestik Regional Bruto Atas Dasar Harga Berlaku Menurut Lapangan Usaha  di Kabupaten Barru (miliar rupiah), 2018; Produk Domestik Regional Bruto Atas Dasar Harga Berlaku Menurut Lapangan Usaha  di Kabupaten Barru (miliar rupiah), 2021",/2/MjMyIzI=/laju-pertumbuhan-produk-domestik-regional-bruto--pdrb--triwulanan-menurut-lapangan-usaha-kabupaten-barru.html; /2/MjI1IzI=/produk-domestik-regional-bruto--pdrb--triwulanan-menurut-pengeluaran-kabupaten-barru.html; /2/MjMwIzI=/distribusi-produk-domestik-regional-bruto--pdrb--triwulanan-menurut-lapangan-usaha-atas-dasar-harga-berlaku-kabupaten-barru.html; /2/MjM0IzI=/laju-pertumbuhan-produk-domestik-regional-bruto--pdrb--triwulanan-menurut-pengeluaran-kabupaten-barru.html; /2/MjI5IzI=/distribusi-produk-domestik-regional-bruto--pdrb--triwulanan-menurut-pengeluaran-atas-dasar-harga-berlaku-kabupaten-barru.html; /3/UzFSTVVXUlliME5XYzBZNUwwNVFRa3h6Y1d3M1p6MDkjMw==/produk-domestik-regional-bruto-atas-dasar-harga-berlaku-menurut-lapangan-usaha---di-kabupaten-barru--miliar-rupiah---2018.html?year=2018; /3/UzFSTVVXUlliME5XYzBZNUwwNVFRa3h6Y1d3M1p6MDkjMw==/produk-domestik-regional-bruto-atas-dasar-harga-berlaku-menurut-lapangan-usaha---di-kabupaten-barru--miliar-rupiah---2021.html?year=2021,1.0,198.0,Atas Dasar Harga Berlaku
125,2025,Sektor Primer,548.28,Data Tersedia,2025-06-16 07:35:52,Produk Domestik Regional Bruto (PDRB) Triwulanan Menurut Lapangan Usaha Kabupaten Barru,531.0,Neraca Ekonomi,228.0,Milyar Rupiah,MjMyIzI=; MjI1IzI=; MjMwIzI=; MjM0IzI=; MjI5IzI=; UzFSTVVXUlliME5XYzBZNUwwNVFRa3h6Y1d3M1p6MDkjMw==; UzFSTVVXUlliME5XYzBZNUwwNVFRa3h6Y1d3M1p6MDkjMw==,"Laju Pertumbuhan Produk Domestik Regional Bruto (PDRB) Triwulanan Menurut Lapangan Usaha Kabupaten Barru; Produk Domestik Regional Bruto (PDRB) Triwulanan Menurut Pengeluaran Kabupaten Barru; Distribusi Produk Domestik Regional Bruto (PDRB) Triwulanan Menurut Lapangan Usaha Atas Dasar Harga Berlaku Kabupaten Barru; Laju Pertumbuhan Produk Domestik Regional Bruto (PDRB) Triwulanan Menurut Pengeluaran Kabupaten Barru; Distribusi Produk Domestik Regional Bruto (PDRB) Triwulanan Menurut Pengeluaran Atas Dasar Harga Berlaku Kabupaten Barru; Produk Domestik Regional Bruto Atas Dasar Harga Berlaku Menurut Lapangan Usaha  di Kabupaten Barru (miliar rupiah), 2018; Produk Domestik Regional Bruto Atas Dasar Harga Berlaku Menurut Lapangan Usaha  di Kabupaten Barru (miliar rupiah), 2021",/2/MjMyIzI=/laju-pertumbuhan-produk-domestik-regional-bruto--pdrb--triwulanan-menurut-lapangan-usaha-kabupaten-barru.html; /2/MjI1IzI=/produk-domestik-regional-bruto--pdrb--triwulanan-menurut-pengeluaran-kabupaten-barru.html; /2/MjMwIzI=/distribusi-produk-domestik-regional-bruto--pdrb--triwulanan-menurut-lapangan-usaha-atas-dasar-harga-berlaku-kabupaten-barru.html; /2/MjM0IzI=/laju-pertumbuhan-produk-domestik-regional-bruto--pdrb--triwulanan-menurut-pengeluaran-kabupaten-barru.html; /2/MjI5IzI=/distribusi-produk-domestik-regional-bruto--pdrb--triwulanan-menurut-pengeluaran-atas-dasar-harga-berlaku-kabupaten-barru.html; /3/UzFSTVVXUlliME5XYzBZNUwwNVFRa3h6Y1d3M1p6MDkjMw==/produk-domestik-regional-bruto-atas-dasar-harga-berlaku-menurut-lapangan-usaha---di-kabupaten-barru--miliar-rupiah---2018.html?year=2018; /3/UzFSTVVXUlliME5XYzBZNUwwNVFRa3h6Y1d3M1p6MDkjMw==/produk-domestik-regional-bruto-atas-dasar-harga-berlaku-menurut-lapangan-usaha---di-kabupaten-barru--miliar-rupiah---2021.html?year=2021,1.0,199.0,Atas Dasar Harga Konstan
125,2025,Sektor Sekunder,540.06,Data Tersedia,2025-06-16 07:35:52,Produk Domestik Regional Bruto (PDRB) Triwulanan Menurut Lapangan Usaha Kabupaten Barru,531.0,Neraca Ekonomi,228.0,Milyar Rupiah,MjMyIzI=; MjI1IzI=; MjMwIzI=; MjM0IzI=; MjI5IzI=; UzFSTVVXUlliME5XYzBZNUwwNVFRa3h6Y1d3M1p6MDkjMw==; UzFSTVVXUlliME5XYzBZNUwwNVFRa3h6Y1d3M1p6MDkjMw==,"Laju Pertumbuhan Produk Domestik Regional Bruto (PDRB) Triwulanan Menurut Lapangan Usaha Kabupaten Barru; Produk Domestik Regional Bruto (PDRB) Triwulanan Menurut Pengeluaran Kabupaten Barru; Distribusi Produk Domestik Regional Bruto (PDRB) Triwulanan Menurut Lapangan Usaha Atas Dasar Harga Berlaku Kabupaten Barru; Laju Pertumbuhan Produk Domestik Regional Bruto (PDRB) Triwulanan Menurut Pengeluaran Kabupaten Barru; Distribusi Produk Domestik Regional Bruto (PDRB) Triwulanan Menurut Pengeluaran Atas Dasar Harga Berlaku Kabupaten Barru; Produk Domestik Regional Bruto Atas Dasar Harga Berlaku Menurut Lapangan Usaha  di Kabupaten Barru (miliar rupiah), 2018; Produk Domestik Regional Bruto Atas Dasar Harga Berlaku Menurut Lapangan Usaha  di Kabupaten Barru (miliar rupiah), 2021",/2/MjMyIzI=/laju-pertumbuhan-produk-domestik-regional-bruto--pdrb--triwulanan-menurut-lapangan-usaha-kabupaten-barru.html; /2/MjI1IzI=/produk-domestik-regional-bruto--pdrb--triwulanan-menurut-pengeluaran-kabupaten-barru.html; /2/MjMwIzI=/distribusi-produk-domestik-regional-bruto--pdrb--triwulanan-menurut-lapangan-usaha-atas-dasar-harga-berlaku-kabupaten-barru.html; /2/MjM0IzI=/laju-pertumbuhan-produk-domestik-regional-bruto--pdrb--triwulanan-menurut-pengeluaran-kabupaten-barru.html; /2/MjI5IzI=/distribusi-produk-domestik-regional-bruto--pdrb--triwulanan-menurut-pengeluaran-atas-dasar-harga-berlaku-kabupaten-barru.html; /3/UzFSTVVXUlliME5XYzBZNUwwNVFRa3h6Y1d3M1p6MDkjMw==/produk-domestik-regional-bruto-atas-dasar-harga-berlaku-menurut-lapangan-usaha---di-kabupaten-barru--miliar-rupiah---2018.html?year=2018; /3/UzFSTVVXUlliME5XYzBZNUwwNVFRa3h6Y1d3M1p6MDkjMw==/produk-domestik-regional-bruto-atas-dasar-harga-berlaku-menurut-lapangan-usaha---di-kabupaten-barru--miliar-rupiah---2021.html?year=2021,2.0,198.0,Atas Dasar Harga Berlaku
125,2025,Sektor Sekunder,268.08,Data Tersedia,2025-06-16 07:35:52,Produk Domestik Regional Bruto (PDRB) Triwulanan Menurut Lapangan Usaha Kabupaten Barru,531.0,Neraca Ekonomi,228.0,Milyar Rupiah,MjMyIzI=; MjI1IzI=; MjMwIzI=; MjM0IzI=; MjI5IzI=; UzFSTVVXUlliME5XYzBZNUwwNVFRa3h6Y1d3M1p6MDkjMw==; UzFSTVVXUlliME5XYzBZNUwwNVFRa3h6Y1d3M1p6MDkjMw==,"Laju Pertumbuhan Produk Domestik Regional Bruto (PDRB) Triwulanan Menurut Lapangan Usaha Kabupaten Barru; Produk Domestik Regional Bruto (PDRB) Triwulanan Menurut Pengeluaran Kabupaten Barru; Distribusi Produk Domestik Regional Bruto (PDRB) Triwulanan Menurut Lapangan Usaha Atas Dasar Harga Berlaku Kabupaten Barru; Laju Pertumbuhan Produk Domestik Regional Bruto (PDRB) Triwulanan Menurut Pengeluaran Kabupaten Barru; Distribusi Produk Domestik Regional Bruto (PDRB) Triwulanan Menurut Pengeluaran Atas Dasar Harga Berlaku Kabupaten Barru; Produk Domestik Regional Bruto Atas Dasar Harga Berlaku Menurut Lapangan Usaha  di Kabupaten Barru (miliar rupiah), 2018; Produk Domestik Regional Bruto Atas Dasar Harga Berlaku Menurut Lapangan Usaha  di Kabupaten Barru (miliar rupiah), 2021",/2/MjMyIzI=/laju-pertumbuhan-produk-domestik-regional-bruto--pdrb--triwulanan-menurut-lapangan-usaha-kabupaten-barru.html; /2/MjI1IzI=/produk-domestik-regional-bruto--pdrb--triwulanan-menurut-pengeluaran-kabupaten-barru.html; /2/MjMwIzI=/distribusi-produk-domestik-regional-bruto--pdrb--triwulanan-menurut-lapangan-usaha-atas-dasar-harga-berlaku-kabupaten-barru.html; /2/MjM0IzI=/laju-pertumbuhan-produk-domestik-regional-bruto--pdrb--triwulanan-menurut-pengeluaran-kabupaten-barru.html; /2/MjI5IzI=/distribusi-produk-domestik-regional-bruto--pdrb--triwulanan-menurut-pengeluaran-atas-dasar-harga-berlaku-kabupaten-barru.html; /3/UzFSTVVXUlliME5XYzBZNUwwNVFRa3h6Y1d3M1p6MDkjMw==/produk-domestik-regional-bruto-atas-dasar-harga-berlaku-menurut-lapangan-usaha---di-kabupaten-barru--miliar-rupiah---2018.html?year=2018; /3/UzFSTVVXUlliME5XYzBZNUwwNVFRa3h6Y1d3M1p6MDkjMw==/produk-domestik-regional-bruto-atas-dasar-harga-berlaku-menurut-lapangan-usaha---di-kabupaten-barru--miliar-rupiah---2021.html?year=2021,2.0,199.0,Atas Dasar Harga Konstan
125,2025,Sektor Tersier,981.47,Data Tersedia,2025-06-16 07:35:52,Produk Domestik Regional Bruto (PDRB) Triwulanan Menurut Lapangan Usaha Kabupaten Barru,531.0,Neraca Ekonomi,228.0,Milyar Rupiah,MjMyIzI=; MjI1IzI=; MjMwIzI=; MjM0IzI=; MjI5IzI=; UzFSTVVXUlliME5XYzBZNUwwNVFRa3h6Y1d3M1p6MDkjMw==; UzFSTVVXUlliME5XYzBZNUwwNVFRa3h6Y1d3M1p6MDkjMw==,"Laju Pertumbuhan Produk Domestik Regional Bruto (PDRB) Triwulanan Menurut Lapangan Usaha Kabupaten Barru; Produk Domestik Regional Bruto (PDRB) Triwulanan Menurut Pengeluaran Kabupaten Barru; Distribusi Produk Domestik Regional Bruto (PDRB) Triwulanan Menurut Lapangan Usaha Atas Dasar Harga Berlaku Kabupaten Barru; Laju Pertumbuhan Produk Domestik Regional Bruto (PDRB) Triwulanan Menurut Pengeluaran Kabupaten Barru; Distribusi Produk Domestik Regional Bruto (PDRB) Triwulanan Menurut Pengeluaran Atas Dasar Harga Berlaku Kabupaten Barru; Produk Domestik Regional Bruto Atas Dasar Harga Berlaku Menurut Lapangan Usaha  di Kabupaten Barru (miliar rupiah), 2018; Produk Domestik Regional Bruto Atas Dasar Harga Berlaku Menurut Lapangan Usaha  di Kabupaten Barru (miliar rupiah), 2021",/2/MjMyIzI=/laju-pertumbuhan-produk-domestik-regional-bruto--pdrb--triwulanan-menurut-lapangan-usaha-kabupaten-barru.html; /2/MjI1IzI=/produk-domestik-regional-bruto--pdrb--triwulanan-menurut-pengeluaran-kabupaten-barru.html; /2/MjMwIzI=/distribusi-produk-domestik-regional-bruto--pdrb--triwulanan-menurut-lapangan-usaha-atas-dasar-harga-berlaku-kabupaten-barru.html; /2/MjM0IzI=/laju-pertumbuhan-produk-domestik-regional-bruto--pdrb--triwulanan-menurut-pengeluaran-kabupaten-barru.html; /2/MjI5IzI=/distribusi-produk-domestik-regional-bruto--pdrb--triwulanan-menurut-pengeluaran-atas-dasar-harga-berlaku-kabupaten-barru.html; /3/UzFSTVVXUlliME5XYzBZNUwwNVFRa3h6Y1d3M1p6MDkjMw==/produk-domestik-regional-bruto-atas-dasar-harga-berlaku-menurut-lapangan-usaha---di-kabupaten-barru--miliar-rupiah---2018.html?year=2018; /3/UzFSTVVXUlliME5XYzBZNUwwNVFRa3h6Y1d3M1p6MDkjMw==/produk-domestik-regional-bruto-atas-dasar-harga-berlaku-menurut-lapangan-usaha---di-kabupaten-barru--miliar-rupiah---2021.html?year=2021,3.0,198.0,Atas Dasar Harga Berlaku
125,2025,Sektor Tersier,601.65,Data Tersedia,2025-06-16 07:35:52,Produk Domestik Regional Bruto (PDRB) Triwulanan Menurut Lapangan Usaha Kabupaten Barru,531.0,Neraca Ekonomi,228.0,Milyar Rupiah,MjMyIzI=; MjI1IzI=; MjMwIzI=; MjM0IzI=; MjI5IzI=; UzFSTVVXUlliME5XYzBZNUwwNVFRa3h6Y1d3M1p6MDkjMw==; UzFSTVVXUlliME5XYzBZNUwwNVFRa3h6Y1d3M1p6MDkjMw==,"Laju Pertumbuhan Produk Domestik Regional Bruto (PDRB) Triwulanan Menurut Lapangan Usaha Kabupaten Barru; Produk Domestik Regional Bruto (PDRB) Triwulanan Menurut Pengeluaran Kabupaten Barru; Distribusi Produk Domestik Regional Bruto (PDRB) Triwulanan Menurut Lapangan Usaha Atas Dasar Harga Berlaku Kabupaten Barru; Laju Pertumbuhan Produk Domestik Regional Bruto (PDRB) Triwulanan Menurut Pengeluaran Kabupaten Barru; Distribusi Produk Domestik Regional Bruto (PDRB) Triwulanan Menurut Pengeluaran Atas Dasar Harga Berlaku Kabupaten Barru; Produk Domestik Regional Bruto Atas Dasar Harga Berlaku Menurut Lapangan Usaha  di Kabupaten Barru (miliar rupiah), 2018; Produk Domestik Regional Bruto Atas Dasar Harga Berlaku Menurut Lapangan Usaha  di Kabupaten Barru (miliar rupiah), 2021",/2/MjMyIzI=/laju-pertumbuhan-produk-domestik-regional-bruto--pdrb--triwulanan-menurut-lapangan-usaha-kabupaten-barru.html; /2/MjI1IzI=/produk-domestik-regional-bruto--pdrb--triwulanan-menurut-pengeluaran-kabupaten-barru.html; /2/MjMwIzI=/distribusi-produk-domestik-regional-bruto--pdrb--triwulanan-menurut-lapangan-usaha-atas-dasar-harga-berlaku-kabupaten-barru.html; /2/MjM0IzI=/laju-pertumbuhan-produk-domestik-regional-bruto--pdrb--triwulanan-menurut-pengeluaran-kabupaten-barru.html; /2/MjI5IzI=/distribusi-produk-domestik-regional-bruto--pdrb--triwulanan-menurut-pengeluaran-atas-dasar-harga-berlaku-kabupaten-barru.html; /3/UzFSTVVXUlliME5XYzBZNUwwNVFRa3h6Y1d3M1p6MDkjMw==/produk-domestik-regional-bruto-atas-dasar-harga-berlaku-menurut-lapangan-usaha---di-kabupaten-barru--miliar-rupiah---2018.html?year=2018; /3/UzFSTVVXUlliME5XYzBZNUwwNVFRa3h6Y1d3M1p6MDkjMw==/produk-domestik-regional-bruto-atas-dasar-harga-berlaku-menurut-lapangan-usaha---di-kabupaten-barru--miliar-rupiah---2021.html?year=2021,3.0,199.0,Atas Dasar Harga Konstan
125,2025,Produk Domestik Regional Bruto,2437.05,Data Tersedia,2025-06-16 07:35:52,Produk Domestik Regional Bruto (PDRB) Triwulanan Menurut Lapangan Usaha Kabupaten Barru,531.0,Neraca Ekonomi,228.0,Milyar Rupiah,MjMyIzI=; MjI1IzI=; MjMwIzI=; MjM0IzI=; MjI5IzI=; UzFSTVVXUlliME5XYzBZNUwwNVFRa3h6Y1d3M1p6MDkjMw==; UzFSTVVXUlliME5XYzBZNUwwNVFRa3h6Y1d3M1p6MDkjMw==,"Laju Pertumbuhan Produk Domestik Regional Bruto (PDRB) Triwulanan Menurut Lapangan Usaha Kabupaten Barru; Produk Domestik Regional Bruto (PDRB) Triwulanan Menurut Pengeluaran Kabupaten Barru; Distribusi Produk Domestik Regional Bruto (PDRB) Triwulanan Menurut Lapangan Usaha Atas Dasar Harga Berlaku Kabupaten Barru; Laju Pertumbuhan Produk Domestik Regional Bruto (PDRB) Triwulanan Menurut Pengeluaran Kabupaten Barru; Distribusi Produk Domestik Regional Bruto (PDRB) Triwulanan Menurut Pengeluaran Atas Dasar Harga Berlaku Kabupaten Barru; Produk Domestik Regional Bruto Atas Dasar Harga Berlaku Menurut Lapangan Usaha  di Kabupaten Barru (miliar rupiah), 2018; Produk Domestik Regional Bruto Atas Dasar Harga Berlaku Menurut Lapangan Usaha  di Kabupaten Barru (miliar rupiah), 2021",/2/MjMyIzI=/laju-pertumbuhan-produk-domestik-regional-bruto--pdrb--triwulanan-menurut-lapangan-usaha-kabupaten-barru.html; /2/MjI1IzI=/produk-domestik-regional-bruto--pdrb--triwulanan-menurut-pengeluaran-kabupaten-barru.html; /2/MjMwIzI=/distribusi-produk-domestik-regional-bruto--pdrb--triwulanan-menurut-lapangan-usaha-atas-dasar-harga-berlaku-kabupaten-barru.html; /2/MjM0IzI=/laju-pertumbuhan-produk-domestik-regional-bruto--pdrb--triwulanan-menurut-pengeluaran-kabupaten-barru.html; /2/MjI5IzI=/distribusi-produk-domestik-regional-bruto--pdrb--triwulanan-menurut-pengeluaran-atas-dasar-harga-berlaku-kabupaten-barru.html; /3/UzFSTVVXUlliME5XYzBZNUwwNVFRa3h6Y1d3M1p6MDkjMw==/produk-domestik-regional-bruto-atas-dasar-harga-berlaku-menurut-lapangan-usaha---di-kabupaten-barru--miliar-rupiah---2018.html?year=2018; /3/UzFSTVVXUlliME5XYzBZNUwwNVFRa3h6Y1d3M1p6MDkjMw==/produk-domestik-regional-bruto-atas-dasar-harga-berlaku-menurut-lapangan-usaha---di-kabupaten-barru--miliar-rupiah---2021.html?year=2021,4.0,198.0,Atas Dasar Harga Berlaku
125,2025,Produk Domestik Regional Bruto,1418.01,Data Tersedia,2025-06-16 07:35:52,Produk Domestik Regional Bruto (PDRB) Triwulanan Menurut Lapangan Usaha Kabupaten Barru,531.0,Neraca Ekonomi,228.0,Milyar Rupiah,MjMyIzI=; MjI1IzI=; MjMwIzI=; MjM0IzI=; MjI5IzI=; UzFSTVVXUlliME5XYzBZNUwwNVFRa3h6Y1d3M1p6MDkjMw==; UzFSTVVXUlliME5XYzBZNUwwNVFRa3h6Y1d3M1p6MDkjMw==,"Laju Pertumbuhan Produk Domestik Regional Bruto (PDRB) Triwulanan Menurut Lapangan Usaha Kabupaten Barru; Produk Domestik Regional Bruto (PDRB) Triwulanan Menurut Pengeluaran Kabupaten Barru; Distribusi Produk Domestik Regional Bruto (PDRB) Triwulanan Menurut Lapangan Usaha Atas Dasar Harga Berlaku Kabupaten Barru; Laju Pertumbuhan Produk Domestik Regional Bruto (PDRB) Triwulanan Menurut Pengeluaran Kabupaten Barru; Distribusi Produk Domestik Regional Bruto (PDRB) Triwulanan Menurut Pengeluaran Atas Dasar Harga Berlaku Kabupaten Barru; Produk Domestik Regional Bruto Atas Dasar Harga Berlaku Menurut Lapangan Usaha  di Kabupaten Barru (miliar rupiah), 2018; Produk Domestik Regional Bruto Atas Dasar Harga Berlaku Menurut Lapangan Usaha  di Kabupaten Barru (miliar rupiah), 2021",/2/MjMyIzI=/laju-pertumbuhan-produk-domestik-regional-bruto--pdrb--triwulanan-menurut-lapangan-usaha-kabupaten-barru.html; /2/MjI1IzI=/produk-domestik-regional-bruto--pdrb--triwulanan-menurut-pengeluaran-kabupaten-barru.html; /2/MjMwIzI=/distribusi-produk-domestik-regional-bruto--pdrb--triwulanan-menurut-lapangan-usaha-atas-dasar-harga-berlaku-kabupaten-barru.html; /2/MjM0IzI=/laju-pertumbuhan-produk-domestik-regional-bruto--pdrb--triwulanan-menurut-pengeluaran-kabupaten-barru.html; /2/MjI5IzI=/distribusi-produk-domestik-regional-bruto--pdrb--triwulanan-menurut-pengeluaran-atas-dasar-harga-berlaku-kabupaten-barru.html; /3/UzFSTVVXUlliME5XYzBZNUwwNVFRa3h6Y1d3M1p6MDkjMw==/produk-domestik-regional-bruto-atas-dasar-harga-berlaku-menurut-lapangan-usaha---di-kabupaten-barru--miliar-rupiah---2018.html?year=2018; /3/UzFSTVVXUlliME5XYzBZNUwwNVFRa3h6Y1d3M1p6MDkjMw==/produk-domestik-regional-bruto-atas-dasar-harga-berlaku-menurut-lapangan-usaha---di-kabupaten-barru--miliar-rupiah---2021.html?year=2021,4.0,199.0,Atas Dasar Harga Konstan
