id_tahun,tahun,vervar_label,nilai,status,last_update,var_label,subject_id,subject_label,var_id,var_unit,related_ids,related_titles,related_links,vervar_id,turvar_id,turvar_label
100,,,,Data Tidak Ditemukan,,,,,,,,,,,,
101,,,,Data Tidak Ditemukan,,,,,,,,,,,,
102,,,,Data Tidak Ditemukan,,,,,,,,,,,,
103,,,,Data Tidak Ditemukan,,,,,,,,,,,,
104,,,,Data Tidak Ditemukan,,,,,,,,,,,,
105,,,,Data Tidak Ditemukan,,,,,,,,,,,,
106,,,,Data Tidak Ditemukan,,,,,,,,,,,,
107,,,,Data Tidak Ditemukan,,,,,,,,,,,,
108,,,,Data Tidak Ditemukan,,,,,,,,,,,,
109,,,,Data Tidak Ditemukan,,,,,,,,,,,,
110,,,,Data Tidak Ditemukan,,,,,,,,,,,,
111,,,,Data Tidak Ditemukan,,,,,,,,,,,,
112,,,,Data Tidak Ditemukan,,,,,,,,,,,,
113,,,,Data Tidak Ditemukan,,,,,,,,,,,,
114,,,,Data Tidak Ditemukan,,,,,,,,,,,,
115,,,,Data Tidak Ditemukan,,,,,,,,,,,,
116,,Hak Milik,,Data Tidak Ditemukan,2023-03-08 01:48:24,Jumlah Sertifikat Tanah yang Diterbitkan Menurut Jenis Hak Atas Tanah,534.0,"Keuangan Pemerintah, Fiskal dan Statistik Sektor Publik",205.0,,MjA0IzI=; MTYzIzI=; MTc3IzI=; MjA5IzI=; MTMzIzI=; MTMyIzI=; MTI5IzI=,Jumlah Surat Nikah yang Diterbitkan Menurut Kecamatan; Jumlah Ternak Yang Dipotong menurut Jenis Ternak; Jumlah Penduduk Berumur 15 Tahun Keatas yang  Bekerja Selama Seminggu Yang Lalu Menurut Jenis  Pekerjaan Utama dan Jenis Kelamin; Jumlah Angkatan Kerja Menurut Jenis Kegiatan Selama Seminggu yang Lalu di Kabupaten Barru; Jumlah penduduk berumur 15 tahun keatas yang bekerja selama seminggu yang lalu menurut pendidikan tertinggi dan jenis kelamin; Jumlah Penduduk Berumur 15 Tahun Keatas Yang Bekerja Selama Seminggu Yang Lalu Menurut Lapangan Pekerjaan Dan Jenis Kelamin; Jumlah penduduk berumur 15 tahun keatas menurut jenis kegiatan utama selama seminggu yang lalu dan jenis kelamin,/2/MjA0IzI=/jumlah-surat-nikah-yang-diterbitkan-menurut-kecamatan.html; /2/MTYzIzI=/jumlah-ternak-yang-dipotong-menurut-jenis-ternak.html; /2/MTc3IzI=/jumlah-penduduk-berumur-15-tahun-keatas-yang--bekerja-selama-seminggu-yang-lalu-menurut-jenis--pekerjaan-utama-dan-jenis-kelamin.html; /2/MjA5IzI=/jumlah-angkatan-kerja-menurut-jenis-kegiatan-selama-seminggu-yang-lalu-di-kabupaten-barru.html; /2/MTMzIzI=/jumlah-penduduk-berumur-15-tahun-keatas-yang-bekerja-selama-seminggu-yang-lalu-menurut-pendidikan-tertinggi-dan-jenis-kelamin.html; /2/MTMyIzI=/jumlah-penduduk-berumur-15-tahun-keatas-yang-bekerja-selama-seminggu-yang-lalu-menurut-lapangan-pekerjaan-dan-jenis-kelamin.html; /2/MTI5IzI=/jumlah-penduduk-berumur-15-tahun-keatas-menurut-jenis-kegiatan-utama-selama-seminggu-yang-lalu-dan-jenis-kelamin.html,1.0,0,Tidak ada
116,,Hak Guna Bangunan,,Data Tidak Ditemukan,2023-03-08 01:48:24,Jumlah Sertifikat Tanah yang Diterbitkan Menurut Jenis Hak Atas Tanah,534.0,"Keuangan Pemerintah, Fiskal dan Statistik Sektor Publik",205.0,,MjA0IzI=; MTYzIzI=; MTc3IzI=; MjA5IzI=; MTMzIzI=; MTMyIzI=; MTI5IzI=,Jumlah Surat Nikah yang Diterbitkan Menurut Kecamatan; Jumlah Ternak Yang Dipotong menurut Jenis Ternak; Jumlah Penduduk Berumur 15 Tahun Keatas yang  Bekerja Selama Seminggu Yang Lalu Menurut Jenis  Pekerjaan Utama dan Jenis Kelamin; Jumlah Angkatan Kerja Menurut Jenis Kegiatan Selama Seminggu yang Lalu di Kabupaten Barru; Jumlah penduduk berumur 15 tahun keatas yang bekerja selama seminggu yang lalu menurut pendidikan tertinggi dan jenis kelamin; Jumlah Penduduk Berumur 15 Tahun Keatas Yang Bekerja Selama Seminggu Yang Lalu Menurut Lapangan Pekerjaan Dan Jenis Kelamin; Jumlah penduduk berumur 15 tahun keatas menurut jenis kegiatan utama selama seminggu yang lalu dan jenis kelamin,/2/MjA0IzI=/jumlah-surat-nikah-yang-diterbitkan-menurut-kecamatan.html; /2/MTYzIzI=/jumlah-ternak-yang-dipotong-menurut-jenis-ternak.html; /2/MTc3IzI=/jumlah-penduduk-berumur-15-tahun-keatas-yang--bekerja-selama-seminggu-yang-lalu-menurut-jenis--pekerjaan-utama-dan-jenis-kelamin.html; /2/MjA5IzI=/jumlah-angkatan-kerja-menurut-jenis-kegiatan-selama-seminggu-yang-lalu-di-kabupaten-barru.html; /2/MTMzIzI=/jumlah-penduduk-berumur-15-tahun-keatas-yang-bekerja-selama-seminggu-yang-lalu-menurut-pendidikan-tertinggi-dan-jenis-kelamin.html; /2/MTMyIzI=/jumlah-penduduk-berumur-15-tahun-keatas-yang-bekerja-selama-seminggu-yang-lalu-menurut-lapangan-pekerjaan-dan-jenis-kelamin.html; /2/MTI5IzI=/jumlah-penduduk-berumur-15-tahun-keatas-menurut-jenis-kegiatan-utama-selama-seminggu-yang-lalu-dan-jenis-kelamin.html,2.0,0,Tidak ada
116,,Hak Guna Usaha,,Data Tidak Ditemukan,2023-03-08 01:48:24,Jumlah Sertifikat Tanah yang Diterbitkan Menurut Jenis Hak Atas Tanah,534.0,"Keuangan Pemerintah, Fiskal dan Statistik Sektor Publik",205.0,,MjA0IzI=; MTYzIzI=; MTc3IzI=; MjA5IzI=; MTMzIzI=; MTMyIzI=; MTI5IzI=,Jumlah Surat Nikah yang Diterbitkan Menurut Kecamatan; Jumlah Ternak Yang Dipotong menurut Jenis Ternak; Jumlah Penduduk Berumur 15 Tahun Keatas yang  Bekerja Selama Seminggu Yang Lalu Menurut Jenis  Pekerjaan Utama dan Jenis Kelamin; Jumlah Angkatan Kerja Menurut Jenis Kegiatan Selama Seminggu yang Lalu di Kabupaten Barru; Jumlah penduduk berumur 15 tahun keatas yang bekerja selama seminggu yang lalu menurut pendidikan tertinggi dan jenis kelamin; Jumlah Penduduk Berumur 15 Tahun Keatas Yang Bekerja Selama Seminggu Yang Lalu Menurut Lapangan Pekerjaan Dan Jenis Kelamin; Jumlah penduduk berumur 15 tahun keatas menurut jenis kegiatan utama selama seminggu yang lalu dan jenis kelamin,/2/MjA0IzI=/jumlah-surat-nikah-yang-diterbitkan-menurut-kecamatan.html; /2/MTYzIzI=/jumlah-ternak-yang-dipotong-menurut-jenis-ternak.html; /2/MTc3IzI=/jumlah-penduduk-berumur-15-tahun-keatas-yang--bekerja-selama-seminggu-yang-lalu-menurut-jenis--pekerjaan-utama-dan-jenis-kelamin.html; /2/MjA5IzI=/jumlah-angkatan-kerja-menurut-jenis-kegiatan-selama-seminggu-yang-lalu-di-kabupaten-barru.html; /2/MTMzIzI=/jumlah-penduduk-berumur-15-tahun-keatas-yang-bekerja-selama-seminggu-yang-lalu-menurut-pendidikan-tertinggi-dan-jenis-kelamin.html; /2/MTMyIzI=/jumlah-penduduk-berumur-15-tahun-keatas-yang-bekerja-selama-seminggu-yang-lalu-menurut-lapangan-pekerjaan-dan-jenis-kelamin.html; /2/MTI5IzI=/jumlah-penduduk-berumur-15-tahun-keatas-menurut-jenis-kegiatan-utama-selama-seminggu-yang-lalu-dan-jenis-kelamin.html,3.0,0,Tidak ada
116,,Hak Pakai,,Data Tidak Ditemukan,2023-03-08 01:48:24,Jumlah Sertifikat Tanah yang Diterbitkan Menurut Jenis Hak Atas Tanah,534.0,"Keuangan Pemerintah, Fiskal dan Statistik Sektor Publik",205.0,,MjA0IzI=; MTYzIzI=; MTc3IzI=; MjA5IzI=; MTMzIzI=; MTMyIzI=; MTI5IzI=,Jumlah Surat Nikah yang Diterbitkan Menurut Kecamatan; Jumlah Ternak Yang Dipotong menurut Jenis Ternak; Jumlah Penduduk Berumur 15 Tahun Keatas yang  Bekerja Selama Seminggu Yang Lalu Menurut Jenis  Pekerjaan Utama dan Jenis Kelamin; Jumlah Angkatan Kerja Menurut Jenis Kegiatan Selama Seminggu yang Lalu di Kabupaten Barru; Jumlah penduduk berumur 15 tahun keatas yang bekerja selama seminggu yang lalu menurut pendidikan tertinggi dan jenis kelamin; Jumlah Penduduk Berumur 15 Tahun Keatas Yang Bekerja Selama Seminggu Yang Lalu Menurut Lapangan Pekerjaan Dan Jenis Kelamin; Jumlah penduduk berumur 15 tahun keatas menurut jenis kegiatan utama selama seminggu yang lalu dan jenis kelamin,/2/MjA0IzI=/jumlah-surat-nikah-yang-diterbitkan-menurut-kecamatan.html; /2/MTYzIzI=/jumlah-ternak-yang-dipotong-menurut-jenis-ternak.html; /2/MTc3IzI=/jumlah-penduduk-berumur-15-tahun-keatas-yang--bekerja-selama-seminggu-yang-lalu-menurut-jenis--pekerjaan-utama-dan-jenis-kelamin.html; /2/MjA5IzI=/jumlah-angkatan-kerja-menurut-jenis-kegiatan-selama-seminggu-yang-lalu-di-kabupaten-barru.html; /2/MTMzIzI=/jumlah-penduduk-berumur-15-tahun-keatas-yang-bekerja-selama-seminggu-yang-lalu-menurut-pendidikan-tertinggi-dan-jenis-kelamin.html; /2/MTMyIzI=/jumlah-penduduk-berumur-15-tahun-keatas-yang-bekerja-selama-seminggu-yang-lalu-menurut-lapangan-pekerjaan-dan-jenis-kelamin.html; /2/MTI5IzI=/jumlah-penduduk-berumur-15-tahun-keatas-menurut-jenis-kegiatan-utama-selama-seminggu-yang-lalu-dan-jenis-kelamin.html,4.0,0,Tidak ada
116,,Kabupaten Barru,,Data Tidak Ditemukan,2023-03-08 01:48:24,Jumlah Sertifikat Tanah yang Diterbitkan Menurut Jenis Hak Atas Tanah,534.0,"Keuangan Pemerintah, Fiskal dan Statistik Sektor Publik",205.0,,MjA0IzI=; MTYzIzI=; MTc3IzI=; MjA5IzI=; MTMzIzI=; MTMyIzI=; MTI5IzI=,Jumlah Surat Nikah yang Diterbitkan Menurut Kecamatan; Jumlah Ternak Yang Dipotong menurut Jenis Ternak; Jumlah Penduduk Berumur 15 Tahun Keatas yang  Bekerja Selama Seminggu Yang Lalu Menurut Jenis  Pekerjaan Utama dan Jenis Kelamin; Jumlah Angkatan Kerja Menurut Jenis Kegiatan Selama Seminggu yang Lalu di Kabupaten Barru; Jumlah penduduk berumur 15 tahun keatas yang bekerja selama seminggu yang lalu menurut pendidikan tertinggi dan jenis kelamin; Jumlah Penduduk Berumur 15 Tahun Keatas Yang Bekerja Selama Seminggu Yang Lalu Menurut Lapangan Pekerjaan Dan Jenis Kelamin; Jumlah penduduk berumur 15 tahun keatas menurut jenis kegiatan utama selama seminggu yang lalu dan jenis kelamin,/2/MjA0IzI=/jumlah-surat-nikah-yang-diterbitkan-menurut-kecamatan.html; /2/MTYzIzI=/jumlah-ternak-yang-dipotong-menurut-jenis-ternak.html; /2/MTc3IzI=/jumlah-penduduk-berumur-15-tahun-keatas-yang--bekerja-selama-seminggu-yang-lalu-menurut-jenis--pekerjaan-utama-dan-jenis-kelamin.html; /2/MjA5IzI=/jumlah-angkatan-kerja-menurut-jenis-kegiatan-selama-seminggu-yang-lalu-di-kabupaten-barru.html; /2/MTMzIzI=/jumlah-penduduk-berumur-15-tahun-keatas-yang-bekerja-selama-seminggu-yang-lalu-menurut-pendidikan-tertinggi-dan-jenis-kelamin.html; /2/MTMyIzI=/jumlah-penduduk-berumur-15-tahun-keatas-yang-bekerja-selama-seminggu-yang-lalu-menurut-lapangan-pekerjaan-dan-jenis-kelamin.html; /2/MTI5IzI=/jumlah-penduduk-berumur-15-tahun-keatas-menurut-jenis-kegiatan-utama-selama-seminggu-yang-lalu-dan-jenis-kelamin.html,5.0,0,Tidak ada
117,2017,Hak Milik,2386.0,Data Tersedia,2023-03-08 01:48:24,Jumlah Sertifikat Tanah yang Diterbitkan Menurut Jenis Hak Atas Tanah,534.0,"Keuangan Pemerintah, Fiskal dan Statistik Sektor Publik",205.0,,MjA0IzI=; MTYzIzI=; MTc3IzI=; MjA5IzI=; MTMzIzI=; MTMyIzI=; MTI5IzI=,Jumlah Surat Nikah yang Diterbitkan Menurut Kecamatan; Jumlah Ternak Yang Dipotong menurut Jenis Ternak; Jumlah Penduduk Berumur 15 Tahun Keatas yang  Bekerja Selama Seminggu Yang Lalu Menurut Jenis  Pekerjaan Utama dan Jenis Kelamin; Jumlah Angkatan Kerja Menurut Jenis Kegiatan Selama Seminggu yang Lalu di Kabupaten Barru; Jumlah penduduk berumur 15 tahun keatas yang bekerja selama seminggu yang lalu menurut pendidikan tertinggi dan jenis kelamin; Jumlah Penduduk Berumur 15 Tahun Keatas Yang Bekerja Selama Seminggu Yang Lalu Menurut Lapangan Pekerjaan Dan Jenis Kelamin; Jumlah penduduk berumur 15 tahun keatas menurut jenis kegiatan utama selama seminggu yang lalu dan jenis kelamin,/2/MjA0IzI=/jumlah-surat-nikah-yang-diterbitkan-menurut-kecamatan.html; /2/MTYzIzI=/jumlah-ternak-yang-dipotong-menurut-jenis-ternak.html; /2/MTc3IzI=/jumlah-penduduk-berumur-15-tahun-keatas-yang--bekerja-selama-seminggu-yang-lalu-menurut-jenis--pekerjaan-utama-dan-jenis-kelamin.html; /2/MjA5IzI=/jumlah-angkatan-kerja-menurut-jenis-kegiatan-selama-seminggu-yang-lalu-di-kabupaten-barru.html; /2/MTMzIzI=/jumlah-penduduk-berumur-15-tahun-keatas-yang-bekerja-selama-seminggu-yang-lalu-menurut-pendidikan-tertinggi-dan-jenis-kelamin.html; /2/MTMyIzI=/jumlah-penduduk-berumur-15-tahun-keatas-yang-bekerja-selama-seminggu-yang-lalu-menurut-lapangan-pekerjaan-dan-jenis-kelamin.html; /2/MTI5IzI=/jumlah-penduduk-berumur-15-tahun-keatas-menurut-jenis-kegiatan-utama-selama-seminggu-yang-lalu-dan-jenis-kelamin.html,1.0,0,Tidak ada
117,2017,Hak Guna Bangunan,33.0,Data Tersedia,2023-03-08 01:48:24,Jumlah Sertifikat Tanah yang Diterbitkan Menurut Jenis Hak Atas Tanah,534.0,"Keuangan Pemerintah, Fiskal dan Statistik Sektor Publik",205.0,,MjA0IzI=; MTYzIzI=; MTc3IzI=; MjA5IzI=; MTMzIzI=; MTMyIzI=; MTI5IzI=,Jumlah Surat Nikah yang Diterbitkan Menurut Kecamatan; Jumlah Ternak Yang Dipotong menurut Jenis Ternak; Jumlah Penduduk Berumur 15 Tahun Keatas yang  Bekerja Selama Seminggu Yang Lalu Menurut Jenis  Pekerjaan Utama dan Jenis Kelamin; Jumlah Angkatan Kerja Menurut Jenis Kegiatan Selama Seminggu yang Lalu di Kabupaten Barru; Jumlah penduduk berumur 15 tahun keatas yang bekerja selama seminggu yang lalu menurut pendidikan tertinggi dan jenis kelamin; Jumlah Penduduk Berumur 15 Tahun Keatas Yang Bekerja Selama Seminggu Yang Lalu Menurut Lapangan Pekerjaan Dan Jenis Kelamin; Jumlah penduduk berumur 15 tahun keatas menurut jenis kegiatan utama selama seminggu yang lalu dan jenis kelamin,/2/MjA0IzI=/jumlah-surat-nikah-yang-diterbitkan-menurut-kecamatan.html; /2/MTYzIzI=/jumlah-ternak-yang-dipotong-menurut-jenis-ternak.html; /2/MTc3IzI=/jumlah-penduduk-berumur-15-tahun-keatas-yang--bekerja-selama-seminggu-yang-lalu-menurut-jenis--pekerjaan-utama-dan-jenis-kelamin.html; /2/MjA5IzI=/jumlah-angkatan-kerja-menurut-jenis-kegiatan-selama-seminggu-yang-lalu-di-kabupaten-barru.html; /2/MTMzIzI=/jumlah-penduduk-berumur-15-tahun-keatas-yang-bekerja-selama-seminggu-yang-lalu-menurut-pendidikan-tertinggi-dan-jenis-kelamin.html; /2/MTMyIzI=/jumlah-penduduk-berumur-15-tahun-keatas-yang-bekerja-selama-seminggu-yang-lalu-menurut-lapangan-pekerjaan-dan-jenis-kelamin.html; /2/MTI5IzI=/jumlah-penduduk-berumur-15-tahun-keatas-menurut-jenis-kegiatan-utama-selama-seminggu-yang-lalu-dan-jenis-kelamin.html,2.0,0,Tidak ada
117,2017,Hak Guna Usaha,,Data Tidak Ditemukan,2023-03-08 01:48:24,Jumlah Sertifikat Tanah yang Diterbitkan Menurut Jenis Hak Atas Tanah,534.0,"Keuangan Pemerintah, Fiskal dan Statistik Sektor Publik",205.0,,MjA0IzI=; MTYzIzI=; MTc3IzI=; MjA5IzI=; MTMzIzI=; MTMyIzI=; MTI5IzI=,Jumlah Surat Nikah yang Diterbitkan Menurut Kecamatan; Jumlah Ternak Yang Dipotong menurut Jenis Ternak; Jumlah Penduduk Berumur 15 Tahun Keatas yang  Bekerja Selama Seminggu Yang Lalu Menurut Jenis  Pekerjaan Utama dan Jenis Kelamin; Jumlah Angkatan Kerja Menurut Jenis Kegiatan Selama Seminggu yang Lalu di Kabupaten Barru; Jumlah penduduk berumur 15 tahun keatas yang bekerja selama seminggu yang lalu menurut pendidikan tertinggi dan jenis kelamin; Jumlah Penduduk Berumur 15 Tahun Keatas Yang Bekerja Selama Seminggu Yang Lalu Menurut Lapangan Pekerjaan Dan Jenis Kelamin; Jumlah penduduk berumur 15 tahun keatas menurut jenis kegiatan utama selama seminggu yang lalu dan jenis kelamin,/2/MjA0IzI=/jumlah-surat-nikah-yang-diterbitkan-menurut-kecamatan.html; /2/MTYzIzI=/jumlah-ternak-yang-dipotong-menurut-jenis-ternak.html; /2/MTc3IzI=/jumlah-penduduk-berumur-15-tahun-keatas-yang--bekerja-selama-seminggu-yang-lalu-menurut-jenis--pekerjaan-utama-dan-jenis-kelamin.html; /2/MjA5IzI=/jumlah-angkatan-kerja-menurut-jenis-kegiatan-selama-seminggu-yang-lalu-di-kabupaten-barru.html; /2/MTMzIzI=/jumlah-penduduk-berumur-15-tahun-keatas-yang-bekerja-selama-seminggu-yang-lalu-menurut-pendidikan-tertinggi-dan-jenis-kelamin.html; /2/MTMyIzI=/jumlah-penduduk-berumur-15-tahun-keatas-yang-bekerja-selama-seminggu-yang-lalu-menurut-lapangan-pekerjaan-dan-jenis-kelamin.html; /2/MTI5IzI=/jumlah-penduduk-berumur-15-tahun-keatas-menurut-jenis-kegiatan-utama-selama-seminggu-yang-lalu-dan-jenis-kelamin.html,3.0,0,Tidak ada
117,2017,Hak Pakai,,Data Tidak Ditemukan,2023-03-08 01:48:24,Jumlah Sertifikat Tanah yang Diterbitkan Menurut Jenis Hak Atas Tanah,534.0,"Keuangan Pemerintah, Fiskal dan Statistik Sektor Publik",205.0,,MjA0IzI=; MTYzIzI=; MTc3IzI=; MjA5IzI=; MTMzIzI=; MTMyIzI=; MTI5IzI=,Jumlah Surat Nikah yang Diterbitkan Menurut Kecamatan; Jumlah Ternak Yang Dipotong menurut Jenis Ternak; Jumlah Penduduk Berumur 15 Tahun Keatas yang  Bekerja Selama Seminggu Yang Lalu Menurut Jenis  Pekerjaan Utama dan Jenis Kelamin; Jumlah Angkatan Kerja Menurut Jenis Kegiatan Selama Seminggu yang Lalu di Kabupaten Barru; Jumlah penduduk berumur 15 tahun keatas yang bekerja selama seminggu yang lalu menurut pendidikan tertinggi dan jenis kelamin; Jumlah Penduduk Berumur 15 Tahun Keatas Yang Bekerja Selama Seminggu Yang Lalu Menurut Lapangan Pekerjaan Dan Jenis Kelamin; Jumlah penduduk berumur 15 tahun keatas menurut jenis kegiatan utama selama seminggu yang lalu dan jenis kelamin,/2/MjA0IzI=/jumlah-surat-nikah-yang-diterbitkan-menurut-kecamatan.html; /2/MTYzIzI=/jumlah-ternak-yang-dipotong-menurut-jenis-ternak.html; /2/MTc3IzI=/jumlah-penduduk-berumur-15-tahun-keatas-yang--bekerja-selama-seminggu-yang-lalu-menurut-jenis--pekerjaan-utama-dan-jenis-kelamin.html; /2/MjA5IzI=/jumlah-angkatan-kerja-menurut-jenis-kegiatan-selama-seminggu-yang-lalu-di-kabupaten-barru.html; /2/MTMzIzI=/jumlah-penduduk-berumur-15-tahun-keatas-yang-bekerja-selama-seminggu-yang-lalu-menurut-pendidikan-tertinggi-dan-jenis-kelamin.html; /2/MTMyIzI=/jumlah-penduduk-berumur-15-tahun-keatas-yang-bekerja-selama-seminggu-yang-lalu-menurut-lapangan-pekerjaan-dan-jenis-kelamin.html; /2/MTI5IzI=/jumlah-penduduk-berumur-15-tahun-keatas-menurut-jenis-kegiatan-utama-selama-seminggu-yang-lalu-dan-jenis-kelamin.html,4.0,0,Tidak ada
117,2017,Kabupaten Barru,2419.0,Data Tersedia,2023-03-08 01:48:24,Jumlah Sertifikat Tanah yang Diterbitkan Menurut Jenis Hak Atas Tanah,534.0,"Keuangan Pemerintah, Fiskal dan Statistik Sektor Publik",205.0,,MjA0IzI=; MTYzIzI=; MTc3IzI=; MjA5IzI=; MTMzIzI=; MTMyIzI=; MTI5IzI=,Jumlah Surat Nikah yang Diterbitkan Menurut Kecamatan; Jumlah Ternak Yang Dipotong menurut Jenis Ternak; Jumlah Penduduk Berumur 15 Tahun Keatas yang  Bekerja Selama Seminggu Yang Lalu Menurut Jenis  Pekerjaan Utama dan Jenis Kelamin; Jumlah Angkatan Kerja Menurut Jenis Kegiatan Selama Seminggu yang Lalu di Kabupaten Barru; Jumlah penduduk berumur 15 tahun keatas yang bekerja selama seminggu yang lalu menurut pendidikan tertinggi dan jenis kelamin; Jumlah Penduduk Berumur 15 Tahun Keatas Yang Bekerja Selama Seminggu Yang Lalu Menurut Lapangan Pekerjaan Dan Jenis Kelamin; Jumlah penduduk berumur 15 tahun keatas menurut jenis kegiatan utama selama seminggu yang lalu dan jenis kelamin,/2/MjA0IzI=/jumlah-surat-nikah-yang-diterbitkan-menurut-kecamatan.html; /2/MTYzIzI=/jumlah-ternak-yang-dipotong-menurut-jenis-ternak.html; /2/MTc3IzI=/jumlah-penduduk-berumur-15-tahun-keatas-yang--bekerja-selama-seminggu-yang-lalu-menurut-jenis--pekerjaan-utama-dan-jenis-kelamin.html; /2/MjA5IzI=/jumlah-angkatan-kerja-menurut-jenis-kegiatan-selama-seminggu-yang-lalu-di-kabupaten-barru.html; /2/MTMzIzI=/jumlah-penduduk-berumur-15-tahun-keatas-yang-bekerja-selama-seminggu-yang-lalu-menurut-pendidikan-tertinggi-dan-jenis-kelamin.html; /2/MTMyIzI=/jumlah-penduduk-berumur-15-tahun-keatas-yang-bekerja-selama-seminggu-yang-lalu-menurut-lapangan-pekerjaan-dan-jenis-kelamin.html; /2/MTI5IzI=/jumlah-penduduk-berumur-15-tahun-keatas-menurut-jenis-kegiatan-utama-selama-seminggu-yang-lalu-dan-jenis-kelamin.html,5.0,0,Tidak ada
118,2018,Hak Milik,5101.0,Data Tersedia,2023-03-08 01:48:24,Jumlah Sertifikat Tanah yang Diterbitkan Menurut Jenis Hak Atas Tanah,534.0,"Keuangan Pemerintah, Fiskal dan Statistik Sektor Publik",205.0,,MjA0IzI=; MTYzIzI=; MTc3IzI=; MjA5IzI=; MTI5IzI=; MTMzIzI=; MTMyIzI=,Jumlah Surat Nikah yang Diterbitkan Menurut Kecamatan; Jumlah Ternak Yang Dipotong menurut Jenis Ternak; Jumlah Penduduk Berumur 15 Tahun Keatas yang  Bekerja Selama Seminggu Yang Lalu Menurut Jenis  Pekerjaan Utama dan Jenis Kelamin; Jumlah Angkatan Kerja Menurut Jenis Kegiatan Selama Seminggu yang Lalu di Kabupaten Barru; Jumlah penduduk berumur 15 tahun keatas menurut jenis kegiatan utama selama seminggu yang lalu dan jenis kelamin; Jumlah penduduk berumur 15 tahun keatas yang bekerja selama seminggu yang lalu menurut pendidikan tertinggi dan jenis kelamin; Jumlah Penduduk Berumur 15 Tahun Keatas Yang Bekerja Selama Seminggu Yang Lalu Menurut Lapangan Pekerjaan Dan Jenis Kelamin,/2/MjA0IzI=/jumlah-surat-nikah-yang-diterbitkan-menurut-kecamatan.html; /2/MTYzIzI=/jumlah-ternak-yang-dipotong-menurut-jenis-ternak.html; /2/MTc3IzI=/jumlah-penduduk-berumur-15-tahun-keatas-yang--bekerja-selama-seminggu-yang-lalu-menurut-jenis--pekerjaan-utama-dan-jenis-kelamin.html; /2/MjA5IzI=/jumlah-angkatan-kerja-menurut-jenis-kegiatan-selama-seminggu-yang-lalu-di-kabupaten-barru.html; /2/MTI5IzI=/jumlah-penduduk-berumur-15-tahun-keatas-menurut-jenis-kegiatan-utama-selama-seminggu-yang-lalu-dan-jenis-kelamin.html; /2/MTMzIzI=/jumlah-penduduk-berumur-15-tahun-keatas-yang-bekerja-selama-seminggu-yang-lalu-menurut-pendidikan-tertinggi-dan-jenis-kelamin.html; /2/MTMyIzI=/jumlah-penduduk-berumur-15-tahun-keatas-yang-bekerja-selama-seminggu-yang-lalu-menurut-lapangan-pekerjaan-dan-jenis-kelamin.html,1.0,0,Tidak ada
118,2018,Hak Guna Bangunan,266.0,Data Tersedia,2023-03-08 01:48:24,Jumlah Sertifikat Tanah yang Diterbitkan Menurut Jenis Hak Atas Tanah,534.0,"Keuangan Pemerintah, Fiskal dan Statistik Sektor Publik",205.0,,MjA0IzI=; MTYzIzI=; MTc3IzI=; MjA5IzI=; MTI5IzI=; MTMzIzI=; MTMyIzI=,Jumlah Surat Nikah yang Diterbitkan Menurut Kecamatan; Jumlah Ternak Yang Dipotong menurut Jenis Ternak; Jumlah Penduduk Berumur 15 Tahun Keatas yang  Bekerja Selama Seminggu Yang Lalu Menurut Jenis  Pekerjaan Utama dan Jenis Kelamin; Jumlah Angkatan Kerja Menurut Jenis Kegiatan Selama Seminggu yang Lalu di Kabupaten Barru; Jumlah penduduk berumur 15 tahun keatas menurut jenis kegiatan utama selama seminggu yang lalu dan jenis kelamin; Jumlah penduduk berumur 15 tahun keatas yang bekerja selama seminggu yang lalu menurut pendidikan tertinggi dan jenis kelamin; Jumlah Penduduk Berumur 15 Tahun Keatas Yang Bekerja Selama Seminggu Yang Lalu Menurut Lapangan Pekerjaan Dan Jenis Kelamin,/2/MjA0IzI=/jumlah-surat-nikah-yang-diterbitkan-menurut-kecamatan.html; /2/MTYzIzI=/jumlah-ternak-yang-dipotong-menurut-jenis-ternak.html; /2/MTc3IzI=/jumlah-penduduk-berumur-15-tahun-keatas-yang--bekerja-selama-seminggu-yang-lalu-menurut-jenis--pekerjaan-utama-dan-jenis-kelamin.html; /2/MjA5IzI=/jumlah-angkatan-kerja-menurut-jenis-kegiatan-selama-seminggu-yang-lalu-di-kabupaten-barru.html; /2/MTI5IzI=/jumlah-penduduk-berumur-15-tahun-keatas-menurut-jenis-kegiatan-utama-selama-seminggu-yang-lalu-dan-jenis-kelamin.html; /2/MTMzIzI=/jumlah-penduduk-berumur-15-tahun-keatas-yang-bekerja-selama-seminggu-yang-lalu-menurut-pendidikan-tertinggi-dan-jenis-kelamin.html; /2/MTMyIzI=/jumlah-penduduk-berumur-15-tahun-keatas-yang-bekerja-selama-seminggu-yang-lalu-menurut-lapangan-pekerjaan-dan-jenis-kelamin.html,2.0,0,Tidak ada
118,2018,Hak Guna Usaha,,Data Tidak Ditemukan,2023-03-08 01:48:24,Jumlah Sertifikat Tanah yang Diterbitkan Menurut Jenis Hak Atas Tanah,534.0,"Keuangan Pemerintah, Fiskal dan Statistik Sektor Publik",205.0,,MjA0IzI=; MTYzIzI=; MTc3IzI=; MjA5IzI=; MTI5IzI=; MTMzIzI=; MTMyIzI=,Jumlah Surat Nikah yang Diterbitkan Menurut Kecamatan; Jumlah Ternak Yang Dipotong menurut Jenis Ternak; Jumlah Penduduk Berumur 15 Tahun Keatas yang  Bekerja Selama Seminggu Yang Lalu Menurut Jenis  Pekerjaan Utama dan Jenis Kelamin; Jumlah Angkatan Kerja Menurut Jenis Kegiatan Selama Seminggu yang Lalu di Kabupaten Barru; Jumlah penduduk berumur 15 tahun keatas menurut jenis kegiatan utama selama seminggu yang lalu dan jenis kelamin; Jumlah penduduk berumur 15 tahun keatas yang bekerja selama seminggu yang lalu menurut pendidikan tertinggi dan jenis kelamin; Jumlah Penduduk Berumur 15 Tahun Keatas Yang Bekerja Selama Seminggu Yang Lalu Menurut Lapangan Pekerjaan Dan Jenis Kelamin,/2/MjA0IzI=/jumlah-surat-nikah-yang-diterbitkan-menurut-kecamatan.html; /2/MTYzIzI=/jumlah-ternak-yang-dipotong-menurut-jenis-ternak.html; /2/MTc3IzI=/jumlah-penduduk-berumur-15-tahun-keatas-yang--bekerja-selama-seminggu-yang-lalu-menurut-jenis--pekerjaan-utama-dan-jenis-kelamin.html; /2/MjA5IzI=/jumlah-angkatan-kerja-menurut-jenis-kegiatan-selama-seminggu-yang-lalu-di-kabupaten-barru.html; /2/MTI5IzI=/jumlah-penduduk-berumur-15-tahun-keatas-menurut-jenis-kegiatan-utama-selama-seminggu-yang-lalu-dan-jenis-kelamin.html; /2/MTMzIzI=/jumlah-penduduk-berumur-15-tahun-keatas-yang-bekerja-selama-seminggu-yang-lalu-menurut-pendidikan-tertinggi-dan-jenis-kelamin.html; /2/MTMyIzI=/jumlah-penduduk-berumur-15-tahun-keatas-yang-bekerja-selama-seminggu-yang-lalu-menurut-lapangan-pekerjaan-dan-jenis-kelamin.html,3.0,0,Tidak ada
118,2018,Hak Pakai,,Data Tidak Ditemukan,2023-03-08 01:48:24,Jumlah Sertifikat Tanah yang Diterbitkan Menurut Jenis Hak Atas Tanah,534.0,"Keuangan Pemerintah, Fiskal dan Statistik Sektor Publik",205.0,,MjA0IzI=; MTYzIzI=; MTc3IzI=; MjA5IzI=; MTI5IzI=; MTMzIzI=; MTMyIzI=,Jumlah Surat Nikah yang Diterbitkan Menurut Kecamatan; Jumlah Ternak Yang Dipotong menurut Jenis Ternak; Jumlah Penduduk Berumur 15 Tahun Keatas yang  Bekerja Selama Seminggu Yang Lalu Menurut Jenis  Pekerjaan Utama dan Jenis Kelamin; Jumlah Angkatan Kerja Menurut Jenis Kegiatan Selama Seminggu yang Lalu di Kabupaten Barru; Jumlah penduduk berumur 15 tahun keatas menurut jenis kegiatan utama selama seminggu yang lalu dan jenis kelamin; Jumlah penduduk berumur 15 tahun keatas yang bekerja selama seminggu yang lalu menurut pendidikan tertinggi dan jenis kelamin; Jumlah Penduduk Berumur 15 Tahun Keatas Yang Bekerja Selama Seminggu Yang Lalu Menurut Lapangan Pekerjaan Dan Jenis Kelamin,/2/MjA0IzI=/jumlah-surat-nikah-yang-diterbitkan-menurut-kecamatan.html; /2/MTYzIzI=/jumlah-ternak-yang-dipotong-menurut-jenis-ternak.html; /2/MTc3IzI=/jumlah-penduduk-berumur-15-tahun-keatas-yang--bekerja-selama-seminggu-yang-lalu-menurut-jenis--pekerjaan-utama-dan-jenis-kelamin.html; /2/MjA5IzI=/jumlah-angkatan-kerja-menurut-jenis-kegiatan-selama-seminggu-yang-lalu-di-kabupaten-barru.html; /2/MTI5IzI=/jumlah-penduduk-berumur-15-tahun-keatas-menurut-jenis-kegiatan-utama-selama-seminggu-yang-lalu-dan-jenis-kelamin.html; /2/MTMzIzI=/jumlah-penduduk-berumur-15-tahun-keatas-yang-bekerja-selama-seminggu-yang-lalu-menurut-pendidikan-tertinggi-dan-jenis-kelamin.html; /2/MTMyIzI=/jumlah-penduduk-berumur-15-tahun-keatas-yang-bekerja-selama-seminggu-yang-lalu-menurut-lapangan-pekerjaan-dan-jenis-kelamin.html,4.0,0,Tidak ada
118,2018,Kabupaten Barru,5367.0,Data Tersedia,2023-03-08 01:48:24,Jumlah Sertifikat Tanah yang Diterbitkan Menurut Jenis Hak Atas Tanah,534.0,"Keuangan Pemerintah, Fiskal dan Statistik Sektor Publik",205.0,,MjA0IzI=; MTYzIzI=; MTc3IzI=; MjA5IzI=; MTI5IzI=; MTMzIzI=; MTMyIzI=,Jumlah Surat Nikah yang Diterbitkan Menurut Kecamatan; Jumlah Ternak Yang Dipotong menurut Jenis Ternak; Jumlah Penduduk Berumur 15 Tahun Keatas yang  Bekerja Selama Seminggu Yang Lalu Menurut Jenis  Pekerjaan Utama dan Jenis Kelamin; Jumlah Angkatan Kerja Menurut Jenis Kegiatan Selama Seminggu yang Lalu di Kabupaten Barru; Jumlah penduduk berumur 15 tahun keatas menurut jenis kegiatan utama selama seminggu yang lalu dan jenis kelamin; Jumlah penduduk berumur 15 tahun keatas yang bekerja selama seminggu yang lalu menurut pendidikan tertinggi dan jenis kelamin; Jumlah Penduduk Berumur 15 Tahun Keatas Yang Bekerja Selama Seminggu Yang Lalu Menurut Lapangan Pekerjaan Dan Jenis Kelamin,/2/MjA0IzI=/jumlah-surat-nikah-yang-diterbitkan-menurut-kecamatan.html; /2/MTYzIzI=/jumlah-ternak-yang-dipotong-menurut-jenis-ternak.html; /2/MTc3IzI=/jumlah-penduduk-berumur-15-tahun-keatas-yang--bekerja-selama-seminggu-yang-lalu-menurut-jenis--pekerjaan-utama-dan-jenis-kelamin.html; /2/MjA5IzI=/jumlah-angkatan-kerja-menurut-jenis-kegiatan-selama-seminggu-yang-lalu-di-kabupaten-barru.html; /2/MTI5IzI=/jumlah-penduduk-berumur-15-tahun-keatas-menurut-jenis-kegiatan-utama-selama-seminggu-yang-lalu-dan-jenis-kelamin.html; /2/MTMzIzI=/jumlah-penduduk-berumur-15-tahun-keatas-yang-bekerja-selama-seminggu-yang-lalu-menurut-pendidikan-tertinggi-dan-jenis-kelamin.html; /2/MTMyIzI=/jumlah-penduduk-berumur-15-tahun-keatas-yang-bekerja-selama-seminggu-yang-lalu-menurut-lapangan-pekerjaan-dan-jenis-kelamin.html,5.0,0,Tidak ada
119,2019,Hak Milik,5040.0,Data Tersedia,2023-03-08 01:48:24,Jumlah Sertifikat Tanah yang Diterbitkan Menurut Jenis Hak Atas Tanah,534.0,"Keuangan Pemerintah, Fiskal dan Statistik Sektor Publik",205.0,,MjA0IzI=; MTYzIzI=; MTc3IzI=; MjA5IzI=; MTI5IzI=; MTMzIzI=; MTMyIzI=,Jumlah Surat Nikah yang Diterbitkan Menurut Kecamatan; Jumlah Ternak Yang Dipotong menurut Jenis Ternak; Jumlah Penduduk Berumur 15 Tahun Keatas yang  Bekerja Selama Seminggu Yang Lalu Menurut Jenis  Pekerjaan Utama dan Jenis Kelamin; Jumlah Angkatan Kerja Menurut Jenis Kegiatan Selama Seminggu yang Lalu di Kabupaten Barru; Jumlah penduduk berumur 15 tahun keatas menurut jenis kegiatan utama selama seminggu yang lalu dan jenis kelamin; Jumlah penduduk berumur 15 tahun keatas yang bekerja selama seminggu yang lalu menurut pendidikan tertinggi dan jenis kelamin; Jumlah Penduduk Berumur 15 Tahun Keatas Yang Bekerja Selama Seminggu Yang Lalu Menurut Lapangan Pekerjaan Dan Jenis Kelamin,/2/MjA0IzI=/jumlah-surat-nikah-yang-diterbitkan-menurut-kecamatan.html; /2/MTYzIzI=/jumlah-ternak-yang-dipotong-menurut-jenis-ternak.html; /2/MTc3IzI=/jumlah-penduduk-berumur-15-tahun-keatas-yang--bekerja-selama-seminggu-yang-lalu-menurut-jenis--pekerjaan-utama-dan-jenis-kelamin.html; /2/MjA5IzI=/jumlah-angkatan-kerja-menurut-jenis-kegiatan-selama-seminggu-yang-lalu-di-kabupaten-barru.html; /2/MTI5IzI=/jumlah-penduduk-berumur-15-tahun-keatas-menurut-jenis-kegiatan-utama-selama-seminggu-yang-lalu-dan-jenis-kelamin.html; /2/MTMzIzI=/jumlah-penduduk-berumur-15-tahun-keatas-yang-bekerja-selama-seminggu-yang-lalu-menurut-pendidikan-tertinggi-dan-jenis-kelamin.html; /2/MTMyIzI=/jumlah-penduduk-berumur-15-tahun-keatas-yang-bekerja-selama-seminggu-yang-lalu-menurut-lapangan-pekerjaan-dan-jenis-kelamin.html,1.0,0,Tidak ada
119,2019,Hak Guna Bangunan,380.0,Data Tersedia,2023-03-08 01:48:24,Jumlah Sertifikat Tanah yang Diterbitkan Menurut Jenis Hak Atas Tanah,534.0,"Keuangan Pemerintah, Fiskal dan Statistik Sektor Publik",205.0,,MjA0IzI=; MTYzIzI=; MTc3IzI=; MjA5IzI=; MTI5IzI=; MTMzIzI=; MTMyIzI=,Jumlah Surat Nikah yang Diterbitkan Menurut Kecamatan; Jumlah Ternak Yang Dipotong menurut Jenis Ternak; Jumlah Penduduk Berumur 15 Tahun Keatas yang  Bekerja Selama Seminggu Yang Lalu Menurut Jenis  Pekerjaan Utama dan Jenis Kelamin; Jumlah Angkatan Kerja Menurut Jenis Kegiatan Selama Seminggu yang Lalu di Kabupaten Barru; Jumlah penduduk berumur 15 tahun keatas menurut jenis kegiatan utama selama seminggu yang lalu dan jenis kelamin; Jumlah penduduk berumur 15 tahun keatas yang bekerja selama seminggu yang lalu menurut pendidikan tertinggi dan jenis kelamin; Jumlah Penduduk Berumur 15 Tahun Keatas Yang Bekerja Selama Seminggu Yang Lalu Menurut Lapangan Pekerjaan Dan Jenis Kelamin,/2/MjA0IzI=/jumlah-surat-nikah-yang-diterbitkan-menurut-kecamatan.html; /2/MTYzIzI=/jumlah-ternak-yang-dipotong-menurut-jenis-ternak.html; /2/MTc3IzI=/jumlah-penduduk-berumur-15-tahun-keatas-yang--bekerja-selama-seminggu-yang-lalu-menurut-jenis--pekerjaan-utama-dan-jenis-kelamin.html; /2/MjA5IzI=/jumlah-angkatan-kerja-menurut-jenis-kegiatan-selama-seminggu-yang-lalu-di-kabupaten-barru.html; /2/MTI5IzI=/jumlah-penduduk-berumur-15-tahun-keatas-menurut-jenis-kegiatan-utama-selama-seminggu-yang-lalu-dan-jenis-kelamin.html; /2/MTMzIzI=/jumlah-penduduk-berumur-15-tahun-keatas-yang-bekerja-selama-seminggu-yang-lalu-menurut-pendidikan-tertinggi-dan-jenis-kelamin.html; /2/MTMyIzI=/jumlah-penduduk-berumur-15-tahun-keatas-yang-bekerja-selama-seminggu-yang-lalu-menurut-lapangan-pekerjaan-dan-jenis-kelamin.html,2.0,0,Tidak ada
119,2019,Hak Guna Usaha,,Data Tidak Ditemukan,2023-03-08 01:48:24,Jumlah Sertifikat Tanah yang Diterbitkan Menurut Jenis Hak Atas Tanah,534.0,"Keuangan Pemerintah, Fiskal dan Statistik Sektor Publik",205.0,,MjA0IzI=; MTYzIzI=; MTc3IzI=; MjA5IzI=; MTI5IzI=; MTMzIzI=; MTMyIzI=,Jumlah Surat Nikah yang Diterbitkan Menurut Kecamatan; Jumlah Ternak Yang Dipotong menurut Jenis Ternak; Jumlah Penduduk Berumur 15 Tahun Keatas yang  Bekerja Selama Seminggu Yang Lalu Menurut Jenis  Pekerjaan Utama dan Jenis Kelamin; Jumlah Angkatan Kerja Menurut Jenis Kegiatan Selama Seminggu yang Lalu di Kabupaten Barru; Jumlah penduduk berumur 15 tahun keatas menurut jenis kegiatan utama selama seminggu yang lalu dan jenis kelamin; Jumlah penduduk berumur 15 tahun keatas yang bekerja selama seminggu yang lalu menurut pendidikan tertinggi dan jenis kelamin; Jumlah Penduduk Berumur 15 Tahun Keatas Yang Bekerja Selama Seminggu Yang Lalu Menurut Lapangan Pekerjaan Dan Jenis Kelamin,/2/MjA0IzI=/jumlah-surat-nikah-yang-diterbitkan-menurut-kecamatan.html; /2/MTYzIzI=/jumlah-ternak-yang-dipotong-menurut-jenis-ternak.html; /2/MTc3IzI=/jumlah-penduduk-berumur-15-tahun-keatas-yang--bekerja-selama-seminggu-yang-lalu-menurut-jenis--pekerjaan-utama-dan-jenis-kelamin.html; /2/MjA5IzI=/jumlah-angkatan-kerja-menurut-jenis-kegiatan-selama-seminggu-yang-lalu-di-kabupaten-barru.html; /2/MTI5IzI=/jumlah-penduduk-berumur-15-tahun-keatas-menurut-jenis-kegiatan-utama-selama-seminggu-yang-lalu-dan-jenis-kelamin.html; /2/MTMzIzI=/jumlah-penduduk-berumur-15-tahun-keatas-yang-bekerja-selama-seminggu-yang-lalu-menurut-pendidikan-tertinggi-dan-jenis-kelamin.html; /2/MTMyIzI=/jumlah-penduduk-berumur-15-tahun-keatas-yang-bekerja-selama-seminggu-yang-lalu-menurut-lapangan-pekerjaan-dan-jenis-kelamin.html,3.0,0,Tidak ada
119,2019,Hak Pakai,,Data Tidak Ditemukan,2023-03-08 01:48:24,Jumlah Sertifikat Tanah yang Diterbitkan Menurut Jenis Hak Atas Tanah,534.0,"Keuangan Pemerintah, Fiskal dan Statistik Sektor Publik",205.0,,MjA0IzI=; MTYzIzI=; MTc3IzI=; MjA5IzI=; MTI5IzI=; MTMzIzI=; MTMyIzI=,Jumlah Surat Nikah yang Diterbitkan Menurut Kecamatan; Jumlah Ternak Yang Dipotong menurut Jenis Ternak; Jumlah Penduduk Berumur 15 Tahun Keatas yang  Bekerja Selama Seminggu Yang Lalu Menurut Jenis  Pekerjaan Utama dan Jenis Kelamin; Jumlah Angkatan Kerja Menurut Jenis Kegiatan Selama Seminggu yang Lalu di Kabupaten Barru; Jumlah penduduk berumur 15 tahun keatas menurut jenis kegiatan utama selama seminggu yang lalu dan jenis kelamin; Jumlah penduduk berumur 15 tahun keatas yang bekerja selama seminggu yang lalu menurut pendidikan tertinggi dan jenis kelamin; Jumlah Penduduk Berumur 15 Tahun Keatas Yang Bekerja Selama Seminggu Yang Lalu Menurut Lapangan Pekerjaan Dan Jenis Kelamin,/2/MjA0IzI=/jumlah-surat-nikah-yang-diterbitkan-menurut-kecamatan.html; /2/MTYzIzI=/jumlah-ternak-yang-dipotong-menurut-jenis-ternak.html; /2/MTc3IzI=/jumlah-penduduk-berumur-15-tahun-keatas-yang--bekerja-selama-seminggu-yang-lalu-menurut-jenis--pekerjaan-utama-dan-jenis-kelamin.html; /2/MjA5IzI=/jumlah-angkatan-kerja-menurut-jenis-kegiatan-selama-seminggu-yang-lalu-di-kabupaten-barru.html; /2/MTI5IzI=/jumlah-penduduk-berumur-15-tahun-keatas-menurut-jenis-kegiatan-utama-selama-seminggu-yang-lalu-dan-jenis-kelamin.html; /2/MTMzIzI=/jumlah-penduduk-berumur-15-tahun-keatas-yang-bekerja-selama-seminggu-yang-lalu-menurut-pendidikan-tertinggi-dan-jenis-kelamin.html; /2/MTMyIzI=/jumlah-penduduk-berumur-15-tahun-keatas-yang-bekerja-selama-seminggu-yang-lalu-menurut-lapangan-pekerjaan-dan-jenis-kelamin.html,4.0,0,Tidak ada
119,2019,Kabupaten Barru,5420.0,Data Tersedia,2023-03-08 01:48:24,Jumlah Sertifikat Tanah yang Diterbitkan Menurut Jenis Hak Atas Tanah,534.0,"Keuangan Pemerintah, Fiskal dan Statistik Sektor Publik",205.0,,MjA0IzI=; MTYzIzI=; MTc3IzI=; MjA5IzI=; MTI5IzI=; MTMzIzI=; MTMyIzI=,Jumlah Surat Nikah yang Diterbitkan Menurut Kecamatan; Jumlah Ternak Yang Dipotong menurut Jenis Ternak; Jumlah Penduduk Berumur 15 Tahun Keatas yang  Bekerja Selama Seminggu Yang Lalu Menurut Jenis  Pekerjaan Utama dan Jenis Kelamin; Jumlah Angkatan Kerja Menurut Jenis Kegiatan Selama Seminggu yang Lalu di Kabupaten Barru; Jumlah penduduk berumur 15 tahun keatas menurut jenis kegiatan utama selama seminggu yang lalu dan jenis kelamin; Jumlah penduduk berumur 15 tahun keatas yang bekerja selama seminggu yang lalu menurut pendidikan tertinggi dan jenis kelamin; Jumlah Penduduk Berumur 15 Tahun Keatas Yang Bekerja Selama Seminggu Yang Lalu Menurut Lapangan Pekerjaan Dan Jenis Kelamin,/2/MjA0IzI=/jumlah-surat-nikah-yang-diterbitkan-menurut-kecamatan.html; /2/MTYzIzI=/jumlah-ternak-yang-dipotong-menurut-jenis-ternak.html; /2/MTc3IzI=/jumlah-penduduk-berumur-15-tahun-keatas-yang--bekerja-selama-seminggu-yang-lalu-menurut-jenis--pekerjaan-utama-dan-jenis-kelamin.html; /2/MjA5IzI=/jumlah-angkatan-kerja-menurut-jenis-kegiatan-selama-seminggu-yang-lalu-di-kabupaten-barru.html; /2/MTI5IzI=/jumlah-penduduk-berumur-15-tahun-keatas-menurut-jenis-kegiatan-utama-selama-seminggu-yang-lalu-dan-jenis-kelamin.html; /2/MTMzIzI=/jumlah-penduduk-berumur-15-tahun-keatas-yang-bekerja-selama-seminggu-yang-lalu-menurut-pendidikan-tertinggi-dan-jenis-kelamin.html; /2/MTMyIzI=/jumlah-penduduk-berumur-15-tahun-keatas-yang-bekerja-selama-seminggu-yang-lalu-menurut-lapangan-pekerjaan-dan-jenis-kelamin.html,5.0,0,Tidak ada
120,2020,Hak Milik,4238.0,Data Tersedia,2023-03-08 01:48:24,Jumlah Sertifikat Tanah yang Diterbitkan Menurut Jenis Hak Atas Tanah,534.0,"Keuangan Pemerintah, Fiskal dan Statistik Sektor Publik",205.0,,MjA0IzI=; MTYzIzI=; MTc3IzI=; MjA5IzI=; MTMzIzI=; MTMyIzI=; MTI5IzI=,Jumlah Surat Nikah yang Diterbitkan Menurut Kecamatan; Jumlah Ternak Yang Dipotong menurut Jenis Ternak; Jumlah Penduduk Berumur 15 Tahun Keatas yang  Bekerja Selama Seminggu Yang Lalu Menurut Jenis  Pekerjaan Utama dan Jenis Kelamin; Jumlah Angkatan Kerja Menurut Jenis Kegiatan Selama Seminggu yang Lalu di Kabupaten Barru; Jumlah penduduk berumur 15 tahun keatas yang bekerja selama seminggu yang lalu menurut pendidikan tertinggi dan jenis kelamin; Jumlah Penduduk Berumur 15 Tahun Keatas Yang Bekerja Selama Seminggu Yang Lalu Menurut Lapangan Pekerjaan Dan Jenis Kelamin; Jumlah penduduk berumur 15 tahun keatas menurut jenis kegiatan utama selama seminggu yang lalu dan jenis kelamin,/2/MjA0IzI=/jumlah-surat-nikah-yang-diterbitkan-menurut-kecamatan.html; /2/MTYzIzI=/jumlah-ternak-yang-dipotong-menurut-jenis-ternak.html; /2/MTc3IzI=/jumlah-penduduk-berumur-15-tahun-keatas-yang--bekerja-selama-seminggu-yang-lalu-menurut-jenis--pekerjaan-utama-dan-jenis-kelamin.html; /2/MjA5IzI=/jumlah-angkatan-kerja-menurut-jenis-kegiatan-selama-seminggu-yang-lalu-di-kabupaten-barru.html; /2/MTMzIzI=/jumlah-penduduk-berumur-15-tahun-keatas-yang-bekerja-selama-seminggu-yang-lalu-menurut-pendidikan-tertinggi-dan-jenis-kelamin.html; /2/MTMyIzI=/jumlah-penduduk-berumur-15-tahun-keatas-yang-bekerja-selama-seminggu-yang-lalu-menurut-lapangan-pekerjaan-dan-jenis-kelamin.html; /2/MTI5IzI=/jumlah-penduduk-berumur-15-tahun-keatas-menurut-jenis-kegiatan-utama-selama-seminggu-yang-lalu-dan-jenis-kelamin.html,1.0,0,Tidak ada
120,2020,Hak Guna Bangunan,183.0,Data Tersedia,2023-03-08 01:48:24,Jumlah Sertifikat Tanah yang Diterbitkan Menurut Jenis Hak Atas Tanah,534.0,"Keuangan Pemerintah, Fiskal dan Statistik Sektor Publik",205.0,,MjA0IzI=; MTYzIzI=; MTc3IzI=; MjA5IzI=; MTMzIzI=; MTMyIzI=; MTI5IzI=,Jumlah Surat Nikah yang Diterbitkan Menurut Kecamatan; Jumlah Ternak Yang Dipotong menurut Jenis Ternak; Jumlah Penduduk Berumur 15 Tahun Keatas yang  Bekerja Selama Seminggu Yang Lalu Menurut Jenis  Pekerjaan Utama dan Jenis Kelamin; Jumlah Angkatan Kerja Menurut Jenis Kegiatan Selama Seminggu yang Lalu di Kabupaten Barru; Jumlah penduduk berumur 15 tahun keatas yang bekerja selama seminggu yang lalu menurut pendidikan tertinggi dan jenis kelamin; Jumlah Penduduk Berumur 15 Tahun Keatas Yang Bekerja Selama Seminggu Yang Lalu Menurut Lapangan Pekerjaan Dan Jenis Kelamin; Jumlah penduduk berumur 15 tahun keatas menurut jenis kegiatan utama selama seminggu yang lalu dan jenis kelamin,/2/MjA0IzI=/jumlah-surat-nikah-yang-diterbitkan-menurut-kecamatan.html; /2/MTYzIzI=/jumlah-ternak-yang-dipotong-menurut-jenis-ternak.html; /2/MTc3IzI=/jumlah-penduduk-berumur-15-tahun-keatas-yang--bekerja-selama-seminggu-yang-lalu-menurut-jenis--pekerjaan-utama-dan-jenis-kelamin.html; /2/MjA5IzI=/jumlah-angkatan-kerja-menurut-jenis-kegiatan-selama-seminggu-yang-lalu-di-kabupaten-barru.html; /2/MTMzIzI=/jumlah-penduduk-berumur-15-tahun-keatas-yang-bekerja-selama-seminggu-yang-lalu-menurut-pendidikan-tertinggi-dan-jenis-kelamin.html; /2/MTMyIzI=/jumlah-penduduk-berumur-15-tahun-keatas-yang-bekerja-selama-seminggu-yang-lalu-menurut-lapangan-pekerjaan-dan-jenis-kelamin.html; /2/MTI5IzI=/jumlah-penduduk-berumur-15-tahun-keatas-menurut-jenis-kegiatan-utama-selama-seminggu-yang-lalu-dan-jenis-kelamin.html,2.0,0,Tidak ada
120,2020,Hak Guna Usaha,,Data Tidak Ditemukan,2023-03-08 01:48:24,Jumlah Sertifikat Tanah yang Diterbitkan Menurut Jenis Hak Atas Tanah,534.0,"Keuangan Pemerintah, Fiskal dan Statistik Sektor Publik",205.0,,MjA0IzI=; MTYzIzI=; MTc3IzI=; MjA5IzI=; MTMzIzI=; MTMyIzI=; MTI5IzI=,Jumlah Surat Nikah yang Diterbitkan Menurut Kecamatan; Jumlah Ternak Yang Dipotong menurut Jenis Ternak; Jumlah Penduduk Berumur 15 Tahun Keatas yang  Bekerja Selama Seminggu Yang Lalu Menurut Jenis  Pekerjaan Utama dan Jenis Kelamin; Jumlah Angkatan Kerja Menurut Jenis Kegiatan Selama Seminggu yang Lalu di Kabupaten Barru; Jumlah penduduk berumur 15 tahun keatas yang bekerja selama seminggu yang lalu menurut pendidikan tertinggi dan jenis kelamin; Jumlah Penduduk Berumur 15 Tahun Keatas Yang Bekerja Selama Seminggu Yang Lalu Menurut Lapangan Pekerjaan Dan Jenis Kelamin; Jumlah penduduk berumur 15 tahun keatas menurut jenis kegiatan utama selama seminggu yang lalu dan jenis kelamin,/2/MjA0IzI=/jumlah-surat-nikah-yang-diterbitkan-menurut-kecamatan.html; /2/MTYzIzI=/jumlah-ternak-yang-dipotong-menurut-jenis-ternak.html; /2/MTc3IzI=/jumlah-penduduk-berumur-15-tahun-keatas-yang--bekerja-selama-seminggu-yang-lalu-menurut-jenis--pekerjaan-utama-dan-jenis-kelamin.html; /2/MjA5IzI=/jumlah-angkatan-kerja-menurut-jenis-kegiatan-selama-seminggu-yang-lalu-di-kabupaten-barru.html; /2/MTMzIzI=/jumlah-penduduk-berumur-15-tahun-keatas-yang-bekerja-selama-seminggu-yang-lalu-menurut-pendidikan-tertinggi-dan-jenis-kelamin.html; /2/MTMyIzI=/jumlah-penduduk-berumur-15-tahun-keatas-yang-bekerja-selama-seminggu-yang-lalu-menurut-lapangan-pekerjaan-dan-jenis-kelamin.html; /2/MTI5IzI=/jumlah-penduduk-berumur-15-tahun-keatas-menurut-jenis-kegiatan-utama-selama-seminggu-yang-lalu-dan-jenis-kelamin.html,3.0,0,Tidak ada
120,2020,Hak Pakai,,Data Tidak Ditemukan,2023-03-08 01:48:24,Jumlah Sertifikat Tanah yang Diterbitkan Menurut Jenis Hak Atas Tanah,534.0,"Keuangan Pemerintah, Fiskal dan Statistik Sektor Publik",205.0,,MjA0IzI=; MTYzIzI=; MTc3IzI=; MjA5IzI=; MTMzIzI=; MTMyIzI=; MTI5IzI=,Jumlah Surat Nikah yang Diterbitkan Menurut Kecamatan; Jumlah Ternak Yang Dipotong menurut Jenis Ternak; Jumlah Penduduk Berumur 15 Tahun Keatas yang  Bekerja Selama Seminggu Yang Lalu Menurut Jenis  Pekerjaan Utama dan Jenis Kelamin; Jumlah Angkatan Kerja Menurut Jenis Kegiatan Selama Seminggu yang Lalu di Kabupaten Barru; Jumlah penduduk berumur 15 tahun keatas yang bekerja selama seminggu yang lalu menurut pendidikan tertinggi dan jenis kelamin; Jumlah Penduduk Berumur 15 Tahun Keatas Yang Bekerja Selama Seminggu Yang Lalu Menurut Lapangan Pekerjaan Dan Jenis Kelamin; Jumlah penduduk berumur 15 tahun keatas menurut jenis kegiatan utama selama seminggu yang lalu dan jenis kelamin,/2/MjA0IzI=/jumlah-surat-nikah-yang-diterbitkan-menurut-kecamatan.html; /2/MTYzIzI=/jumlah-ternak-yang-dipotong-menurut-jenis-ternak.html; /2/MTc3IzI=/jumlah-penduduk-berumur-15-tahun-keatas-yang--bekerja-selama-seminggu-yang-lalu-menurut-jenis--pekerjaan-utama-dan-jenis-kelamin.html; /2/MjA5IzI=/jumlah-angkatan-kerja-menurut-jenis-kegiatan-selama-seminggu-yang-lalu-di-kabupaten-barru.html; /2/MTMzIzI=/jumlah-penduduk-berumur-15-tahun-keatas-yang-bekerja-selama-seminggu-yang-lalu-menurut-pendidikan-tertinggi-dan-jenis-kelamin.html; /2/MTMyIzI=/jumlah-penduduk-berumur-15-tahun-keatas-yang-bekerja-selama-seminggu-yang-lalu-menurut-lapangan-pekerjaan-dan-jenis-kelamin.html; /2/MTI5IzI=/jumlah-penduduk-berumur-15-tahun-keatas-menurut-jenis-kegiatan-utama-selama-seminggu-yang-lalu-dan-jenis-kelamin.html,4.0,0,Tidak ada
120,2020,Kabupaten Barru,4421.0,Data Tersedia,2023-03-08 01:48:24,Jumlah Sertifikat Tanah yang Diterbitkan Menurut Jenis Hak Atas Tanah,534.0,"Keuangan Pemerintah, Fiskal dan Statistik Sektor Publik",205.0,,MjA0IzI=; MTYzIzI=; MTc3IzI=; MjA5IzI=; MTMzIzI=; MTMyIzI=; MTI5IzI=,Jumlah Surat Nikah yang Diterbitkan Menurut Kecamatan; Jumlah Ternak Yang Dipotong menurut Jenis Ternak; Jumlah Penduduk Berumur 15 Tahun Keatas yang  Bekerja Selama Seminggu Yang Lalu Menurut Jenis  Pekerjaan Utama dan Jenis Kelamin; Jumlah Angkatan Kerja Menurut Jenis Kegiatan Selama Seminggu yang Lalu di Kabupaten Barru; Jumlah penduduk berumur 15 tahun keatas yang bekerja selama seminggu yang lalu menurut pendidikan tertinggi dan jenis kelamin; Jumlah Penduduk Berumur 15 Tahun Keatas Yang Bekerja Selama Seminggu Yang Lalu Menurut Lapangan Pekerjaan Dan Jenis Kelamin; Jumlah penduduk berumur 15 tahun keatas menurut jenis kegiatan utama selama seminggu yang lalu dan jenis kelamin,/2/MjA0IzI=/jumlah-surat-nikah-yang-diterbitkan-menurut-kecamatan.html; /2/MTYzIzI=/jumlah-ternak-yang-dipotong-menurut-jenis-ternak.html; /2/MTc3IzI=/jumlah-penduduk-berumur-15-tahun-keatas-yang--bekerja-selama-seminggu-yang-lalu-menurut-jenis--pekerjaan-utama-dan-jenis-kelamin.html; /2/MjA5IzI=/jumlah-angkatan-kerja-menurut-jenis-kegiatan-selama-seminggu-yang-lalu-di-kabupaten-barru.html; /2/MTMzIzI=/jumlah-penduduk-berumur-15-tahun-keatas-yang-bekerja-selama-seminggu-yang-lalu-menurut-pendidikan-tertinggi-dan-jenis-kelamin.html; /2/MTMyIzI=/jumlah-penduduk-berumur-15-tahun-keatas-yang-bekerja-selama-seminggu-yang-lalu-menurut-lapangan-pekerjaan-dan-jenis-kelamin.html; /2/MTI5IzI=/jumlah-penduduk-berumur-15-tahun-keatas-menurut-jenis-kegiatan-utama-selama-seminggu-yang-lalu-dan-jenis-kelamin.html,5.0,0,Tidak ada
121,2021,Hak Milik,5464.0,Data Tersedia,2023-03-08 01:48:24,Jumlah Sertifikat Tanah yang Diterbitkan Menurut Jenis Hak Atas Tanah,534.0,"Keuangan Pemerintah, Fiskal dan Statistik Sektor Publik",205.0,,MjA0IzI=; MTYzIzI=; MTc3IzI=; MjA5IzI=; MTMzIzI=; MTMyIzI=; MTI5IzI=,Jumlah Surat Nikah yang Diterbitkan Menurut Kecamatan; Jumlah Ternak Yang Dipotong menurut Jenis Ternak; Jumlah Penduduk Berumur 15 Tahun Keatas yang  Bekerja Selama Seminggu Yang Lalu Menurut Jenis  Pekerjaan Utama dan Jenis Kelamin; Jumlah Angkatan Kerja Menurut Jenis Kegiatan Selama Seminggu yang Lalu di Kabupaten Barru; Jumlah penduduk berumur 15 tahun keatas yang bekerja selama seminggu yang lalu menurut pendidikan tertinggi dan jenis kelamin; Jumlah Penduduk Berumur 15 Tahun Keatas Yang Bekerja Selama Seminggu Yang Lalu Menurut Lapangan Pekerjaan Dan Jenis Kelamin; Jumlah penduduk berumur 15 tahun keatas menurut jenis kegiatan utama selama seminggu yang lalu dan jenis kelamin,/2/MjA0IzI=/jumlah-surat-nikah-yang-diterbitkan-menurut-kecamatan.html; /2/MTYzIzI=/jumlah-ternak-yang-dipotong-menurut-jenis-ternak.html; /2/MTc3IzI=/jumlah-penduduk-berumur-15-tahun-keatas-yang--bekerja-selama-seminggu-yang-lalu-menurut-jenis--pekerjaan-utama-dan-jenis-kelamin.html; /2/MjA5IzI=/jumlah-angkatan-kerja-menurut-jenis-kegiatan-selama-seminggu-yang-lalu-di-kabupaten-barru.html; /2/MTMzIzI=/jumlah-penduduk-berumur-15-tahun-keatas-yang-bekerja-selama-seminggu-yang-lalu-menurut-pendidikan-tertinggi-dan-jenis-kelamin.html; /2/MTMyIzI=/jumlah-penduduk-berumur-15-tahun-keatas-yang-bekerja-selama-seminggu-yang-lalu-menurut-lapangan-pekerjaan-dan-jenis-kelamin.html; /2/MTI5IzI=/jumlah-penduduk-berumur-15-tahun-keatas-menurut-jenis-kegiatan-utama-selama-seminggu-yang-lalu-dan-jenis-kelamin.html,1.0,0,Tidak ada
121,2021,Hak Guna Bangunan,329.0,Data Tersedia,2023-03-08 01:48:24,Jumlah Sertifikat Tanah yang Diterbitkan Menurut Jenis Hak Atas Tanah,534.0,"Keuangan Pemerintah, Fiskal dan Statistik Sektor Publik",205.0,,MjA0IzI=; MTYzIzI=; MTc3IzI=; MjA5IzI=; MTMzIzI=; MTMyIzI=; MTI5IzI=,Jumlah Surat Nikah yang Diterbitkan Menurut Kecamatan; Jumlah Ternak Yang Dipotong menurut Jenis Ternak; Jumlah Penduduk Berumur 15 Tahun Keatas yang  Bekerja Selama Seminggu Yang Lalu Menurut Jenis  Pekerjaan Utama dan Jenis Kelamin; Jumlah Angkatan Kerja Menurut Jenis Kegiatan Selama Seminggu yang Lalu di Kabupaten Barru; Jumlah penduduk berumur 15 tahun keatas yang bekerja selama seminggu yang lalu menurut pendidikan tertinggi dan jenis kelamin; Jumlah Penduduk Berumur 15 Tahun Keatas Yang Bekerja Selama Seminggu Yang Lalu Menurut Lapangan Pekerjaan Dan Jenis Kelamin; Jumlah penduduk berumur 15 tahun keatas menurut jenis kegiatan utama selama seminggu yang lalu dan jenis kelamin,/2/MjA0IzI=/jumlah-surat-nikah-yang-diterbitkan-menurut-kecamatan.html; /2/MTYzIzI=/jumlah-ternak-yang-dipotong-menurut-jenis-ternak.html; /2/MTc3IzI=/jumlah-penduduk-berumur-15-tahun-keatas-yang--bekerja-selama-seminggu-yang-lalu-menurut-jenis--pekerjaan-utama-dan-jenis-kelamin.html; /2/MjA5IzI=/jumlah-angkatan-kerja-menurut-jenis-kegiatan-selama-seminggu-yang-lalu-di-kabupaten-barru.html; /2/MTMzIzI=/jumlah-penduduk-berumur-15-tahun-keatas-yang-bekerja-selama-seminggu-yang-lalu-menurut-pendidikan-tertinggi-dan-jenis-kelamin.html; /2/MTMyIzI=/jumlah-penduduk-berumur-15-tahun-keatas-yang-bekerja-selama-seminggu-yang-lalu-menurut-lapangan-pekerjaan-dan-jenis-kelamin.html; /2/MTI5IzI=/jumlah-penduduk-berumur-15-tahun-keatas-menurut-jenis-kegiatan-utama-selama-seminggu-yang-lalu-dan-jenis-kelamin.html,2.0,0,Tidak ada
121,2021,Hak Guna Usaha,,Data Tidak Ditemukan,2023-03-08 01:48:24,Jumlah Sertifikat Tanah yang Diterbitkan Menurut Jenis Hak Atas Tanah,534.0,"Keuangan Pemerintah, Fiskal dan Statistik Sektor Publik",205.0,,MjA0IzI=; MTYzIzI=; MTc3IzI=; MjA5IzI=; MTMzIzI=; MTMyIzI=; MTI5IzI=,Jumlah Surat Nikah yang Diterbitkan Menurut Kecamatan; Jumlah Ternak Yang Dipotong menurut Jenis Ternak; Jumlah Penduduk Berumur 15 Tahun Keatas yang  Bekerja Selama Seminggu Yang Lalu Menurut Jenis  Pekerjaan Utama dan Jenis Kelamin; Jumlah Angkatan Kerja Menurut Jenis Kegiatan Selama Seminggu yang Lalu di Kabupaten Barru; Jumlah penduduk berumur 15 tahun keatas yang bekerja selama seminggu yang lalu menurut pendidikan tertinggi dan jenis kelamin; Jumlah Penduduk Berumur 15 Tahun Keatas Yang Bekerja Selama Seminggu Yang Lalu Menurut Lapangan Pekerjaan Dan Jenis Kelamin; Jumlah penduduk berumur 15 tahun keatas menurut jenis kegiatan utama selama seminggu yang lalu dan jenis kelamin,/2/MjA0IzI=/jumlah-surat-nikah-yang-diterbitkan-menurut-kecamatan.html; /2/MTYzIzI=/jumlah-ternak-yang-dipotong-menurut-jenis-ternak.html; /2/MTc3IzI=/jumlah-penduduk-berumur-15-tahun-keatas-yang--bekerja-selama-seminggu-yang-lalu-menurut-jenis--pekerjaan-utama-dan-jenis-kelamin.html; /2/MjA5IzI=/jumlah-angkatan-kerja-menurut-jenis-kegiatan-selama-seminggu-yang-lalu-di-kabupaten-barru.html; /2/MTMzIzI=/jumlah-penduduk-berumur-15-tahun-keatas-yang-bekerja-selama-seminggu-yang-lalu-menurut-pendidikan-tertinggi-dan-jenis-kelamin.html; /2/MTMyIzI=/jumlah-penduduk-berumur-15-tahun-keatas-yang-bekerja-selama-seminggu-yang-lalu-menurut-lapangan-pekerjaan-dan-jenis-kelamin.html; /2/MTI5IzI=/jumlah-penduduk-berumur-15-tahun-keatas-menurut-jenis-kegiatan-utama-selama-seminggu-yang-lalu-dan-jenis-kelamin.html,3.0,0,Tidak ada
121,2021,Hak Pakai,,Data Tidak Ditemukan,2023-03-08 01:48:24,Jumlah Sertifikat Tanah yang Diterbitkan Menurut Jenis Hak Atas Tanah,534.0,"Keuangan Pemerintah, Fiskal dan Statistik Sektor Publik",205.0,,MjA0IzI=; MTYzIzI=; MTc3IzI=; MjA5IzI=; MTMzIzI=; MTMyIzI=; MTI5IzI=,Jumlah Surat Nikah yang Diterbitkan Menurut Kecamatan; Jumlah Ternak Yang Dipotong menurut Jenis Ternak; Jumlah Penduduk Berumur 15 Tahun Keatas yang  Bekerja Selama Seminggu Yang Lalu Menurut Jenis  Pekerjaan Utama dan Jenis Kelamin; Jumlah Angkatan Kerja Menurut Jenis Kegiatan Selama Seminggu yang Lalu di Kabupaten Barru; Jumlah penduduk berumur 15 tahun keatas yang bekerja selama seminggu yang lalu menurut pendidikan tertinggi dan jenis kelamin; Jumlah Penduduk Berumur 15 Tahun Keatas Yang Bekerja Selama Seminggu Yang Lalu Menurut Lapangan Pekerjaan Dan Jenis Kelamin; Jumlah penduduk berumur 15 tahun keatas menurut jenis kegiatan utama selama seminggu yang lalu dan jenis kelamin,/2/MjA0IzI=/jumlah-surat-nikah-yang-diterbitkan-menurut-kecamatan.html; /2/MTYzIzI=/jumlah-ternak-yang-dipotong-menurut-jenis-ternak.html; /2/MTc3IzI=/jumlah-penduduk-berumur-15-tahun-keatas-yang--bekerja-selama-seminggu-yang-lalu-menurut-jenis--pekerjaan-utama-dan-jenis-kelamin.html; /2/MjA5IzI=/jumlah-angkatan-kerja-menurut-jenis-kegiatan-selama-seminggu-yang-lalu-di-kabupaten-barru.html; /2/MTMzIzI=/jumlah-penduduk-berumur-15-tahun-keatas-yang-bekerja-selama-seminggu-yang-lalu-menurut-pendidikan-tertinggi-dan-jenis-kelamin.html; /2/MTMyIzI=/jumlah-penduduk-berumur-15-tahun-keatas-yang-bekerja-selama-seminggu-yang-lalu-menurut-lapangan-pekerjaan-dan-jenis-kelamin.html; /2/MTI5IzI=/jumlah-penduduk-berumur-15-tahun-keatas-menurut-jenis-kegiatan-utama-selama-seminggu-yang-lalu-dan-jenis-kelamin.html,4.0,0,Tidak ada
121,2021,Kabupaten Barru,5793.0,Data Tersedia,2023-03-08 01:48:24,Jumlah Sertifikat Tanah yang Diterbitkan Menurut Jenis Hak Atas Tanah,534.0,"Keuangan Pemerintah, Fiskal dan Statistik Sektor Publik",205.0,,MjA0IzI=; MTYzIzI=; MTc3IzI=; MjA5IzI=; MTMzIzI=; MTMyIzI=; MTI5IzI=,Jumlah Surat Nikah yang Diterbitkan Menurut Kecamatan; Jumlah Ternak Yang Dipotong menurut Jenis Ternak; Jumlah Penduduk Berumur 15 Tahun Keatas yang  Bekerja Selama Seminggu Yang Lalu Menurut Jenis  Pekerjaan Utama dan Jenis Kelamin; Jumlah Angkatan Kerja Menurut Jenis Kegiatan Selama Seminggu yang Lalu di Kabupaten Barru; Jumlah penduduk berumur 15 tahun keatas yang bekerja selama seminggu yang lalu menurut pendidikan tertinggi dan jenis kelamin; Jumlah Penduduk Berumur 15 Tahun Keatas Yang Bekerja Selama Seminggu Yang Lalu Menurut Lapangan Pekerjaan Dan Jenis Kelamin; Jumlah penduduk berumur 15 tahun keatas menurut jenis kegiatan utama selama seminggu yang lalu dan jenis kelamin,/2/MjA0IzI=/jumlah-surat-nikah-yang-diterbitkan-menurut-kecamatan.html; /2/MTYzIzI=/jumlah-ternak-yang-dipotong-menurut-jenis-ternak.html; /2/MTc3IzI=/jumlah-penduduk-berumur-15-tahun-keatas-yang--bekerja-selama-seminggu-yang-lalu-menurut-jenis--pekerjaan-utama-dan-jenis-kelamin.html; /2/MjA5IzI=/jumlah-angkatan-kerja-menurut-jenis-kegiatan-selama-seminggu-yang-lalu-di-kabupaten-barru.html; /2/MTMzIzI=/jumlah-penduduk-berumur-15-tahun-keatas-yang-bekerja-selama-seminggu-yang-lalu-menurut-pendidikan-tertinggi-dan-jenis-kelamin.html; /2/MTMyIzI=/jumlah-penduduk-berumur-15-tahun-keatas-yang-bekerja-selama-seminggu-yang-lalu-menurut-lapangan-pekerjaan-dan-jenis-kelamin.html; /2/MTI5IzI=/jumlah-penduduk-berumur-15-tahun-keatas-menurut-jenis-kegiatan-utama-selama-seminggu-yang-lalu-dan-jenis-kelamin.html,5.0,0,Tidak ada
122,2022,Hak Milik,5452.0,Data Tersedia,2023-03-08 01:48:24,Jumlah Sertifikat Tanah yang Diterbitkan Menurut Jenis Hak Atas Tanah,534.0,"Keuangan Pemerintah, Fiskal dan Statistik Sektor Publik",205.0,,MjA0IzI=; MTYzIzI=; MTc3IzI=; MjA5IzI=; MTI5IzI=; MTMzIzI=; MTMyIzI=,Jumlah Surat Nikah yang Diterbitkan Menurut Kecamatan; Jumlah Ternak Yang Dipotong menurut Jenis Ternak; Jumlah Penduduk Berumur 15 Tahun Keatas yang  Bekerja Selama Seminggu Yang Lalu Menurut Jenis  Pekerjaan Utama dan Jenis Kelamin; Jumlah Angkatan Kerja Menurut Jenis Kegiatan Selama Seminggu yang Lalu di Kabupaten Barru; Jumlah penduduk berumur 15 tahun keatas menurut jenis kegiatan utama selama seminggu yang lalu dan jenis kelamin; Jumlah penduduk berumur 15 tahun keatas yang bekerja selama seminggu yang lalu menurut pendidikan tertinggi dan jenis kelamin; Jumlah Penduduk Berumur 15 Tahun Keatas Yang Bekerja Selama Seminggu Yang Lalu Menurut Lapangan Pekerjaan Dan Jenis Kelamin,/2/MjA0IzI=/jumlah-surat-nikah-yang-diterbitkan-menurut-kecamatan.html; /2/MTYzIzI=/jumlah-ternak-yang-dipotong-menurut-jenis-ternak.html; /2/MTc3IzI=/jumlah-penduduk-berumur-15-tahun-keatas-yang--bekerja-selama-seminggu-yang-lalu-menurut-jenis--pekerjaan-utama-dan-jenis-kelamin.html; /2/MjA5IzI=/jumlah-angkatan-kerja-menurut-jenis-kegiatan-selama-seminggu-yang-lalu-di-kabupaten-barru.html; /2/MTI5IzI=/jumlah-penduduk-berumur-15-tahun-keatas-menurut-jenis-kegiatan-utama-selama-seminggu-yang-lalu-dan-jenis-kelamin.html; /2/MTMzIzI=/jumlah-penduduk-berumur-15-tahun-keatas-yang-bekerja-selama-seminggu-yang-lalu-menurut-pendidikan-tertinggi-dan-jenis-kelamin.html; /2/MTMyIzI=/jumlah-penduduk-berumur-15-tahun-keatas-yang-bekerja-selama-seminggu-yang-lalu-menurut-lapangan-pekerjaan-dan-jenis-kelamin.html,1.0,0,Tidak ada
122,2022,Hak Guna Bangunan,510.0,Data Tersedia,2023-03-08 01:48:24,Jumlah Sertifikat Tanah yang Diterbitkan Menurut Jenis Hak Atas Tanah,534.0,"Keuangan Pemerintah, Fiskal dan Statistik Sektor Publik",205.0,,MjA0IzI=; MTYzIzI=; MTc3IzI=; MjA5IzI=; MTI5IzI=; MTMzIzI=; MTMyIzI=,Jumlah Surat Nikah yang Diterbitkan Menurut Kecamatan; Jumlah Ternak Yang Dipotong menurut Jenis Ternak; Jumlah Penduduk Berumur 15 Tahun Keatas yang  Bekerja Selama Seminggu Yang Lalu Menurut Jenis  Pekerjaan Utama dan Jenis Kelamin; Jumlah Angkatan Kerja Menurut Jenis Kegiatan Selama Seminggu yang Lalu di Kabupaten Barru; Jumlah penduduk berumur 15 tahun keatas menurut jenis kegiatan utama selama seminggu yang lalu dan jenis kelamin; Jumlah penduduk berumur 15 tahun keatas yang bekerja selama seminggu yang lalu menurut pendidikan tertinggi dan jenis kelamin; Jumlah Penduduk Berumur 15 Tahun Keatas Yang Bekerja Selama Seminggu Yang Lalu Menurut Lapangan Pekerjaan Dan Jenis Kelamin,/2/MjA0IzI=/jumlah-surat-nikah-yang-diterbitkan-menurut-kecamatan.html; /2/MTYzIzI=/jumlah-ternak-yang-dipotong-menurut-jenis-ternak.html; /2/MTc3IzI=/jumlah-penduduk-berumur-15-tahun-keatas-yang--bekerja-selama-seminggu-yang-lalu-menurut-jenis--pekerjaan-utama-dan-jenis-kelamin.html; /2/MjA5IzI=/jumlah-angkatan-kerja-menurut-jenis-kegiatan-selama-seminggu-yang-lalu-di-kabupaten-barru.html; /2/MTI5IzI=/jumlah-penduduk-berumur-15-tahun-keatas-menurut-jenis-kegiatan-utama-selama-seminggu-yang-lalu-dan-jenis-kelamin.html; /2/MTMzIzI=/jumlah-penduduk-berumur-15-tahun-keatas-yang-bekerja-selama-seminggu-yang-lalu-menurut-pendidikan-tertinggi-dan-jenis-kelamin.html; /2/MTMyIzI=/jumlah-penduduk-berumur-15-tahun-keatas-yang-bekerja-selama-seminggu-yang-lalu-menurut-lapangan-pekerjaan-dan-jenis-kelamin.html,2.0,0,Tidak ada
122,2022,Hak Guna Usaha,,Data Tidak Ditemukan,2023-03-08 01:48:24,Jumlah Sertifikat Tanah yang Diterbitkan Menurut Jenis Hak Atas Tanah,534.0,"Keuangan Pemerintah, Fiskal dan Statistik Sektor Publik",205.0,,MjA0IzI=; MTYzIzI=; MTc3IzI=; MjA5IzI=; MTI5IzI=; MTMzIzI=; MTMyIzI=,Jumlah Surat Nikah yang Diterbitkan Menurut Kecamatan; Jumlah Ternak Yang Dipotong menurut Jenis Ternak; Jumlah Penduduk Berumur 15 Tahun Keatas yang  Bekerja Selama Seminggu Yang Lalu Menurut Jenis  Pekerjaan Utama dan Jenis Kelamin; Jumlah Angkatan Kerja Menurut Jenis Kegiatan Selama Seminggu yang Lalu di Kabupaten Barru; Jumlah penduduk berumur 15 tahun keatas menurut jenis kegiatan utama selama seminggu yang lalu dan jenis kelamin; Jumlah penduduk berumur 15 tahun keatas yang bekerja selama seminggu yang lalu menurut pendidikan tertinggi dan jenis kelamin; Jumlah Penduduk Berumur 15 Tahun Keatas Yang Bekerja Selama Seminggu Yang Lalu Menurut Lapangan Pekerjaan Dan Jenis Kelamin,/2/MjA0IzI=/jumlah-surat-nikah-yang-diterbitkan-menurut-kecamatan.html; /2/MTYzIzI=/jumlah-ternak-yang-dipotong-menurut-jenis-ternak.html; /2/MTc3IzI=/jumlah-penduduk-berumur-15-tahun-keatas-yang--bekerja-selama-seminggu-yang-lalu-menurut-jenis--pekerjaan-utama-dan-jenis-kelamin.html; /2/MjA5IzI=/jumlah-angkatan-kerja-menurut-jenis-kegiatan-selama-seminggu-yang-lalu-di-kabupaten-barru.html; /2/MTI5IzI=/jumlah-penduduk-berumur-15-tahun-keatas-menurut-jenis-kegiatan-utama-selama-seminggu-yang-lalu-dan-jenis-kelamin.html; /2/MTMzIzI=/jumlah-penduduk-berumur-15-tahun-keatas-yang-bekerja-selama-seminggu-yang-lalu-menurut-pendidikan-tertinggi-dan-jenis-kelamin.html; /2/MTMyIzI=/jumlah-penduduk-berumur-15-tahun-keatas-yang-bekerja-selama-seminggu-yang-lalu-menurut-lapangan-pekerjaan-dan-jenis-kelamin.html,3.0,0,Tidak ada
122,2022,Hak Pakai,64.0,Data Tersedia,2023-03-08 01:48:24,Jumlah Sertifikat Tanah yang Diterbitkan Menurut Jenis Hak Atas Tanah,534.0,"Keuangan Pemerintah, Fiskal dan Statistik Sektor Publik",205.0,,MjA0IzI=; MTYzIzI=; MTc3IzI=; MjA5IzI=; MTI5IzI=; MTMzIzI=; MTMyIzI=,Jumlah Surat Nikah yang Diterbitkan Menurut Kecamatan; Jumlah Ternak Yang Dipotong menurut Jenis Ternak; Jumlah Penduduk Berumur 15 Tahun Keatas yang  Bekerja Selama Seminggu Yang Lalu Menurut Jenis  Pekerjaan Utama dan Jenis Kelamin; Jumlah Angkatan Kerja Menurut Jenis Kegiatan Selama Seminggu yang Lalu di Kabupaten Barru; Jumlah penduduk berumur 15 tahun keatas menurut jenis kegiatan utama selama seminggu yang lalu dan jenis kelamin; Jumlah penduduk berumur 15 tahun keatas yang bekerja selama seminggu yang lalu menurut pendidikan tertinggi dan jenis kelamin; Jumlah Penduduk Berumur 15 Tahun Keatas Yang Bekerja Selama Seminggu Yang Lalu Menurut Lapangan Pekerjaan Dan Jenis Kelamin,/2/MjA0IzI=/jumlah-surat-nikah-yang-diterbitkan-menurut-kecamatan.html; /2/MTYzIzI=/jumlah-ternak-yang-dipotong-menurut-jenis-ternak.html; /2/MTc3IzI=/jumlah-penduduk-berumur-15-tahun-keatas-yang--bekerja-selama-seminggu-yang-lalu-menurut-jenis--pekerjaan-utama-dan-jenis-kelamin.html; /2/MjA5IzI=/jumlah-angkatan-kerja-menurut-jenis-kegiatan-selama-seminggu-yang-lalu-di-kabupaten-barru.html; /2/MTI5IzI=/jumlah-penduduk-berumur-15-tahun-keatas-menurut-jenis-kegiatan-utama-selama-seminggu-yang-lalu-dan-jenis-kelamin.html; /2/MTMzIzI=/jumlah-penduduk-berumur-15-tahun-keatas-yang-bekerja-selama-seminggu-yang-lalu-menurut-pendidikan-tertinggi-dan-jenis-kelamin.html; /2/MTMyIzI=/jumlah-penduduk-berumur-15-tahun-keatas-yang-bekerja-selama-seminggu-yang-lalu-menurut-lapangan-pekerjaan-dan-jenis-kelamin.html,4.0,0,Tidak ada
122,2022,Kabupaten Barru,6026.0,Data Tersedia,2023-03-08 01:48:24,Jumlah Sertifikat Tanah yang Diterbitkan Menurut Jenis Hak Atas Tanah,534.0,"Keuangan Pemerintah, Fiskal dan Statistik Sektor Publik",205.0,,MjA0IzI=; MTYzIzI=; MTc3IzI=; MjA5IzI=; MTI5IzI=; MTMzIzI=; MTMyIzI=,Jumlah Surat Nikah yang Diterbitkan Menurut Kecamatan; Jumlah Ternak Yang Dipotong menurut Jenis Ternak; Jumlah Penduduk Berumur 15 Tahun Keatas yang  Bekerja Selama Seminggu Yang Lalu Menurut Jenis  Pekerjaan Utama dan Jenis Kelamin; Jumlah Angkatan Kerja Menurut Jenis Kegiatan Selama Seminggu yang Lalu di Kabupaten Barru; Jumlah penduduk berumur 15 tahun keatas menurut jenis kegiatan utama selama seminggu yang lalu dan jenis kelamin; Jumlah penduduk berumur 15 tahun keatas yang bekerja selama seminggu yang lalu menurut pendidikan tertinggi dan jenis kelamin; Jumlah Penduduk Berumur 15 Tahun Keatas Yang Bekerja Selama Seminggu Yang Lalu Menurut Lapangan Pekerjaan Dan Jenis Kelamin,/2/MjA0IzI=/jumlah-surat-nikah-yang-diterbitkan-menurut-kecamatan.html; /2/MTYzIzI=/jumlah-ternak-yang-dipotong-menurut-jenis-ternak.html; /2/MTc3IzI=/jumlah-penduduk-berumur-15-tahun-keatas-yang--bekerja-selama-seminggu-yang-lalu-menurut-jenis--pekerjaan-utama-dan-jenis-kelamin.html; /2/MjA5IzI=/jumlah-angkatan-kerja-menurut-jenis-kegiatan-selama-seminggu-yang-lalu-di-kabupaten-barru.html; /2/MTI5IzI=/jumlah-penduduk-berumur-15-tahun-keatas-menurut-jenis-kegiatan-utama-selama-seminggu-yang-lalu-dan-jenis-kelamin.html; /2/MTMzIzI=/jumlah-penduduk-berumur-15-tahun-keatas-yang-bekerja-selama-seminggu-yang-lalu-menurut-pendidikan-tertinggi-dan-jenis-kelamin.html; /2/MTMyIzI=/jumlah-penduduk-berumur-15-tahun-keatas-yang-bekerja-selama-seminggu-yang-lalu-menurut-lapangan-pekerjaan-dan-jenis-kelamin.html,5.0,0,Tidak ada
123,,Hak Milik,,Data Tidak Ditemukan,2023-03-08 01:48:24,Jumlah Sertifikat Tanah yang Diterbitkan Menurut Jenis Hak Atas Tanah,534.0,"Keuangan Pemerintah, Fiskal dan Statistik Sektor Publik",205.0,,MjA0IzI=; MTYzIzI=; MTc3IzI=; MjA5IzI=; MTI5IzI=; MTMzIzI=; MTMyIzI=,Jumlah Surat Nikah yang Diterbitkan Menurut Kecamatan; Jumlah Ternak Yang Dipotong menurut Jenis Ternak; Jumlah Penduduk Berumur 15 Tahun Keatas yang  Bekerja Selama Seminggu Yang Lalu Menurut Jenis  Pekerjaan Utama dan Jenis Kelamin; Jumlah Angkatan Kerja Menurut Jenis Kegiatan Selama Seminggu yang Lalu di Kabupaten Barru; Jumlah penduduk berumur 15 tahun keatas menurut jenis kegiatan utama selama seminggu yang lalu dan jenis kelamin; Jumlah penduduk berumur 15 tahun keatas yang bekerja selama seminggu yang lalu menurut pendidikan tertinggi dan jenis kelamin; Jumlah Penduduk Berumur 15 Tahun Keatas Yang Bekerja Selama Seminggu Yang Lalu Menurut Lapangan Pekerjaan Dan Jenis Kelamin,/2/MjA0IzI=/jumlah-surat-nikah-yang-diterbitkan-menurut-kecamatan.html; /2/MTYzIzI=/jumlah-ternak-yang-dipotong-menurut-jenis-ternak.html; /2/MTc3IzI=/jumlah-penduduk-berumur-15-tahun-keatas-yang--bekerja-selama-seminggu-yang-lalu-menurut-jenis--pekerjaan-utama-dan-jenis-kelamin.html; /2/MjA5IzI=/jumlah-angkatan-kerja-menurut-jenis-kegiatan-selama-seminggu-yang-lalu-di-kabupaten-barru.html; /2/MTI5IzI=/jumlah-penduduk-berumur-15-tahun-keatas-menurut-jenis-kegiatan-utama-selama-seminggu-yang-lalu-dan-jenis-kelamin.html; /2/MTMzIzI=/jumlah-penduduk-berumur-15-tahun-keatas-yang-bekerja-selama-seminggu-yang-lalu-menurut-pendidikan-tertinggi-dan-jenis-kelamin.html; /2/MTMyIzI=/jumlah-penduduk-berumur-15-tahun-keatas-yang-bekerja-selama-seminggu-yang-lalu-menurut-lapangan-pekerjaan-dan-jenis-kelamin.html,1.0,0,Tidak ada
123,,Hak Guna Bangunan,,Data Tidak Ditemukan,2023-03-08 01:48:24,Jumlah Sertifikat Tanah yang Diterbitkan Menurut Jenis Hak Atas Tanah,534.0,"Keuangan Pemerintah, Fiskal dan Statistik Sektor Publik",205.0,,MjA0IzI=; MTYzIzI=; MTc3IzI=; MjA5IzI=; MTI5IzI=; MTMzIzI=; MTMyIzI=,Jumlah Surat Nikah yang Diterbitkan Menurut Kecamatan; Jumlah Ternak Yang Dipotong menurut Jenis Ternak; Jumlah Penduduk Berumur 15 Tahun Keatas yang  Bekerja Selama Seminggu Yang Lalu Menurut Jenis  Pekerjaan Utama dan Jenis Kelamin; Jumlah Angkatan Kerja Menurut Jenis Kegiatan Selama Seminggu yang Lalu di Kabupaten Barru; Jumlah penduduk berumur 15 tahun keatas menurut jenis kegiatan utama selama seminggu yang lalu dan jenis kelamin; Jumlah penduduk berumur 15 tahun keatas yang bekerja selama seminggu yang lalu menurut pendidikan tertinggi dan jenis kelamin; Jumlah Penduduk Berumur 15 Tahun Keatas Yang Bekerja Selama Seminggu Yang Lalu Menurut Lapangan Pekerjaan Dan Jenis Kelamin,/2/MjA0IzI=/jumlah-surat-nikah-yang-diterbitkan-menurut-kecamatan.html; /2/MTYzIzI=/jumlah-ternak-yang-dipotong-menurut-jenis-ternak.html; /2/MTc3IzI=/jumlah-penduduk-berumur-15-tahun-keatas-yang--bekerja-selama-seminggu-yang-lalu-menurut-jenis--pekerjaan-utama-dan-jenis-kelamin.html; /2/MjA5IzI=/jumlah-angkatan-kerja-menurut-jenis-kegiatan-selama-seminggu-yang-lalu-di-kabupaten-barru.html; /2/MTI5IzI=/jumlah-penduduk-berumur-15-tahun-keatas-menurut-jenis-kegiatan-utama-selama-seminggu-yang-lalu-dan-jenis-kelamin.html; /2/MTMzIzI=/jumlah-penduduk-berumur-15-tahun-keatas-yang-bekerja-selama-seminggu-yang-lalu-menurut-pendidikan-tertinggi-dan-jenis-kelamin.html; /2/MTMyIzI=/jumlah-penduduk-berumur-15-tahun-keatas-yang-bekerja-selama-seminggu-yang-lalu-menurut-lapangan-pekerjaan-dan-jenis-kelamin.html,2.0,0,Tidak ada
123,,Hak Guna Usaha,,Data Tidak Ditemukan,2023-03-08 01:48:24,Jumlah Sertifikat Tanah yang Diterbitkan Menurut Jenis Hak Atas Tanah,534.0,"Keuangan Pemerintah, Fiskal dan Statistik Sektor Publik",205.0,,MjA0IzI=; MTYzIzI=; MTc3IzI=; MjA5IzI=; MTI5IzI=; MTMzIzI=; MTMyIzI=,Jumlah Surat Nikah yang Diterbitkan Menurut Kecamatan; Jumlah Ternak Yang Dipotong menurut Jenis Ternak; Jumlah Penduduk Berumur 15 Tahun Keatas yang  Bekerja Selama Seminggu Yang Lalu Menurut Jenis  Pekerjaan Utama dan Jenis Kelamin; Jumlah Angkatan Kerja Menurut Jenis Kegiatan Selama Seminggu yang Lalu di Kabupaten Barru; Jumlah penduduk berumur 15 tahun keatas menurut jenis kegiatan utama selama seminggu yang lalu dan jenis kelamin; Jumlah penduduk berumur 15 tahun keatas yang bekerja selama seminggu yang lalu menurut pendidikan tertinggi dan jenis kelamin; Jumlah Penduduk Berumur 15 Tahun Keatas Yang Bekerja Selama Seminggu Yang Lalu Menurut Lapangan Pekerjaan Dan Jenis Kelamin,/2/MjA0IzI=/jumlah-surat-nikah-yang-diterbitkan-menurut-kecamatan.html; /2/MTYzIzI=/jumlah-ternak-yang-dipotong-menurut-jenis-ternak.html; /2/MTc3IzI=/jumlah-penduduk-berumur-15-tahun-keatas-yang--bekerja-selama-seminggu-yang-lalu-menurut-jenis--pekerjaan-utama-dan-jenis-kelamin.html; /2/MjA5IzI=/jumlah-angkatan-kerja-menurut-jenis-kegiatan-selama-seminggu-yang-lalu-di-kabupaten-barru.html; /2/MTI5IzI=/jumlah-penduduk-berumur-15-tahun-keatas-menurut-jenis-kegiatan-utama-selama-seminggu-yang-lalu-dan-jenis-kelamin.html; /2/MTMzIzI=/jumlah-penduduk-berumur-15-tahun-keatas-yang-bekerja-selama-seminggu-yang-lalu-menurut-pendidikan-tertinggi-dan-jenis-kelamin.html; /2/MTMyIzI=/jumlah-penduduk-berumur-15-tahun-keatas-yang-bekerja-selama-seminggu-yang-lalu-menurut-lapangan-pekerjaan-dan-jenis-kelamin.html,3.0,0,Tidak ada
123,,Hak Pakai,,Data Tidak Ditemukan,2023-03-08 01:48:24,Jumlah Sertifikat Tanah yang Diterbitkan Menurut Jenis Hak Atas Tanah,534.0,"Keuangan Pemerintah, Fiskal dan Statistik Sektor Publik",205.0,,MjA0IzI=; MTYzIzI=; MTc3IzI=; MjA5IzI=; MTI5IzI=; MTMzIzI=; MTMyIzI=,Jumlah Surat Nikah yang Diterbitkan Menurut Kecamatan; Jumlah Ternak Yang Dipotong menurut Jenis Ternak; Jumlah Penduduk Berumur 15 Tahun Keatas yang  Bekerja Selama Seminggu Yang Lalu Menurut Jenis  Pekerjaan Utama dan Jenis Kelamin; Jumlah Angkatan Kerja Menurut Jenis Kegiatan Selama Seminggu yang Lalu di Kabupaten Barru; Jumlah penduduk berumur 15 tahun keatas menurut jenis kegiatan utama selama seminggu yang lalu dan jenis kelamin; Jumlah penduduk berumur 15 tahun keatas yang bekerja selama seminggu yang lalu menurut pendidikan tertinggi dan jenis kelamin; Jumlah Penduduk Berumur 15 Tahun Keatas Yang Bekerja Selama Seminggu Yang Lalu Menurut Lapangan Pekerjaan Dan Jenis Kelamin,/2/MjA0IzI=/jumlah-surat-nikah-yang-diterbitkan-menurut-kecamatan.html; /2/MTYzIzI=/jumlah-ternak-yang-dipotong-menurut-jenis-ternak.html; /2/MTc3IzI=/jumlah-penduduk-berumur-15-tahun-keatas-yang--bekerja-selama-seminggu-yang-lalu-menurut-jenis--pekerjaan-utama-dan-jenis-kelamin.html; /2/MjA5IzI=/jumlah-angkatan-kerja-menurut-jenis-kegiatan-selama-seminggu-yang-lalu-di-kabupaten-barru.html; /2/MTI5IzI=/jumlah-penduduk-berumur-15-tahun-keatas-menurut-jenis-kegiatan-utama-selama-seminggu-yang-lalu-dan-jenis-kelamin.html; /2/MTMzIzI=/jumlah-penduduk-berumur-15-tahun-keatas-yang-bekerja-selama-seminggu-yang-lalu-menurut-pendidikan-tertinggi-dan-jenis-kelamin.html; /2/MTMyIzI=/jumlah-penduduk-berumur-15-tahun-keatas-yang-bekerja-selama-seminggu-yang-lalu-menurut-lapangan-pekerjaan-dan-jenis-kelamin.html,4.0,0,Tidak ada
123,,Kabupaten Barru,,Data Tidak Ditemukan,2023-03-08 01:48:24,Jumlah Sertifikat Tanah yang Diterbitkan Menurut Jenis Hak Atas Tanah,534.0,"Keuangan Pemerintah, Fiskal dan Statistik Sektor Publik",205.0,,MjA0IzI=; MTYzIzI=; MTc3IzI=; MjA5IzI=; MTI5IzI=; MTMzIzI=; MTMyIzI=,Jumlah Surat Nikah yang Diterbitkan Menurut Kecamatan; Jumlah Ternak Yang Dipotong menurut Jenis Ternak; Jumlah Penduduk Berumur 15 Tahun Keatas yang  Bekerja Selama Seminggu Yang Lalu Menurut Jenis  Pekerjaan Utama dan Jenis Kelamin; Jumlah Angkatan Kerja Menurut Jenis Kegiatan Selama Seminggu yang Lalu di Kabupaten Barru; Jumlah penduduk berumur 15 tahun keatas menurut jenis kegiatan utama selama seminggu yang lalu dan jenis kelamin; Jumlah penduduk berumur 15 tahun keatas yang bekerja selama seminggu yang lalu menurut pendidikan tertinggi dan jenis kelamin; Jumlah Penduduk Berumur 15 Tahun Keatas Yang Bekerja Selama Seminggu Yang Lalu Menurut Lapangan Pekerjaan Dan Jenis Kelamin,/2/MjA0IzI=/jumlah-surat-nikah-yang-diterbitkan-menurut-kecamatan.html; /2/MTYzIzI=/jumlah-ternak-yang-dipotong-menurut-jenis-ternak.html; /2/MTc3IzI=/jumlah-penduduk-berumur-15-tahun-keatas-yang--bekerja-selama-seminggu-yang-lalu-menurut-jenis--pekerjaan-utama-dan-jenis-kelamin.html; /2/MjA5IzI=/jumlah-angkatan-kerja-menurut-jenis-kegiatan-selama-seminggu-yang-lalu-di-kabupaten-barru.html; /2/MTI5IzI=/jumlah-penduduk-berumur-15-tahun-keatas-menurut-jenis-kegiatan-utama-selama-seminggu-yang-lalu-dan-jenis-kelamin.html; /2/MTMzIzI=/jumlah-penduduk-berumur-15-tahun-keatas-yang-bekerja-selama-seminggu-yang-lalu-menurut-pendidikan-tertinggi-dan-jenis-kelamin.html; /2/MTMyIzI=/jumlah-penduduk-berumur-15-tahun-keatas-yang-bekerja-selama-seminggu-yang-lalu-menurut-lapangan-pekerjaan-dan-jenis-kelamin.html,5.0,0,Tidak ada
124,,,,Data Tidak Ditemukan,,,,,,,,,,,,
125,,,,Data Tidak Ditemukan,,,,,,,,,,,,
