id_tahun,tahun,vervar_label,nilai,status,last_update,var_label,subject_id,subject_label,var_id,var_unit,related_ids,related_titles,related_links,vervar_id,turvar_id,turvar_label
100,,,,Data Tidak Ditemukan,,,,,,,,,,,,
101,,,,Data Tidak Ditemukan,,,,,,,,,,,,
102,,,,Data Tidak Ditemukan,,,,,,,,,,,,
103,,,,Data Tidak Ditemukan,,,,,,,,,,,,
104,,,,Data Tidak Ditemukan,,,,,,,,,,,,
105,,,,Data Tidak Ditemukan,,,,,,,,,,,,
106,,,,Data Tidak Ditemukan,,,,,,,,,,,,
107,,,,Data Tidak Ditemukan,,,,,,,,,,,,
108,,,,Data Tidak Ditemukan,,,,,,,,,,,,
109,,,,Data Tidak Ditemukan,,,,,,,,,,,,
110,,,,Data Tidak Ditemukan,,,,,,,,,,,,
111,,,,Data Tidak Ditemukan,,,,,,,,,,,,
112,,,,Data Tidak Ditemukan,,,,,,,,,,,,
113,,,,Data Tidak Ditemukan,,,,,,,,,,,,
114,,,,Data Tidak Ditemukan,,,,,,,,,,,,
115,,,,Data Tidak Ditemukan,,,,,,,,,,,,
116,,,,Data Tidak Ditemukan,,,,,,,,,,,,
117,,,,Data Tidak Ditemukan,,,,,,,,,,,,
118,,,,Data Tidak Ditemukan,,,,,,,,,,,,
119,,,,Data Tidak Ditemukan,,,,,,,,,,,,
120,,,,Data Tidak Ditemukan,,,,,,,,,,,,
121,,,,Data Tidak Ditemukan,,,,,,,,,,,,
122,2022,Konsumsi Akhir Rumah Tangga,1230.89,Data Tersedia,2025-06-16 08:00:40,Produk Domestik Regional Bruto (PDRB) Triwulanan Menurut Pengeluaran Kabupaten Barru,531.0,Neraca Ekonomi,225.0,Miliar Rupiah,MjM0IzI=; MjI4IzI=; MjI5IzI=; MjMyIzI=; MjMwIzI=; NjkjMg==; UzFSTVVXUlliME5XYzBZNUwwNVFRa3h6Y1d3M1p6MDkjMw==,"Laju Pertumbuhan Produk Domestik Regional Bruto (PDRB) Triwulanan Menurut Pengeluaran Kabupaten Barru; Produk Domestik Regional Bruto (PDRB) Triwulanan Menurut Lapangan Usaha Kabupaten Barru; Distribusi Produk Domestik Regional Bruto (PDRB) Triwulanan Menurut Pengeluaran Atas Dasar Harga Berlaku Kabupaten Barru; Laju Pertumbuhan Produk Domestik Regional Bruto (PDRB) Triwulanan Menurut Lapangan Usaha Kabupaten Barru; Distribusi Produk Domestik Regional Bruto (PDRB) Triwulanan Menurut Lapangan Usaha Atas Dasar Harga Berlaku Kabupaten Barru; Laju Implisit PDRB Menurut Pengeluaran Di Kabupaten Barru, 2011 - 2016; Produk Domestik Regional Bruto Atas Dasar Harga Berlaku Menurut Lapangan Usaha  di Kabupaten Barru (miliar rupiah), 2015",/2/MjM0IzI=/laju-pertumbuhan-produk-domestik-regional-bruto--pdrb--triwulanan-menurut-pengeluaran-kabupaten-barru.html; /2/MjI4IzI=/produk-domestik-regional-bruto--pdrb--triwulanan-menurut-lapangan-usaha-kabupaten-barru.html; /2/MjI5IzI=/distribusi-produk-domestik-regional-bruto--pdrb--triwulanan-menurut-pengeluaran-atas-dasar-harga-berlaku-kabupaten-barru.html; /2/MjMyIzI=/laju-pertumbuhan-produk-domestik-regional-bruto--pdrb--triwulanan-menurut-lapangan-usaha-kabupaten-barru.html; /2/MjMwIzI=/distribusi-produk-domestik-regional-bruto--pdrb--triwulanan-menurut-lapangan-usaha-atas-dasar-harga-berlaku-kabupaten-barru.html; /2/NjkjMg==/laju-implisit-pdrb-menurut-pengeluaran-di-kabupaten-barru--2011---2016.html; /3/UzFSTVVXUlliME5XYzBZNUwwNVFRa3h6Y1d3M1p6MDkjMw==/produk-domestik-regional-bruto-atas-dasar-harga-berlaku-menurut-lapangan-usaha---di-kabupaten-barru--miliar-rupiah---2015.html?year=2015,1.0,198.0,Atas Dasar Harga Berlaku
122,2022,Konsumsi Akhir Rumah Tangga,715.72,Data Tersedia,2025-06-16 08:00:40,Produk Domestik Regional Bruto (PDRB) Triwulanan Menurut Pengeluaran Kabupaten Barru,531.0,Neraca Ekonomi,225.0,Miliar Rupiah,MjM0IzI=; MjI4IzI=; MjI5IzI=; MjMyIzI=; MjMwIzI=; NjkjMg==; UzFSTVVXUlliME5XYzBZNUwwNVFRa3h6Y1d3M1p6MDkjMw==,"Laju Pertumbuhan Produk Domestik Regional Bruto (PDRB) Triwulanan Menurut Pengeluaran Kabupaten Barru; Produk Domestik Regional Bruto (PDRB) Triwulanan Menurut Lapangan Usaha Kabupaten Barru; Distribusi Produk Domestik Regional Bruto (PDRB) Triwulanan Menurut Pengeluaran Atas Dasar Harga Berlaku Kabupaten Barru; Laju Pertumbuhan Produk Domestik Regional Bruto (PDRB) Triwulanan Menurut Lapangan Usaha Kabupaten Barru; Distribusi Produk Domestik Regional Bruto (PDRB) Triwulanan Menurut Lapangan Usaha Atas Dasar Harga Berlaku Kabupaten Barru; Laju Implisit PDRB Menurut Pengeluaran Di Kabupaten Barru, 2011 - 2016; Produk Domestik Regional Bruto Atas Dasar Harga Berlaku Menurut Lapangan Usaha  di Kabupaten Barru (miliar rupiah), 2015",/2/MjM0IzI=/laju-pertumbuhan-produk-domestik-regional-bruto--pdrb--triwulanan-menurut-pengeluaran-kabupaten-barru.html; /2/MjI4IzI=/produk-domestik-regional-bruto--pdrb--triwulanan-menurut-lapangan-usaha-kabupaten-barru.html; /2/MjI5IzI=/distribusi-produk-domestik-regional-bruto--pdrb--triwulanan-menurut-pengeluaran-atas-dasar-harga-berlaku-kabupaten-barru.html; /2/MjMyIzI=/laju-pertumbuhan-produk-domestik-regional-bruto--pdrb--triwulanan-menurut-lapangan-usaha-kabupaten-barru.html; /2/MjMwIzI=/distribusi-produk-domestik-regional-bruto--pdrb--triwulanan-menurut-lapangan-usaha-atas-dasar-harga-berlaku-kabupaten-barru.html; /2/NjkjMg==/laju-implisit-pdrb-menurut-pengeluaran-di-kabupaten-barru--2011---2016.html; /3/UzFSTVVXUlliME5XYzBZNUwwNVFRa3h6Y1d3M1p6MDkjMw==/produk-domestik-regional-bruto-atas-dasar-harga-berlaku-menurut-lapangan-usaha---di-kabupaten-barru--miliar-rupiah---2015.html?year=2015,1.0,199.0,Atas Dasar Harga Konstan
122,2022,Konsumsi Akhir Pemerintah,137.16,Data Tersedia,2025-06-16 08:00:40,Produk Domestik Regional Bruto (PDRB) Triwulanan Menurut Pengeluaran Kabupaten Barru,531.0,Neraca Ekonomi,225.0,Miliar Rupiah,MjM0IzI=; MjI4IzI=; MjI5IzI=; MjMyIzI=; MjMwIzI=; NjkjMg==; UzFSTVVXUlliME5XYzBZNUwwNVFRa3h6Y1d3M1p6MDkjMw==,"Laju Pertumbuhan Produk Domestik Regional Bruto (PDRB) Triwulanan Menurut Pengeluaran Kabupaten Barru; Produk Domestik Regional Bruto (PDRB) Triwulanan Menurut Lapangan Usaha Kabupaten Barru; Distribusi Produk Domestik Regional Bruto (PDRB) Triwulanan Menurut Pengeluaran Atas Dasar Harga Berlaku Kabupaten Barru; Laju Pertumbuhan Produk Domestik Regional Bruto (PDRB) Triwulanan Menurut Lapangan Usaha Kabupaten Barru; Distribusi Produk Domestik Regional Bruto (PDRB) Triwulanan Menurut Lapangan Usaha Atas Dasar Harga Berlaku Kabupaten Barru; Laju Implisit PDRB Menurut Pengeluaran Di Kabupaten Barru, 2011 - 2016; Produk Domestik Regional Bruto Atas Dasar Harga Berlaku Menurut Lapangan Usaha  di Kabupaten Barru (miliar rupiah), 2015",/2/MjM0IzI=/laju-pertumbuhan-produk-domestik-regional-bruto--pdrb--triwulanan-menurut-pengeluaran-kabupaten-barru.html; /2/MjI4IzI=/produk-domestik-regional-bruto--pdrb--triwulanan-menurut-lapangan-usaha-kabupaten-barru.html; /2/MjI5IzI=/distribusi-produk-domestik-regional-bruto--pdrb--triwulanan-menurut-pengeluaran-atas-dasar-harga-berlaku-kabupaten-barru.html; /2/MjMyIzI=/laju-pertumbuhan-produk-domestik-regional-bruto--pdrb--triwulanan-menurut-lapangan-usaha-kabupaten-barru.html; /2/MjMwIzI=/distribusi-produk-domestik-regional-bruto--pdrb--triwulanan-menurut-lapangan-usaha-atas-dasar-harga-berlaku-kabupaten-barru.html; /2/NjkjMg==/laju-implisit-pdrb-menurut-pengeluaran-di-kabupaten-barru--2011---2016.html; /3/UzFSTVVXUlliME5XYzBZNUwwNVFRa3h6Y1d3M1p6MDkjMw==/produk-domestik-regional-bruto-atas-dasar-harga-berlaku-menurut-lapangan-usaha---di-kabupaten-barru--miliar-rupiah---2015.html?year=2015,2.0,198.0,Atas Dasar Harga Berlaku
122,2022,Konsumsi Akhir Pemerintah,84.35,Data Tersedia,2025-06-16 08:00:40,Produk Domestik Regional Bruto (PDRB) Triwulanan Menurut Pengeluaran Kabupaten Barru,531.0,Neraca Ekonomi,225.0,Miliar Rupiah,MjM0IzI=; MjI4IzI=; MjI5IzI=; MjMyIzI=; MjMwIzI=; NjkjMg==; UzFSTVVXUlliME5XYzBZNUwwNVFRa3h6Y1d3M1p6MDkjMw==,"Laju Pertumbuhan Produk Domestik Regional Bruto (PDRB) Triwulanan Menurut Pengeluaran Kabupaten Barru; Produk Domestik Regional Bruto (PDRB) Triwulanan Menurut Lapangan Usaha Kabupaten Barru; Distribusi Produk Domestik Regional Bruto (PDRB) Triwulanan Menurut Pengeluaran Atas Dasar Harga Berlaku Kabupaten Barru; Laju Pertumbuhan Produk Domestik Regional Bruto (PDRB) Triwulanan Menurut Lapangan Usaha Kabupaten Barru; Distribusi Produk Domestik Regional Bruto (PDRB) Triwulanan Menurut Lapangan Usaha Atas Dasar Harga Berlaku Kabupaten Barru; Laju Implisit PDRB Menurut Pengeluaran Di Kabupaten Barru, 2011 - 2016; Produk Domestik Regional Bruto Atas Dasar Harga Berlaku Menurut Lapangan Usaha  di Kabupaten Barru (miliar rupiah), 2015",/2/MjM0IzI=/laju-pertumbuhan-produk-domestik-regional-bruto--pdrb--triwulanan-menurut-pengeluaran-kabupaten-barru.html; /2/MjI4IzI=/produk-domestik-regional-bruto--pdrb--triwulanan-menurut-lapangan-usaha-kabupaten-barru.html; /2/MjI5IzI=/distribusi-produk-domestik-regional-bruto--pdrb--triwulanan-menurut-pengeluaran-atas-dasar-harga-berlaku-kabupaten-barru.html; /2/MjMyIzI=/laju-pertumbuhan-produk-domestik-regional-bruto--pdrb--triwulanan-menurut-lapangan-usaha-kabupaten-barru.html; /2/MjMwIzI=/distribusi-produk-domestik-regional-bruto--pdrb--triwulanan-menurut-lapangan-usaha-atas-dasar-harga-berlaku-kabupaten-barru.html; /2/NjkjMg==/laju-implisit-pdrb-menurut-pengeluaran-di-kabupaten-barru--2011---2016.html; /3/UzFSTVVXUlliME5XYzBZNUwwNVFRa3h6Y1d3M1p6MDkjMw==/produk-domestik-regional-bruto-atas-dasar-harga-berlaku-menurut-lapangan-usaha---di-kabupaten-barru--miliar-rupiah---2015.html?year=2015,2.0,199.0,Atas Dasar Harga Konstan
122,2022,Pembentukan Modal Tetap Bruto,887.65,Data Tersedia,2025-06-16 08:00:40,Produk Domestik Regional Bruto (PDRB) Triwulanan Menurut Pengeluaran Kabupaten Barru,531.0,Neraca Ekonomi,225.0,Miliar Rupiah,MjM0IzI=; MjI4IzI=; MjI5IzI=; MjMyIzI=; MjMwIzI=; NjkjMg==; UzFSTVVXUlliME5XYzBZNUwwNVFRa3h6Y1d3M1p6MDkjMw==,"Laju Pertumbuhan Produk Domestik Regional Bruto (PDRB) Triwulanan Menurut Pengeluaran Kabupaten Barru; Produk Domestik Regional Bruto (PDRB) Triwulanan Menurut Lapangan Usaha Kabupaten Barru; Distribusi Produk Domestik Regional Bruto (PDRB) Triwulanan Menurut Pengeluaran Atas Dasar Harga Berlaku Kabupaten Barru; Laju Pertumbuhan Produk Domestik Regional Bruto (PDRB) Triwulanan Menurut Lapangan Usaha Kabupaten Barru; Distribusi Produk Domestik Regional Bruto (PDRB) Triwulanan Menurut Lapangan Usaha Atas Dasar Harga Berlaku Kabupaten Barru; Laju Implisit PDRB Menurut Pengeluaran Di Kabupaten Barru, 2011 - 2016; Produk Domestik Regional Bruto Atas Dasar Harga Berlaku Menurut Lapangan Usaha  di Kabupaten Barru (miliar rupiah), 2015",/2/MjM0IzI=/laju-pertumbuhan-produk-domestik-regional-bruto--pdrb--triwulanan-menurut-pengeluaran-kabupaten-barru.html; /2/MjI4IzI=/produk-domestik-regional-bruto--pdrb--triwulanan-menurut-lapangan-usaha-kabupaten-barru.html; /2/MjI5IzI=/distribusi-produk-domestik-regional-bruto--pdrb--triwulanan-menurut-pengeluaran-atas-dasar-harga-berlaku-kabupaten-barru.html; /2/MjMyIzI=/laju-pertumbuhan-produk-domestik-regional-bruto--pdrb--triwulanan-menurut-lapangan-usaha-kabupaten-barru.html; /2/MjMwIzI=/distribusi-produk-domestik-regional-bruto--pdrb--triwulanan-menurut-lapangan-usaha-atas-dasar-harga-berlaku-kabupaten-barru.html; /2/NjkjMg==/laju-implisit-pdrb-menurut-pengeluaran-di-kabupaten-barru--2011---2016.html; /3/UzFSTVVXUlliME5XYzBZNUwwNVFRa3h6Y1d3M1p6MDkjMw==/produk-domestik-regional-bruto-atas-dasar-harga-berlaku-menurut-lapangan-usaha---di-kabupaten-barru--miliar-rupiah---2015.html?year=2015,3.0,198.0,Atas Dasar Harga Berlaku
122,2022,Pembentukan Modal Tetap Bruto,565.35,Data Tersedia,2025-06-16 08:00:40,Produk Domestik Regional Bruto (PDRB) Triwulanan Menurut Pengeluaran Kabupaten Barru,531.0,Neraca Ekonomi,225.0,Miliar Rupiah,MjM0IzI=; MjI4IzI=; MjI5IzI=; MjMyIzI=; MjMwIzI=; NjkjMg==; UzFSTVVXUlliME5XYzBZNUwwNVFRa3h6Y1d3M1p6MDkjMw==,"Laju Pertumbuhan Produk Domestik Regional Bruto (PDRB) Triwulanan Menurut Pengeluaran Kabupaten Barru; Produk Domestik Regional Bruto (PDRB) Triwulanan Menurut Lapangan Usaha Kabupaten Barru; Distribusi Produk Domestik Regional Bruto (PDRB) Triwulanan Menurut Pengeluaran Atas Dasar Harga Berlaku Kabupaten Barru; Laju Pertumbuhan Produk Domestik Regional Bruto (PDRB) Triwulanan Menurut Lapangan Usaha Kabupaten Barru; Distribusi Produk Domestik Regional Bruto (PDRB) Triwulanan Menurut Lapangan Usaha Atas Dasar Harga Berlaku Kabupaten Barru; Laju Implisit PDRB Menurut Pengeluaran Di Kabupaten Barru, 2011 - 2016; Produk Domestik Regional Bruto Atas Dasar Harga Berlaku Menurut Lapangan Usaha  di Kabupaten Barru (miliar rupiah), 2015",/2/MjM0IzI=/laju-pertumbuhan-produk-domestik-regional-bruto--pdrb--triwulanan-menurut-pengeluaran-kabupaten-barru.html; /2/MjI4IzI=/produk-domestik-regional-bruto--pdrb--triwulanan-menurut-lapangan-usaha-kabupaten-barru.html; /2/MjI5IzI=/distribusi-produk-domestik-regional-bruto--pdrb--triwulanan-menurut-pengeluaran-atas-dasar-harga-berlaku-kabupaten-barru.html; /2/MjMyIzI=/laju-pertumbuhan-produk-domestik-regional-bruto--pdrb--triwulanan-menurut-lapangan-usaha-kabupaten-barru.html; /2/MjMwIzI=/distribusi-produk-domestik-regional-bruto--pdrb--triwulanan-menurut-lapangan-usaha-atas-dasar-harga-berlaku-kabupaten-barru.html; /2/NjkjMg==/laju-implisit-pdrb-menurut-pengeluaran-di-kabupaten-barru--2011---2016.html; /3/UzFSTVVXUlliME5XYzBZNUwwNVFRa3h6Y1d3M1p6MDkjMw==/produk-domestik-regional-bruto-atas-dasar-harga-berlaku-menurut-lapangan-usaha---di-kabupaten-barru--miliar-rupiah---2015.html?year=2015,3.0,199.0,Atas Dasar Harga Konstan
122,2022,Lainnya,-223.25,Data Tersedia,2025-06-16 08:00:40,Produk Domestik Regional Bruto (PDRB) Triwulanan Menurut Pengeluaran Kabupaten Barru,531.0,Neraca Ekonomi,225.0,Miliar Rupiah,MjM0IzI=; MjI4IzI=; MjI5IzI=; MjMyIzI=; MjMwIzI=; NjkjMg==; UzFSTVVXUlliME5XYzBZNUwwNVFRa3h6Y1d3M1p6MDkjMw==,"Laju Pertumbuhan Produk Domestik Regional Bruto (PDRB) Triwulanan Menurut Pengeluaran Kabupaten Barru; Produk Domestik Regional Bruto (PDRB) Triwulanan Menurut Lapangan Usaha Kabupaten Barru; Distribusi Produk Domestik Regional Bruto (PDRB) Triwulanan Menurut Pengeluaran Atas Dasar Harga Berlaku Kabupaten Barru; Laju Pertumbuhan Produk Domestik Regional Bruto (PDRB) Triwulanan Menurut Lapangan Usaha Kabupaten Barru; Distribusi Produk Domestik Regional Bruto (PDRB) Triwulanan Menurut Lapangan Usaha Atas Dasar Harga Berlaku Kabupaten Barru; Laju Implisit PDRB Menurut Pengeluaran Di Kabupaten Barru, 2011 - 2016; Produk Domestik Regional Bruto Atas Dasar Harga Berlaku Menurut Lapangan Usaha  di Kabupaten Barru (miliar rupiah), 2015",/2/MjM0IzI=/laju-pertumbuhan-produk-domestik-regional-bruto--pdrb--triwulanan-menurut-pengeluaran-kabupaten-barru.html; /2/MjI4IzI=/produk-domestik-regional-bruto--pdrb--triwulanan-menurut-lapangan-usaha-kabupaten-barru.html; /2/MjI5IzI=/distribusi-produk-domestik-regional-bruto--pdrb--triwulanan-menurut-pengeluaran-atas-dasar-harga-berlaku-kabupaten-barru.html; /2/MjMyIzI=/laju-pertumbuhan-produk-domestik-regional-bruto--pdrb--triwulanan-menurut-lapangan-usaha-kabupaten-barru.html; /2/MjMwIzI=/distribusi-produk-domestik-regional-bruto--pdrb--triwulanan-menurut-lapangan-usaha-atas-dasar-harga-berlaku-kabupaten-barru.html; /2/NjkjMg==/laju-implisit-pdrb-menurut-pengeluaran-di-kabupaten-barru--2011---2016.html; /3/UzFSTVVXUlliME5XYzBZNUwwNVFRa3h6Y1d3M1p6MDkjMw==/produk-domestik-regional-bruto-atas-dasar-harga-berlaku-menurut-lapangan-usaha---di-kabupaten-barru--miliar-rupiah---2015.html?year=2015,4.0,198.0,Atas Dasar Harga Berlaku
122,2022,Lainnya,-120.64,Data Tersedia,2025-06-16 08:00:40,Produk Domestik Regional Bruto (PDRB) Triwulanan Menurut Pengeluaran Kabupaten Barru,531.0,Neraca Ekonomi,225.0,Miliar Rupiah,MjM0IzI=; MjI4IzI=; MjI5IzI=; MjMyIzI=; MjMwIzI=; NjkjMg==; UzFSTVVXUlliME5XYzBZNUwwNVFRa3h6Y1d3M1p6MDkjMw==,"Laju Pertumbuhan Produk Domestik Regional Bruto (PDRB) Triwulanan Menurut Pengeluaran Kabupaten Barru; Produk Domestik Regional Bruto (PDRB) Triwulanan Menurut Lapangan Usaha Kabupaten Barru; Distribusi Produk Domestik Regional Bruto (PDRB) Triwulanan Menurut Pengeluaran Atas Dasar Harga Berlaku Kabupaten Barru; Laju Pertumbuhan Produk Domestik Regional Bruto (PDRB) Triwulanan Menurut Lapangan Usaha Kabupaten Barru; Distribusi Produk Domestik Regional Bruto (PDRB) Triwulanan Menurut Lapangan Usaha Atas Dasar Harga Berlaku Kabupaten Barru; Laju Implisit PDRB Menurut Pengeluaran Di Kabupaten Barru, 2011 - 2016; Produk Domestik Regional Bruto Atas Dasar Harga Berlaku Menurut Lapangan Usaha  di Kabupaten Barru (miliar rupiah), 2015",/2/MjM0IzI=/laju-pertumbuhan-produk-domestik-regional-bruto--pdrb--triwulanan-menurut-pengeluaran-kabupaten-barru.html; /2/MjI4IzI=/produk-domestik-regional-bruto--pdrb--triwulanan-menurut-lapangan-usaha-kabupaten-barru.html; /2/MjI5IzI=/distribusi-produk-domestik-regional-bruto--pdrb--triwulanan-menurut-pengeluaran-atas-dasar-harga-berlaku-kabupaten-barru.html; /2/MjMyIzI=/laju-pertumbuhan-produk-domestik-regional-bruto--pdrb--triwulanan-menurut-lapangan-usaha-kabupaten-barru.html; /2/MjMwIzI=/distribusi-produk-domestik-regional-bruto--pdrb--triwulanan-menurut-lapangan-usaha-atas-dasar-harga-berlaku-kabupaten-barru.html; /2/NjkjMg==/laju-implisit-pdrb-menurut-pengeluaran-di-kabupaten-barru--2011---2016.html; /3/UzFSTVVXUlliME5XYzBZNUwwNVFRa3h6Y1d3M1p6MDkjMw==/produk-domestik-regional-bruto-atas-dasar-harga-berlaku-menurut-lapangan-usaha---di-kabupaten-barru--miliar-rupiah---2015.html?year=2015,4.0,199.0,Atas Dasar Harga Konstan
122,2022,Produk Domestik Regional Bruto,2032.44,Data Tersedia,2025-06-16 08:00:40,Produk Domestik Regional Bruto (PDRB) Triwulanan Menurut Pengeluaran Kabupaten Barru,531.0,Neraca Ekonomi,225.0,Miliar Rupiah,MjM0IzI=; MjI4IzI=; MjI5IzI=; MjMyIzI=; MjMwIzI=; NjkjMg==; UzFSTVVXUlliME5XYzBZNUwwNVFRa3h6Y1d3M1p6MDkjMw==,"Laju Pertumbuhan Produk Domestik Regional Bruto (PDRB) Triwulanan Menurut Pengeluaran Kabupaten Barru; Produk Domestik Regional Bruto (PDRB) Triwulanan Menurut Lapangan Usaha Kabupaten Barru; Distribusi Produk Domestik Regional Bruto (PDRB) Triwulanan Menurut Pengeluaran Atas Dasar Harga Berlaku Kabupaten Barru; Laju Pertumbuhan Produk Domestik Regional Bruto (PDRB) Triwulanan Menurut Lapangan Usaha Kabupaten Barru; Distribusi Produk Domestik Regional Bruto (PDRB) Triwulanan Menurut Lapangan Usaha Atas Dasar Harga Berlaku Kabupaten Barru; Laju Implisit PDRB Menurut Pengeluaran Di Kabupaten Barru, 2011 - 2016; Produk Domestik Regional Bruto Atas Dasar Harga Berlaku Menurut Lapangan Usaha  di Kabupaten Barru (miliar rupiah), 2015",/2/MjM0IzI=/laju-pertumbuhan-produk-domestik-regional-bruto--pdrb--triwulanan-menurut-pengeluaran-kabupaten-barru.html; /2/MjI4IzI=/produk-domestik-regional-bruto--pdrb--triwulanan-menurut-lapangan-usaha-kabupaten-barru.html; /2/MjI5IzI=/distribusi-produk-domestik-regional-bruto--pdrb--triwulanan-menurut-pengeluaran-atas-dasar-harga-berlaku-kabupaten-barru.html; /2/MjMyIzI=/laju-pertumbuhan-produk-domestik-regional-bruto--pdrb--triwulanan-menurut-lapangan-usaha-kabupaten-barru.html; /2/MjMwIzI=/distribusi-produk-domestik-regional-bruto--pdrb--triwulanan-menurut-lapangan-usaha-atas-dasar-harga-berlaku-kabupaten-barru.html; /2/NjkjMg==/laju-implisit-pdrb-menurut-pengeluaran-di-kabupaten-barru--2011---2016.html; /3/UzFSTVVXUlliME5XYzBZNUwwNVFRa3h6Y1d3M1p6MDkjMw==/produk-domestik-regional-bruto-atas-dasar-harga-berlaku-menurut-lapangan-usaha---di-kabupaten-barru--miliar-rupiah---2015.html?year=2015,5.0,198.0,Atas Dasar Harga Berlaku
122,2022,Produk Domestik Regional Bruto,1244.77,Data Tersedia,2025-06-16 08:00:40,Produk Domestik Regional Bruto (PDRB) Triwulanan Menurut Pengeluaran Kabupaten Barru,531.0,Neraca Ekonomi,225.0,Miliar Rupiah,MjM0IzI=; MjI4IzI=; MjI5IzI=; MjMyIzI=; MjMwIzI=; NjkjMg==; UzFSTVVXUlliME5XYzBZNUwwNVFRa3h6Y1d3M1p6MDkjMw==,"Laju Pertumbuhan Produk Domestik Regional Bruto (PDRB) Triwulanan Menurut Pengeluaran Kabupaten Barru; Produk Domestik Regional Bruto (PDRB) Triwulanan Menurut Lapangan Usaha Kabupaten Barru; Distribusi Produk Domestik Regional Bruto (PDRB) Triwulanan Menurut Pengeluaran Atas Dasar Harga Berlaku Kabupaten Barru; Laju Pertumbuhan Produk Domestik Regional Bruto (PDRB) Triwulanan Menurut Lapangan Usaha Kabupaten Barru; Distribusi Produk Domestik Regional Bruto (PDRB) Triwulanan Menurut Lapangan Usaha Atas Dasar Harga Berlaku Kabupaten Barru; Laju Implisit PDRB Menurut Pengeluaran Di Kabupaten Barru, 2011 - 2016; Produk Domestik Regional Bruto Atas Dasar Harga Berlaku Menurut Lapangan Usaha  di Kabupaten Barru (miliar rupiah), 2015",/2/MjM0IzI=/laju-pertumbuhan-produk-domestik-regional-bruto--pdrb--triwulanan-menurut-pengeluaran-kabupaten-barru.html; /2/MjI4IzI=/produk-domestik-regional-bruto--pdrb--triwulanan-menurut-lapangan-usaha-kabupaten-barru.html; /2/MjI5IzI=/distribusi-produk-domestik-regional-bruto--pdrb--triwulanan-menurut-pengeluaran-atas-dasar-harga-berlaku-kabupaten-barru.html; /2/MjMyIzI=/laju-pertumbuhan-produk-domestik-regional-bruto--pdrb--triwulanan-menurut-lapangan-usaha-kabupaten-barru.html; /2/MjMwIzI=/distribusi-produk-domestik-regional-bruto--pdrb--triwulanan-menurut-lapangan-usaha-atas-dasar-harga-berlaku-kabupaten-barru.html; /2/NjkjMg==/laju-implisit-pdrb-menurut-pengeluaran-di-kabupaten-barru--2011---2016.html; /3/UzFSTVVXUlliME5XYzBZNUwwNVFRa3h6Y1d3M1p6MDkjMw==/produk-domestik-regional-bruto-atas-dasar-harga-berlaku-menurut-lapangan-usaha---di-kabupaten-barru--miliar-rupiah---2015.html?year=2015,5.0,199.0,Atas Dasar Harga Konstan
123,2023,Konsumsi Akhir Rumah Tangga,1376.7,Data Tersedia,2025-06-16 08:00:40,Produk Domestik Regional Bruto (PDRB) Triwulanan Menurut Pengeluaran Kabupaten Barru,531.0,Neraca Ekonomi,225.0,Miliar Rupiah,MjM0IzI=; MjI4IzI=; MjI5IzI=; MjMyIzI=; MjMwIzI=; NjkjMg==; UzFSTVVXUlliME5XYzBZNUwwNVFRa3h6Y1d3M1p6MDkjMw==,"Laju Pertumbuhan Produk Domestik Regional Bruto (PDRB) Triwulanan Menurut Pengeluaran Kabupaten Barru; Produk Domestik Regional Bruto (PDRB) Triwulanan Menurut Lapangan Usaha Kabupaten Barru; Distribusi Produk Domestik Regional Bruto (PDRB) Triwulanan Menurut Pengeluaran Atas Dasar Harga Berlaku Kabupaten Barru; Laju Pertumbuhan Produk Domestik Regional Bruto (PDRB) Triwulanan Menurut Lapangan Usaha Kabupaten Barru; Distribusi Produk Domestik Regional Bruto (PDRB) Triwulanan Menurut Lapangan Usaha Atas Dasar Harga Berlaku Kabupaten Barru; Laju Implisit PDRB Menurut Pengeluaran Di Kabupaten Barru, 2011 - 2016; Produk Domestik Regional Bruto Atas Dasar Harga Berlaku Menurut Lapangan Usaha  di Kabupaten Barru (miliar rupiah), 2015",/2/MjM0IzI=/laju-pertumbuhan-produk-domestik-regional-bruto--pdrb--triwulanan-menurut-pengeluaran-kabupaten-barru.html; /2/MjI4IzI=/produk-domestik-regional-bruto--pdrb--triwulanan-menurut-lapangan-usaha-kabupaten-barru.html; /2/MjI5IzI=/distribusi-produk-domestik-regional-bruto--pdrb--triwulanan-menurut-pengeluaran-atas-dasar-harga-berlaku-kabupaten-barru.html; /2/MjMyIzI=/laju-pertumbuhan-produk-domestik-regional-bruto--pdrb--triwulanan-menurut-lapangan-usaha-kabupaten-barru.html; /2/MjMwIzI=/distribusi-produk-domestik-regional-bruto--pdrb--triwulanan-menurut-lapangan-usaha-atas-dasar-harga-berlaku-kabupaten-barru.html; /2/NjkjMg==/laju-implisit-pdrb-menurut-pengeluaran-di-kabupaten-barru--2011---2016.html; /3/UzFSTVVXUlliME5XYzBZNUwwNVFRa3h6Y1d3M1p6MDkjMw==/produk-domestik-regional-bruto-atas-dasar-harga-berlaku-menurut-lapangan-usaha---di-kabupaten-barru--miliar-rupiah---2015.html?year=2015,1.0,198.0,Atas Dasar Harga Berlaku
123,2023,Konsumsi Akhir Rumah Tangga,758.86,Data Tersedia,2025-06-16 08:00:40,Produk Domestik Regional Bruto (PDRB) Triwulanan Menurut Pengeluaran Kabupaten Barru,531.0,Neraca Ekonomi,225.0,Miliar Rupiah,MjM0IzI=; MjI4IzI=; MjI5IzI=; MjMyIzI=; MjMwIzI=; NjkjMg==; UzFSTVVXUlliME5XYzBZNUwwNVFRa3h6Y1d3M1p6MDkjMw==,"Laju Pertumbuhan Produk Domestik Regional Bruto (PDRB) Triwulanan Menurut Pengeluaran Kabupaten Barru; Produk Domestik Regional Bruto (PDRB) Triwulanan Menurut Lapangan Usaha Kabupaten Barru; Distribusi Produk Domestik Regional Bruto (PDRB) Triwulanan Menurut Pengeluaran Atas Dasar Harga Berlaku Kabupaten Barru; Laju Pertumbuhan Produk Domestik Regional Bruto (PDRB) Triwulanan Menurut Lapangan Usaha Kabupaten Barru; Distribusi Produk Domestik Regional Bruto (PDRB) Triwulanan Menurut Lapangan Usaha Atas Dasar Harga Berlaku Kabupaten Barru; Laju Implisit PDRB Menurut Pengeluaran Di Kabupaten Barru, 2011 - 2016; Produk Domestik Regional Bruto Atas Dasar Harga Berlaku Menurut Lapangan Usaha  di Kabupaten Barru (miliar rupiah), 2015",/2/MjM0IzI=/laju-pertumbuhan-produk-domestik-regional-bruto--pdrb--triwulanan-menurut-pengeluaran-kabupaten-barru.html; /2/MjI4IzI=/produk-domestik-regional-bruto--pdrb--triwulanan-menurut-lapangan-usaha-kabupaten-barru.html; /2/MjI5IzI=/distribusi-produk-domestik-regional-bruto--pdrb--triwulanan-menurut-pengeluaran-atas-dasar-harga-berlaku-kabupaten-barru.html; /2/MjMyIzI=/laju-pertumbuhan-produk-domestik-regional-bruto--pdrb--triwulanan-menurut-lapangan-usaha-kabupaten-barru.html; /2/MjMwIzI=/distribusi-produk-domestik-regional-bruto--pdrb--triwulanan-menurut-lapangan-usaha-atas-dasar-harga-berlaku-kabupaten-barru.html; /2/NjkjMg==/laju-implisit-pdrb-menurut-pengeluaran-di-kabupaten-barru--2011---2016.html; /3/UzFSTVVXUlliME5XYzBZNUwwNVFRa3h6Y1d3M1p6MDkjMw==/produk-domestik-regional-bruto-atas-dasar-harga-berlaku-menurut-lapangan-usaha---di-kabupaten-barru--miliar-rupiah---2015.html?year=2015,1.0,199.0,Atas Dasar Harga Konstan
123,2023,Konsumsi Akhir Pemerintah,139.73,Data Tersedia,2025-06-16 08:00:40,Produk Domestik Regional Bruto (PDRB) Triwulanan Menurut Pengeluaran Kabupaten Barru,531.0,Neraca Ekonomi,225.0,Miliar Rupiah,MjM0IzI=; MjI4IzI=; MjI5IzI=; MjMyIzI=; MjMwIzI=; NjkjMg==; UzFSTVVXUlliME5XYzBZNUwwNVFRa3h6Y1d3M1p6MDkjMw==,"Laju Pertumbuhan Produk Domestik Regional Bruto (PDRB) Triwulanan Menurut Pengeluaran Kabupaten Barru; Produk Domestik Regional Bruto (PDRB) Triwulanan Menurut Lapangan Usaha Kabupaten Barru; Distribusi Produk Domestik Regional Bruto (PDRB) Triwulanan Menurut Pengeluaran Atas Dasar Harga Berlaku Kabupaten Barru; Laju Pertumbuhan Produk Domestik Regional Bruto (PDRB) Triwulanan Menurut Lapangan Usaha Kabupaten Barru; Distribusi Produk Domestik Regional Bruto (PDRB) Triwulanan Menurut Lapangan Usaha Atas Dasar Harga Berlaku Kabupaten Barru; Laju Implisit PDRB Menurut Pengeluaran Di Kabupaten Barru, 2011 - 2016; Produk Domestik Regional Bruto Atas Dasar Harga Berlaku Menurut Lapangan Usaha  di Kabupaten Barru (miliar rupiah), 2015",/2/MjM0IzI=/laju-pertumbuhan-produk-domestik-regional-bruto--pdrb--triwulanan-menurut-pengeluaran-kabupaten-barru.html; /2/MjI4IzI=/produk-domestik-regional-bruto--pdrb--triwulanan-menurut-lapangan-usaha-kabupaten-barru.html; /2/MjI5IzI=/distribusi-produk-domestik-regional-bruto--pdrb--triwulanan-menurut-pengeluaran-atas-dasar-harga-berlaku-kabupaten-barru.html; /2/MjMyIzI=/laju-pertumbuhan-produk-domestik-regional-bruto--pdrb--triwulanan-menurut-lapangan-usaha-kabupaten-barru.html; /2/MjMwIzI=/distribusi-produk-domestik-regional-bruto--pdrb--triwulanan-menurut-lapangan-usaha-atas-dasar-harga-berlaku-kabupaten-barru.html; /2/NjkjMg==/laju-implisit-pdrb-menurut-pengeluaran-di-kabupaten-barru--2011---2016.html; /3/UzFSTVVXUlliME5XYzBZNUwwNVFRa3h6Y1d3M1p6MDkjMw==/produk-domestik-regional-bruto-atas-dasar-harga-berlaku-menurut-lapangan-usaha---di-kabupaten-barru--miliar-rupiah---2015.html?year=2015,2.0,198.0,Atas Dasar Harga Berlaku
123,2023,Konsumsi Akhir Pemerintah,83.46,Data Tersedia,2025-06-16 08:00:40,Produk Domestik Regional Bruto (PDRB) Triwulanan Menurut Pengeluaran Kabupaten Barru,531.0,Neraca Ekonomi,225.0,Miliar Rupiah,MjM0IzI=; MjI4IzI=; MjI5IzI=; MjMyIzI=; MjMwIzI=; NjkjMg==; UzFSTVVXUlliME5XYzBZNUwwNVFRa3h6Y1d3M1p6MDkjMw==,"Laju Pertumbuhan Produk Domestik Regional Bruto (PDRB) Triwulanan Menurut Pengeluaran Kabupaten Barru; Produk Domestik Regional Bruto (PDRB) Triwulanan Menurut Lapangan Usaha Kabupaten Barru; Distribusi Produk Domestik Regional Bruto (PDRB) Triwulanan Menurut Pengeluaran Atas Dasar Harga Berlaku Kabupaten Barru; Laju Pertumbuhan Produk Domestik Regional Bruto (PDRB) Triwulanan Menurut Lapangan Usaha Kabupaten Barru; Distribusi Produk Domestik Regional Bruto (PDRB) Triwulanan Menurut Lapangan Usaha Atas Dasar Harga Berlaku Kabupaten Barru; Laju Implisit PDRB Menurut Pengeluaran Di Kabupaten Barru, 2011 - 2016; Produk Domestik Regional Bruto Atas Dasar Harga Berlaku Menurut Lapangan Usaha  di Kabupaten Barru (miliar rupiah), 2015",/2/MjM0IzI=/laju-pertumbuhan-produk-domestik-regional-bruto--pdrb--triwulanan-menurut-pengeluaran-kabupaten-barru.html; /2/MjI4IzI=/produk-domestik-regional-bruto--pdrb--triwulanan-menurut-lapangan-usaha-kabupaten-barru.html; /2/MjI5IzI=/distribusi-produk-domestik-regional-bruto--pdrb--triwulanan-menurut-pengeluaran-atas-dasar-harga-berlaku-kabupaten-barru.html; /2/MjMyIzI=/laju-pertumbuhan-produk-domestik-regional-bruto--pdrb--triwulanan-menurut-lapangan-usaha-kabupaten-barru.html; /2/MjMwIzI=/distribusi-produk-domestik-regional-bruto--pdrb--triwulanan-menurut-lapangan-usaha-atas-dasar-harga-berlaku-kabupaten-barru.html; /2/NjkjMg==/laju-implisit-pdrb-menurut-pengeluaran-di-kabupaten-barru--2011---2016.html; /3/UzFSTVVXUlliME5XYzBZNUwwNVFRa3h6Y1d3M1p6MDkjMw==/produk-domestik-regional-bruto-atas-dasar-harga-berlaku-menurut-lapangan-usaha---di-kabupaten-barru--miliar-rupiah---2015.html?year=2015,2.0,199.0,Atas Dasar Harga Konstan
123,2023,Pembentukan Modal Tetap Bruto,1020.26,Data Tersedia,2025-06-16 08:00:40,Produk Domestik Regional Bruto (PDRB) Triwulanan Menurut Pengeluaran Kabupaten Barru,531.0,Neraca Ekonomi,225.0,Miliar Rupiah,MjM0IzI=; MjI4IzI=; MjI5IzI=; MjMyIzI=; MjMwIzI=; NjkjMg==; UzFSTVVXUlliME5XYzBZNUwwNVFRa3h6Y1d3M1p6MDkjMw==,"Laju Pertumbuhan Produk Domestik Regional Bruto (PDRB) Triwulanan Menurut Pengeluaran Kabupaten Barru; Produk Domestik Regional Bruto (PDRB) Triwulanan Menurut Lapangan Usaha Kabupaten Barru; Distribusi Produk Domestik Regional Bruto (PDRB) Triwulanan Menurut Pengeluaran Atas Dasar Harga Berlaku Kabupaten Barru; Laju Pertumbuhan Produk Domestik Regional Bruto (PDRB) Triwulanan Menurut Lapangan Usaha Kabupaten Barru; Distribusi Produk Domestik Regional Bruto (PDRB) Triwulanan Menurut Lapangan Usaha Atas Dasar Harga Berlaku Kabupaten Barru; Laju Implisit PDRB Menurut Pengeluaran Di Kabupaten Barru, 2011 - 2016; Produk Domestik Regional Bruto Atas Dasar Harga Berlaku Menurut Lapangan Usaha  di Kabupaten Barru (miliar rupiah), 2015",/2/MjM0IzI=/laju-pertumbuhan-produk-domestik-regional-bruto--pdrb--triwulanan-menurut-pengeluaran-kabupaten-barru.html; /2/MjI4IzI=/produk-domestik-regional-bruto--pdrb--triwulanan-menurut-lapangan-usaha-kabupaten-barru.html; /2/MjI5IzI=/distribusi-produk-domestik-regional-bruto--pdrb--triwulanan-menurut-pengeluaran-atas-dasar-harga-berlaku-kabupaten-barru.html; /2/MjMyIzI=/laju-pertumbuhan-produk-domestik-regional-bruto--pdrb--triwulanan-menurut-lapangan-usaha-kabupaten-barru.html; /2/MjMwIzI=/distribusi-produk-domestik-regional-bruto--pdrb--triwulanan-menurut-lapangan-usaha-atas-dasar-harga-berlaku-kabupaten-barru.html; /2/NjkjMg==/laju-implisit-pdrb-menurut-pengeluaran-di-kabupaten-barru--2011---2016.html; /3/UzFSTVVXUlliME5XYzBZNUwwNVFRa3h6Y1d3M1p6MDkjMw==/produk-domestik-regional-bruto-atas-dasar-harga-berlaku-menurut-lapangan-usaha---di-kabupaten-barru--miliar-rupiah---2015.html?year=2015,3.0,198.0,Atas Dasar Harga Berlaku
123,2023,Pembentukan Modal Tetap Bruto,607.43,Data Tersedia,2025-06-16 08:00:40,Produk Domestik Regional Bruto (PDRB) Triwulanan Menurut Pengeluaran Kabupaten Barru,531.0,Neraca Ekonomi,225.0,Miliar Rupiah,MjM0IzI=; MjI4IzI=; MjI5IzI=; MjMyIzI=; MjMwIzI=; NjkjMg==; UzFSTVVXUlliME5XYzBZNUwwNVFRa3h6Y1d3M1p6MDkjMw==,"Laju Pertumbuhan Produk Domestik Regional Bruto (PDRB) Triwulanan Menurut Pengeluaran Kabupaten Barru; Produk Domestik Regional Bruto (PDRB) Triwulanan Menurut Lapangan Usaha Kabupaten Barru; Distribusi Produk Domestik Regional Bruto (PDRB) Triwulanan Menurut Pengeluaran Atas Dasar Harga Berlaku Kabupaten Barru; Laju Pertumbuhan Produk Domestik Regional Bruto (PDRB) Triwulanan Menurut Lapangan Usaha Kabupaten Barru; Distribusi Produk Domestik Regional Bruto (PDRB) Triwulanan Menurut Lapangan Usaha Atas Dasar Harga Berlaku Kabupaten Barru; Laju Implisit PDRB Menurut Pengeluaran Di Kabupaten Barru, 2011 - 2016; Produk Domestik Regional Bruto Atas Dasar Harga Berlaku Menurut Lapangan Usaha  di Kabupaten Barru (miliar rupiah), 2015",/2/MjM0IzI=/laju-pertumbuhan-produk-domestik-regional-bruto--pdrb--triwulanan-menurut-pengeluaran-kabupaten-barru.html; /2/MjI4IzI=/produk-domestik-regional-bruto--pdrb--triwulanan-menurut-lapangan-usaha-kabupaten-barru.html; /2/MjI5IzI=/distribusi-produk-domestik-regional-bruto--pdrb--triwulanan-menurut-pengeluaran-atas-dasar-harga-berlaku-kabupaten-barru.html; /2/MjMyIzI=/laju-pertumbuhan-produk-domestik-regional-bruto--pdrb--triwulanan-menurut-lapangan-usaha-kabupaten-barru.html; /2/MjMwIzI=/distribusi-produk-domestik-regional-bruto--pdrb--triwulanan-menurut-lapangan-usaha-atas-dasar-harga-berlaku-kabupaten-barru.html; /2/NjkjMg==/laju-implisit-pdrb-menurut-pengeluaran-di-kabupaten-barru--2011---2016.html; /3/UzFSTVVXUlliME5XYzBZNUwwNVFRa3h6Y1d3M1p6MDkjMw==/produk-domestik-regional-bruto-atas-dasar-harga-berlaku-menurut-lapangan-usaha---di-kabupaten-barru--miliar-rupiah---2015.html?year=2015,3.0,199.0,Atas Dasar Harga Konstan
123,2023,Lainnya,-304.74,Data Tersedia,2025-06-16 08:00:40,Produk Domestik Regional Bruto (PDRB) Triwulanan Menurut Pengeluaran Kabupaten Barru,531.0,Neraca Ekonomi,225.0,Miliar Rupiah,MjM0IzI=; MjI4IzI=; MjI5IzI=; MjMyIzI=; MjMwIzI=; NjkjMg==; UzFSTVVXUlliME5XYzBZNUwwNVFRa3h6Y1d3M1p6MDkjMw==,"Laju Pertumbuhan Produk Domestik Regional Bruto (PDRB) Triwulanan Menurut Pengeluaran Kabupaten Barru; Produk Domestik Regional Bruto (PDRB) Triwulanan Menurut Lapangan Usaha Kabupaten Barru; Distribusi Produk Domestik Regional Bruto (PDRB) Triwulanan Menurut Pengeluaran Atas Dasar Harga Berlaku Kabupaten Barru; Laju Pertumbuhan Produk Domestik Regional Bruto (PDRB) Triwulanan Menurut Lapangan Usaha Kabupaten Barru; Distribusi Produk Domestik Regional Bruto (PDRB) Triwulanan Menurut Lapangan Usaha Atas Dasar Harga Berlaku Kabupaten Barru; Laju Implisit PDRB Menurut Pengeluaran Di Kabupaten Barru, 2011 - 2016; Produk Domestik Regional Bruto Atas Dasar Harga Berlaku Menurut Lapangan Usaha  di Kabupaten Barru (miliar rupiah), 2015",/2/MjM0IzI=/laju-pertumbuhan-produk-domestik-regional-bruto--pdrb--triwulanan-menurut-pengeluaran-kabupaten-barru.html; /2/MjI4IzI=/produk-domestik-regional-bruto--pdrb--triwulanan-menurut-lapangan-usaha-kabupaten-barru.html; /2/MjI5IzI=/distribusi-produk-domestik-regional-bruto--pdrb--triwulanan-menurut-pengeluaran-atas-dasar-harga-berlaku-kabupaten-barru.html; /2/MjMyIzI=/laju-pertumbuhan-produk-domestik-regional-bruto--pdrb--triwulanan-menurut-lapangan-usaha-kabupaten-barru.html; /2/MjMwIzI=/distribusi-produk-domestik-regional-bruto--pdrb--triwulanan-menurut-lapangan-usaha-atas-dasar-harga-berlaku-kabupaten-barru.html; /2/NjkjMg==/laju-implisit-pdrb-menurut-pengeluaran-di-kabupaten-barru--2011---2016.html; /3/UzFSTVVXUlliME5XYzBZNUwwNVFRa3h6Y1d3M1p6MDkjMw==/produk-domestik-regional-bruto-atas-dasar-harga-berlaku-menurut-lapangan-usaha---di-kabupaten-barru--miliar-rupiah---2015.html?year=2015,4.0,198.0,Atas Dasar Harga Berlaku
123,2023,Lainnya,-134.91,Data Tersedia,2025-06-16 08:00:40,Produk Domestik Regional Bruto (PDRB) Triwulanan Menurut Pengeluaran Kabupaten Barru,531.0,Neraca Ekonomi,225.0,Miliar Rupiah,MjM0IzI=; MjI4IzI=; MjI5IzI=; MjMyIzI=; MjMwIzI=; NjkjMg==; UzFSTVVXUlliME5XYzBZNUwwNVFRa3h6Y1d3M1p6MDkjMw==,"Laju Pertumbuhan Produk Domestik Regional Bruto (PDRB) Triwulanan Menurut Pengeluaran Kabupaten Barru; Produk Domestik Regional Bruto (PDRB) Triwulanan Menurut Lapangan Usaha Kabupaten Barru; Distribusi Produk Domestik Regional Bruto (PDRB) Triwulanan Menurut Pengeluaran Atas Dasar Harga Berlaku Kabupaten Barru; Laju Pertumbuhan Produk Domestik Regional Bruto (PDRB) Triwulanan Menurut Lapangan Usaha Kabupaten Barru; Distribusi Produk Domestik Regional Bruto (PDRB) Triwulanan Menurut Lapangan Usaha Atas Dasar Harga Berlaku Kabupaten Barru; Laju Implisit PDRB Menurut Pengeluaran Di Kabupaten Barru, 2011 - 2016; Produk Domestik Regional Bruto Atas Dasar Harga Berlaku Menurut Lapangan Usaha  di Kabupaten Barru (miliar rupiah), 2015",/2/MjM0IzI=/laju-pertumbuhan-produk-domestik-regional-bruto--pdrb--triwulanan-menurut-pengeluaran-kabupaten-barru.html; /2/MjI4IzI=/produk-domestik-regional-bruto--pdrb--triwulanan-menurut-lapangan-usaha-kabupaten-barru.html; /2/MjI5IzI=/distribusi-produk-domestik-regional-bruto--pdrb--triwulanan-menurut-pengeluaran-atas-dasar-harga-berlaku-kabupaten-barru.html; /2/MjMyIzI=/laju-pertumbuhan-produk-domestik-regional-bruto--pdrb--triwulanan-menurut-lapangan-usaha-kabupaten-barru.html; /2/MjMwIzI=/distribusi-produk-domestik-regional-bruto--pdrb--triwulanan-menurut-lapangan-usaha-atas-dasar-harga-berlaku-kabupaten-barru.html; /2/NjkjMg==/laju-implisit-pdrb-menurut-pengeluaran-di-kabupaten-barru--2011---2016.html; /3/UzFSTVVXUlliME5XYzBZNUwwNVFRa3h6Y1d3M1p6MDkjMw==/produk-domestik-regional-bruto-atas-dasar-harga-berlaku-menurut-lapangan-usaha---di-kabupaten-barru--miliar-rupiah---2015.html?year=2015,4.0,199.0,Atas Dasar Harga Konstan
123,2023,Produk Domestik Regional Bruto,2231.95,Data Tersedia,2025-06-16 08:00:40,Produk Domestik Regional Bruto (PDRB) Triwulanan Menurut Pengeluaran Kabupaten Barru,531.0,Neraca Ekonomi,225.0,Miliar Rupiah,MjM0IzI=; MjI4IzI=; MjI5IzI=; MjMyIzI=; MjMwIzI=; NjkjMg==; UzFSTVVXUlliME5XYzBZNUwwNVFRa3h6Y1d3M1p6MDkjMw==,"Laju Pertumbuhan Produk Domestik Regional Bruto (PDRB) Triwulanan Menurut Pengeluaran Kabupaten Barru; Produk Domestik Regional Bruto (PDRB) Triwulanan Menurut Lapangan Usaha Kabupaten Barru; Distribusi Produk Domestik Regional Bruto (PDRB) Triwulanan Menurut Pengeluaran Atas Dasar Harga Berlaku Kabupaten Barru; Laju Pertumbuhan Produk Domestik Regional Bruto (PDRB) Triwulanan Menurut Lapangan Usaha Kabupaten Barru; Distribusi Produk Domestik Regional Bruto (PDRB) Triwulanan Menurut Lapangan Usaha Atas Dasar Harga Berlaku Kabupaten Barru; Laju Implisit PDRB Menurut Pengeluaran Di Kabupaten Barru, 2011 - 2016; Produk Domestik Regional Bruto Atas Dasar Harga Berlaku Menurut Lapangan Usaha  di Kabupaten Barru (miliar rupiah), 2015",/2/MjM0IzI=/laju-pertumbuhan-produk-domestik-regional-bruto--pdrb--triwulanan-menurut-pengeluaran-kabupaten-barru.html; /2/MjI4IzI=/produk-domestik-regional-bruto--pdrb--triwulanan-menurut-lapangan-usaha-kabupaten-barru.html; /2/MjI5IzI=/distribusi-produk-domestik-regional-bruto--pdrb--triwulanan-menurut-pengeluaran-atas-dasar-harga-berlaku-kabupaten-barru.html; /2/MjMyIzI=/laju-pertumbuhan-produk-domestik-regional-bruto--pdrb--triwulanan-menurut-lapangan-usaha-kabupaten-barru.html; /2/MjMwIzI=/distribusi-produk-domestik-regional-bruto--pdrb--triwulanan-menurut-lapangan-usaha-atas-dasar-harga-berlaku-kabupaten-barru.html; /2/NjkjMg==/laju-implisit-pdrb-menurut-pengeluaran-di-kabupaten-barru--2011---2016.html; /3/UzFSTVVXUlliME5XYzBZNUwwNVFRa3h6Y1d3M1p6MDkjMw==/produk-domestik-regional-bruto-atas-dasar-harga-berlaku-menurut-lapangan-usaha---di-kabupaten-barru--miliar-rupiah---2015.html?year=2015,5.0,198.0,Atas Dasar Harga Berlaku
123,2023,Produk Domestik Regional Bruto,1314.84,Data Tersedia,2025-06-16 08:00:40,Produk Domestik Regional Bruto (PDRB) Triwulanan Menurut Pengeluaran Kabupaten Barru,531.0,Neraca Ekonomi,225.0,Miliar Rupiah,MjM0IzI=; MjI4IzI=; MjI5IzI=; MjMyIzI=; MjMwIzI=; NjkjMg==; UzFSTVVXUlliME5XYzBZNUwwNVFRa3h6Y1d3M1p6MDkjMw==,"Laju Pertumbuhan Produk Domestik Regional Bruto (PDRB) Triwulanan Menurut Pengeluaran Kabupaten Barru; Produk Domestik Regional Bruto (PDRB) Triwulanan Menurut Lapangan Usaha Kabupaten Barru; Distribusi Produk Domestik Regional Bruto (PDRB) Triwulanan Menurut Pengeluaran Atas Dasar Harga Berlaku Kabupaten Barru; Laju Pertumbuhan Produk Domestik Regional Bruto (PDRB) Triwulanan Menurut Lapangan Usaha Kabupaten Barru; Distribusi Produk Domestik Regional Bruto (PDRB) Triwulanan Menurut Lapangan Usaha Atas Dasar Harga Berlaku Kabupaten Barru; Laju Implisit PDRB Menurut Pengeluaran Di Kabupaten Barru, 2011 - 2016; Produk Domestik Regional Bruto Atas Dasar Harga Berlaku Menurut Lapangan Usaha  di Kabupaten Barru (miliar rupiah), 2015",/2/MjM0IzI=/laju-pertumbuhan-produk-domestik-regional-bruto--pdrb--triwulanan-menurut-pengeluaran-kabupaten-barru.html; /2/MjI4IzI=/produk-domestik-regional-bruto--pdrb--triwulanan-menurut-lapangan-usaha-kabupaten-barru.html; /2/MjI5IzI=/distribusi-produk-domestik-regional-bruto--pdrb--triwulanan-menurut-pengeluaran-atas-dasar-harga-berlaku-kabupaten-barru.html; /2/MjMyIzI=/laju-pertumbuhan-produk-domestik-regional-bruto--pdrb--triwulanan-menurut-lapangan-usaha-kabupaten-barru.html; /2/MjMwIzI=/distribusi-produk-domestik-regional-bruto--pdrb--triwulanan-menurut-lapangan-usaha-atas-dasar-harga-berlaku-kabupaten-barru.html; /2/NjkjMg==/laju-implisit-pdrb-menurut-pengeluaran-di-kabupaten-barru--2011---2016.html; /3/UzFSTVVXUlliME5XYzBZNUwwNVFRa3h6Y1d3M1p6MDkjMw==/produk-domestik-regional-bruto-atas-dasar-harga-berlaku-menurut-lapangan-usaha---di-kabupaten-barru--miliar-rupiah---2015.html?year=2015,5.0,199.0,Atas Dasar Harga Konstan
124,2024,Konsumsi Akhir Rumah Tangga,1503.49,Data Tersedia,2025-06-16 08:00:40,Produk Domestik Regional Bruto (PDRB) Triwulanan Menurut Pengeluaran Kabupaten Barru,531.0,Neraca Ekonomi,225.0,Miliar Rupiah,MjM0IzI=; MjI4IzI=; MjI5IzI=; MjMyIzI=; MjMwIzI=; UzFSTVVXUlliME5XYzBZNUwwNVFRa3h6Y1d3M1p6MDkjMw==; UzFSTVVXUlliME5XYzBZNUwwNVFRa3h6Y1d3M1p6MDkjMw==,"Laju Pertumbuhan Produk Domestik Regional Bruto (PDRB) Triwulanan Menurut Pengeluaran Kabupaten Barru; Produk Domestik Regional Bruto (PDRB) Triwulanan Menurut Lapangan Usaha Kabupaten Barru; Distribusi Produk Domestik Regional Bruto (PDRB) Triwulanan Menurut Pengeluaran Atas Dasar Harga Berlaku Kabupaten Barru; Laju Pertumbuhan Produk Domestik Regional Bruto (PDRB) Triwulanan Menurut Lapangan Usaha Kabupaten Barru; Distribusi Produk Domestik Regional Bruto (PDRB) Triwulanan Menurut Lapangan Usaha Atas Dasar Harga Berlaku Kabupaten Barru; Produk Domestik Regional Bruto Atas Dasar Harga Berlaku Menurut Lapangan Usaha  di Kabupaten Barru (miliar rupiah), 2018; Produk Domestik Regional Bruto Atas Dasar Harga Berlaku Menurut Lapangan Usaha  di Kabupaten Barru (miliar rupiah), 2021",/2/MjM0IzI=/laju-pertumbuhan-produk-domestik-regional-bruto--pdrb--triwulanan-menurut-pengeluaran-kabupaten-barru.html; /2/MjI4IzI=/produk-domestik-regional-bruto--pdrb--triwulanan-menurut-lapangan-usaha-kabupaten-barru.html; /2/MjI5IzI=/distribusi-produk-domestik-regional-bruto--pdrb--triwulanan-menurut-pengeluaran-atas-dasar-harga-berlaku-kabupaten-barru.html; /2/MjMyIzI=/laju-pertumbuhan-produk-domestik-regional-bruto--pdrb--triwulanan-menurut-lapangan-usaha-kabupaten-barru.html; /2/MjMwIzI=/distribusi-produk-domestik-regional-bruto--pdrb--triwulanan-menurut-lapangan-usaha-atas-dasar-harga-berlaku-kabupaten-barru.html; /3/UzFSTVVXUlliME5XYzBZNUwwNVFRa3h6Y1d3M1p6MDkjMw==/produk-domestik-regional-bruto-atas-dasar-harga-berlaku-menurut-lapangan-usaha---di-kabupaten-barru--miliar-rupiah---2018.html?year=2018; /3/UzFSTVVXUlliME5XYzBZNUwwNVFRa3h6Y1d3M1p6MDkjMw==/produk-domestik-regional-bruto-atas-dasar-harga-berlaku-menurut-lapangan-usaha---di-kabupaten-barru--miliar-rupiah---2021.html?year=2021,1.0,198.0,Atas Dasar Harga Berlaku
124,2024,Konsumsi Akhir Rumah Tangga,800.68,Data Tersedia,2025-06-16 08:00:40,Produk Domestik Regional Bruto (PDRB) Triwulanan Menurut Pengeluaran Kabupaten Barru,531.0,Neraca Ekonomi,225.0,Miliar Rupiah,MjM0IzI=; MjI4IzI=; MjI5IzI=; MjMyIzI=; MjMwIzI=; UzFSTVVXUlliME5XYzBZNUwwNVFRa3h6Y1d3M1p6MDkjMw==; UzFSTVVXUlliME5XYzBZNUwwNVFRa3h6Y1d3M1p6MDkjMw==,"Laju Pertumbuhan Produk Domestik Regional Bruto (PDRB) Triwulanan Menurut Pengeluaran Kabupaten Barru; Produk Domestik Regional Bruto (PDRB) Triwulanan Menurut Lapangan Usaha Kabupaten Barru; Distribusi Produk Domestik Regional Bruto (PDRB) Triwulanan Menurut Pengeluaran Atas Dasar Harga Berlaku Kabupaten Barru; Laju Pertumbuhan Produk Domestik Regional Bruto (PDRB) Triwulanan Menurut Lapangan Usaha Kabupaten Barru; Distribusi Produk Domestik Regional Bruto (PDRB) Triwulanan Menurut Lapangan Usaha Atas Dasar Harga Berlaku Kabupaten Barru; Produk Domestik Regional Bruto Atas Dasar Harga Berlaku Menurut Lapangan Usaha  di Kabupaten Barru (miliar rupiah), 2018; Produk Domestik Regional Bruto Atas Dasar Harga Berlaku Menurut Lapangan Usaha  di Kabupaten Barru (miliar rupiah), 2021",/2/MjM0IzI=/laju-pertumbuhan-produk-domestik-regional-bruto--pdrb--triwulanan-menurut-pengeluaran-kabupaten-barru.html; /2/MjI4IzI=/produk-domestik-regional-bruto--pdrb--triwulanan-menurut-lapangan-usaha-kabupaten-barru.html; /2/MjI5IzI=/distribusi-produk-domestik-regional-bruto--pdrb--triwulanan-menurut-pengeluaran-atas-dasar-harga-berlaku-kabupaten-barru.html; /2/MjMyIzI=/laju-pertumbuhan-produk-domestik-regional-bruto--pdrb--triwulanan-menurut-lapangan-usaha-kabupaten-barru.html; /2/MjMwIzI=/distribusi-produk-domestik-regional-bruto--pdrb--triwulanan-menurut-lapangan-usaha-atas-dasar-harga-berlaku-kabupaten-barru.html; /3/UzFSTVVXUlliME5XYzBZNUwwNVFRa3h6Y1d3M1p6MDkjMw==/produk-domestik-regional-bruto-atas-dasar-harga-berlaku-menurut-lapangan-usaha---di-kabupaten-barru--miliar-rupiah---2018.html?year=2018; /3/UzFSTVVXUlliME5XYzBZNUwwNVFRa3h6Y1d3M1p6MDkjMw==/produk-domestik-regional-bruto-atas-dasar-harga-berlaku-menurut-lapangan-usaha---di-kabupaten-barru--miliar-rupiah---2021.html?year=2021,1.0,199.0,Atas Dasar Harga Konstan
124,2024,Konsumsi Akhir Pemerintah,171.3,Data Tersedia,2025-06-16 08:00:40,Produk Domestik Regional Bruto (PDRB) Triwulanan Menurut Pengeluaran Kabupaten Barru,531.0,Neraca Ekonomi,225.0,Miliar Rupiah,MjM0IzI=; MjI4IzI=; MjI5IzI=; MjMyIzI=; MjMwIzI=; UzFSTVVXUlliME5XYzBZNUwwNVFRa3h6Y1d3M1p6MDkjMw==; UzFSTVVXUlliME5XYzBZNUwwNVFRa3h6Y1d3M1p6MDkjMw==,"Laju Pertumbuhan Produk Domestik Regional Bruto (PDRB) Triwulanan Menurut Pengeluaran Kabupaten Barru; Produk Domestik Regional Bruto (PDRB) Triwulanan Menurut Lapangan Usaha Kabupaten Barru; Distribusi Produk Domestik Regional Bruto (PDRB) Triwulanan Menurut Pengeluaran Atas Dasar Harga Berlaku Kabupaten Barru; Laju Pertumbuhan Produk Domestik Regional Bruto (PDRB) Triwulanan Menurut Lapangan Usaha Kabupaten Barru; Distribusi Produk Domestik Regional Bruto (PDRB) Triwulanan Menurut Lapangan Usaha Atas Dasar Harga Berlaku Kabupaten Barru; Produk Domestik Regional Bruto Atas Dasar Harga Berlaku Menurut Lapangan Usaha  di Kabupaten Barru (miliar rupiah), 2018; Produk Domestik Regional Bruto Atas Dasar Harga Berlaku Menurut Lapangan Usaha  di Kabupaten Barru (miliar rupiah), 2021",/2/MjM0IzI=/laju-pertumbuhan-produk-domestik-regional-bruto--pdrb--triwulanan-menurut-pengeluaran-kabupaten-barru.html; /2/MjI4IzI=/produk-domestik-regional-bruto--pdrb--triwulanan-menurut-lapangan-usaha-kabupaten-barru.html; /2/MjI5IzI=/distribusi-produk-domestik-regional-bruto--pdrb--triwulanan-menurut-pengeluaran-atas-dasar-harga-berlaku-kabupaten-barru.html; /2/MjMyIzI=/laju-pertumbuhan-produk-domestik-regional-bruto--pdrb--triwulanan-menurut-lapangan-usaha-kabupaten-barru.html; /2/MjMwIzI=/distribusi-produk-domestik-regional-bruto--pdrb--triwulanan-menurut-lapangan-usaha-atas-dasar-harga-berlaku-kabupaten-barru.html; /3/UzFSTVVXUlliME5XYzBZNUwwNVFRa3h6Y1d3M1p6MDkjMw==/produk-domestik-regional-bruto-atas-dasar-harga-berlaku-menurut-lapangan-usaha---di-kabupaten-barru--miliar-rupiah---2018.html?year=2018; /3/UzFSTVVXUlliME5XYzBZNUwwNVFRa3h6Y1d3M1p6MDkjMw==/produk-domestik-regional-bruto-atas-dasar-harga-berlaku-menurut-lapangan-usaha---di-kabupaten-barru--miliar-rupiah---2021.html?year=2021,2.0,198.0,Atas Dasar Harga Berlaku
124,2024,Konsumsi Akhir Pemerintah,105.53,Data Tersedia,2025-06-16 08:00:40,Produk Domestik Regional Bruto (PDRB) Triwulanan Menurut Pengeluaran Kabupaten Barru,531.0,Neraca Ekonomi,225.0,Miliar Rupiah,MjM0IzI=; MjI4IzI=; MjI5IzI=; MjMyIzI=; MjMwIzI=; UzFSTVVXUlliME5XYzBZNUwwNVFRa3h6Y1d3M1p6MDkjMw==; UzFSTVVXUlliME5XYzBZNUwwNVFRa3h6Y1d3M1p6MDkjMw==,"Laju Pertumbuhan Produk Domestik Regional Bruto (PDRB) Triwulanan Menurut Pengeluaran Kabupaten Barru; Produk Domestik Regional Bruto (PDRB) Triwulanan Menurut Lapangan Usaha Kabupaten Barru; Distribusi Produk Domestik Regional Bruto (PDRB) Triwulanan Menurut Pengeluaran Atas Dasar Harga Berlaku Kabupaten Barru; Laju Pertumbuhan Produk Domestik Regional Bruto (PDRB) Triwulanan Menurut Lapangan Usaha Kabupaten Barru; Distribusi Produk Domestik Regional Bruto (PDRB) Triwulanan Menurut Lapangan Usaha Atas Dasar Harga Berlaku Kabupaten Barru; Produk Domestik Regional Bruto Atas Dasar Harga Berlaku Menurut Lapangan Usaha  di Kabupaten Barru (miliar rupiah), 2018; Produk Domestik Regional Bruto Atas Dasar Harga Berlaku Menurut Lapangan Usaha  di Kabupaten Barru (miliar rupiah), 2021",/2/MjM0IzI=/laju-pertumbuhan-produk-domestik-regional-bruto--pdrb--triwulanan-menurut-pengeluaran-kabupaten-barru.html; /2/MjI4IzI=/produk-domestik-regional-bruto--pdrb--triwulanan-menurut-lapangan-usaha-kabupaten-barru.html; /2/MjI5IzI=/distribusi-produk-domestik-regional-bruto--pdrb--triwulanan-menurut-pengeluaran-atas-dasar-harga-berlaku-kabupaten-barru.html; /2/MjMyIzI=/laju-pertumbuhan-produk-domestik-regional-bruto--pdrb--triwulanan-menurut-lapangan-usaha-kabupaten-barru.html; /2/MjMwIzI=/distribusi-produk-domestik-regional-bruto--pdrb--triwulanan-menurut-lapangan-usaha-atas-dasar-harga-berlaku-kabupaten-barru.html; /3/UzFSTVVXUlliME5XYzBZNUwwNVFRa3h6Y1d3M1p6MDkjMw==/produk-domestik-regional-bruto-atas-dasar-harga-berlaku-menurut-lapangan-usaha---di-kabupaten-barru--miliar-rupiah---2018.html?year=2018; /3/UzFSTVVXUlliME5XYzBZNUwwNVFRa3h6Y1d3M1p6MDkjMw==/produk-domestik-regional-bruto-atas-dasar-harga-berlaku-menurut-lapangan-usaha---di-kabupaten-barru--miliar-rupiah---2021.html?year=2021,2.0,199.0,Atas Dasar Harga Konstan
124,2024,Pembentukan Modal Tetap Bruto,1023.35,Data Tersedia,2025-06-16 08:00:40,Produk Domestik Regional Bruto (PDRB) Triwulanan Menurut Pengeluaran Kabupaten Barru,531.0,Neraca Ekonomi,225.0,Miliar Rupiah,MjM0IzI=; MjI4IzI=; MjI5IzI=; MjMyIzI=; MjMwIzI=; UzFSTVVXUlliME5XYzBZNUwwNVFRa3h6Y1d3M1p6MDkjMw==; UzFSTVVXUlliME5XYzBZNUwwNVFRa3h6Y1d3M1p6MDkjMw==,"Laju Pertumbuhan Produk Domestik Regional Bruto (PDRB) Triwulanan Menurut Pengeluaran Kabupaten Barru; Produk Domestik Regional Bruto (PDRB) Triwulanan Menurut Lapangan Usaha Kabupaten Barru; Distribusi Produk Domestik Regional Bruto (PDRB) Triwulanan Menurut Pengeluaran Atas Dasar Harga Berlaku Kabupaten Barru; Laju Pertumbuhan Produk Domestik Regional Bruto (PDRB) Triwulanan Menurut Lapangan Usaha Kabupaten Barru; Distribusi Produk Domestik Regional Bruto (PDRB) Triwulanan Menurut Lapangan Usaha Atas Dasar Harga Berlaku Kabupaten Barru; Produk Domestik Regional Bruto Atas Dasar Harga Berlaku Menurut Lapangan Usaha  di Kabupaten Barru (miliar rupiah), 2018; Produk Domestik Regional Bruto Atas Dasar Harga Berlaku Menurut Lapangan Usaha  di Kabupaten Barru (miliar rupiah), 2021",/2/MjM0IzI=/laju-pertumbuhan-produk-domestik-regional-bruto--pdrb--triwulanan-menurut-pengeluaran-kabupaten-barru.html; /2/MjI4IzI=/produk-domestik-regional-bruto--pdrb--triwulanan-menurut-lapangan-usaha-kabupaten-barru.html; /2/MjI5IzI=/distribusi-produk-domestik-regional-bruto--pdrb--triwulanan-menurut-pengeluaran-atas-dasar-harga-berlaku-kabupaten-barru.html; /2/MjMyIzI=/laju-pertumbuhan-produk-domestik-regional-bruto--pdrb--triwulanan-menurut-lapangan-usaha-kabupaten-barru.html; /2/MjMwIzI=/distribusi-produk-domestik-regional-bruto--pdrb--triwulanan-menurut-lapangan-usaha-atas-dasar-harga-berlaku-kabupaten-barru.html; /3/UzFSTVVXUlliME5XYzBZNUwwNVFRa3h6Y1d3M1p6MDkjMw==/produk-domestik-regional-bruto-atas-dasar-harga-berlaku-menurut-lapangan-usaha---di-kabupaten-barru--miliar-rupiah---2018.html?year=2018; /3/UzFSTVVXUlliME5XYzBZNUwwNVFRa3h6Y1d3M1p6MDkjMw==/produk-domestik-regional-bruto-atas-dasar-harga-berlaku-menurut-lapangan-usaha---di-kabupaten-barru--miliar-rupiah---2021.html?year=2021,3.0,198.0,Atas Dasar Harga Berlaku
124,2024,Pembentukan Modal Tetap Bruto,628.28,Data Tersedia,2025-06-16 08:00:40,Produk Domestik Regional Bruto (PDRB) Triwulanan Menurut Pengeluaran Kabupaten Barru,531.0,Neraca Ekonomi,225.0,Miliar Rupiah,MjM0IzI=; MjI4IzI=; MjI5IzI=; MjMyIzI=; MjMwIzI=; UzFSTVVXUlliME5XYzBZNUwwNVFRa3h6Y1d3M1p6MDkjMw==; UzFSTVVXUlliME5XYzBZNUwwNVFRa3h6Y1d3M1p6MDkjMw==,"Laju Pertumbuhan Produk Domestik Regional Bruto (PDRB) Triwulanan Menurut Pengeluaran Kabupaten Barru; Produk Domestik Regional Bruto (PDRB) Triwulanan Menurut Lapangan Usaha Kabupaten Barru; Distribusi Produk Domestik Regional Bruto (PDRB) Triwulanan Menurut Pengeluaran Atas Dasar Harga Berlaku Kabupaten Barru; Laju Pertumbuhan Produk Domestik Regional Bruto (PDRB) Triwulanan Menurut Lapangan Usaha Kabupaten Barru; Distribusi Produk Domestik Regional Bruto (PDRB) Triwulanan Menurut Lapangan Usaha Atas Dasar Harga Berlaku Kabupaten Barru; Produk Domestik Regional Bruto Atas Dasar Harga Berlaku Menurut Lapangan Usaha  di Kabupaten Barru (miliar rupiah), 2018; Produk Domestik Regional Bruto Atas Dasar Harga Berlaku Menurut Lapangan Usaha  di Kabupaten Barru (miliar rupiah), 2021",/2/MjM0IzI=/laju-pertumbuhan-produk-domestik-regional-bruto--pdrb--triwulanan-menurut-pengeluaran-kabupaten-barru.html; /2/MjI4IzI=/produk-domestik-regional-bruto--pdrb--triwulanan-menurut-lapangan-usaha-kabupaten-barru.html; /2/MjI5IzI=/distribusi-produk-domestik-regional-bruto--pdrb--triwulanan-menurut-pengeluaran-atas-dasar-harga-berlaku-kabupaten-barru.html; /2/MjMyIzI=/laju-pertumbuhan-produk-domestik-regional-bruto--pdrb--triwulanan-menurut-lapangan-usaha-kabupaten-barru.html; /2/MjMwIzI=/distribusi-produk-domestik-regional-bruto--pdrb--triwulanan-menurut-lapangan-usaha-atas-dasar-harga-berlaku-kabupaten-barru.html; /3/UzFSTVVXUlliME5XYzBZNUwwNVFRa3h6Y1d3M1p6MDkjMw==/produk-domestik-regional-bruto-atas-dasar-harga-berlaku-menurut-lapangan-usaha---di-kabupaten-barru--miliar-rupiah---2018.html?year=2018; /3/UzFSTVVXUlliME5XYzBZNUwwNVFRa3h6Y1d3M1p6MDkjMw==/produk-domestik-regional-bruto-atas-dasar-harga-berlaku-menurut-lapangan-usaha---di-kabupaten-barru--miliar-rupiah---2021.html?year=2021,3.0,199.0,Atas Dasar Harga Konstan
124,2024,Lainnya,-448.7,Data Tersedia,2025-06-16 08:00:40,Produk Domestik Regional Bruto (PDRB) Triwulanan Menurut Pengeluaran Kabupaten Barru,531.0,Neraca Ekonomi,225.0,Miliar Rupiah,MjM0IzI=; MjI4IzI=; MjI5IzI=; MjMyIzI=; MjMwIzI=; UzFSTVVXUlliME5XYzBZNUwwNVFRa3h6Y1d3M1p6MDkjMw==; UzFSTVVXUlliME5XYzBZNUwwNVFRa3h6Y1d3M1p6MDkjMw==,"Laju Pertumbuhan Produk Domestik Regional Bruto (PDRB) Triwulanan Menurut Pengeluaran Kabupaten Barru; Produk Domestik Regional Bruto (PDRB) Triwulanan Menurut Lapangan Usaha Kabupaten Barru; Distribusi Produk Domestik Regional Bruto (PDRB) Triwulanan Menurut Pengeluaran Atas Dasar Harga Berlaku Kabupaten Barru; Laju Pertumbuhan Produk Domestik Regional Bruto (PDRB) Triwulanan Menurut Lapangan Usaha Kabupaten Barru; Distribusi Produk Domestik Regional Bruto (PDRB) Triwulanan Menurut Lapangan Usaha Atas Dasar Harga Berlaku Kabupaten Barru; Produk Domestik Regional Bruto Atas Dasar Harga Berlaku Menurut Lapangan Usaha  di Kabupaten Barru (miliar rupiah), 2018; Produk Domestik Regional Bruto Atas Dasar Harga Berlaku Menurut Lapangan Usaha  di Kabupaten Barru (miliar rupiah), 2021",/2/MjM0IzI=/laju-pertumbuhan-produk-domestik-regional-bruto--pdrb--triwulanan-menurut-pengeluaran-kabupaten-barru.html; /2/MjI4IzI=/produk-domestik-regional-bruto--pdrb--triwulanan-menurut-lapangan-usaha-kabupaten-barru.html; /2/MjI5IzI=/distribusi-produk-domestik-regional-bruto--pdrb--triwulanan-menurut-pengeluaran-atas-dasar-harga-berlaku-kabupaten-barru.html; /2/MjMyIzI=/laju-pertumbuhan-produk-domestik-regional-bruto--pdrb--triwulanan-menurut-lapangan-usaha-kabupaten-barru.html; /2/MjMwIzI=/distribusi-produk-domestik-regional-bruto--pdrb--triwulanan-menurut-lapangan-usaha-atas-dasar-harga-berlaku-kabupaten-barru.html; /3/UzFSTVVXUlliME5XYzBZNUwwNVFRa3h6Y1d3M1p6MDkjMw==/produk-domestik-regional-bruto-atas-dasar-harga-berlaku-menurut-lapangan-usaha---di-kabupaten-barru--miliar-rupiah---2018.html?year=2018; /3/UzFSTVVXUlliME5XYzBZNUwwNVFRa3h6Y1d3M1p6MDkjMw==/produk-domestik-regional-bruto-atas-dasar-harga-berlaku-menurut-lapangan-usaha---di-kabupaten-barru--miliar-rupiah---2021.html?year=2021,4.0,198.0,Atas Dasar Harga Berlaku
124,2024,Lainnya,-198.19,Data Tersedia,2025-06-16 08:00:40,Produk Domestik Regional Bruto (PDRB) Triwulanan Menurut Pengeluaran Kabupaten Barru,531.0,Neraca Ekonomi,225.0,Miliar Rupiah,MjM0IzI=; MjI4IzI=; MjI5IzI=; MjMyIzI=; MjMwIzI=; UzFSTVVXUlliME5XYzBZNUwwNVFRa3h6Y1d3M1p6MDkjMw==; UzFSTVVXUlliME5XYzBZNUwwNVFRa3h6Y1d3M1p6MDkjMw==,"Laju Pertumbuhan Produk Domestik Regional Bruto (PDRB) Triwulanan Menurut Pengeluaran Kabupaten Barru; Produk Domestik Regional Bruto (PDRB) Triwulanan Menurut Lapangan Usaha Kabupaten Barru; Distribusi Produk Domestik Regional Bruto (PDRB) Triwulanan Menurut Pengeluaran Atas Dasar Harga Berlaku Kabupaten Barru; Laju Pertumbuhan Produk Domestik Regional Bruto (PDRB) Triwulanan Menurut Lapangan Usaha Kabupaten Barru; Distribusi Produk Domestik Regional Bruto (PDRB) Triwulanan Menurut Lapangan Usaha Atas Dasar Harga Berlaku Kabupaten Barru; Produk Domestik Regional Bruto Atas Dasar Harga Berlaku Menurut Lapangan Usaha  di Kabupaten Barru (miliar rupiah), 2018; Produk Domestik Regional Bruto Atas Dasar Harga Berlaku Menurut Lapangan Usaha  di Kabupaten Barru (miliar rupiah), 2021",/2/MjM0IzI=/laju-pertumbuhan-produk-domestik-regional-bruto--pdrb--triwulanan-menurut-pengeluaran-kabupaten-barru.html; /2/MjI4IzI=/produk-domestik-regional-bruto--pdrb--triwulanan-menurut-lapangan-usaha-kabupaten-barru.html; /2/MjI5IzI=/distribusi-produk-domestik-regional-bruto--pdrb--triwulanan-menurut-pengeluaran-atas-dasar-harga-berlaku-kabupaten-barru.html; /2/MjMyIzI=/laju-pertumbuhan-produk-domestik-regional-bruto--pdrb--triwulanan-menurut-lapangan-usaha-kabupaten-barru.html; /2/MjMwIzI=/distribusi-produk-domestik-regional-bruto--pdrb--triwulanan-menurut-lapangan-usaha-atas-dasar-harga-berlaku-kabupaten-barru.html; /3/UzFSTVVXUlliME5XYzBZNUwwNVFRa3h6Y1d3M1p6MDkjMw==/produk-domestik-regional-bruto-atas-dasar-harga-berlaku-menurut-lapangan-usaha---di-kabupaten-barru--miliar-rupiah---2018.html?year=2018; /3/UzFSTVVXUlliME5XYzBZNUwwNVFRa3h6Y1d3M1p6MDkjMw==/produk-domestik-regional-bruto-atas-dasar-harga-berlaku-menurut-lapangan-usaha---di-kabupaten-barru--miliar-rupiah---2021.html?year=2021,4.0,199.0,Atas Dasar Harga Konstan
124,2024,Produk Domestik Regional Bruto,2249.44,Data Tersedia,2025-06-16 08:00:40,Produk Domestik Regional Bruto (PDRB) Triwulanan Menurut Pengeluaran Kabupaten Barru,531.0,Neraca Ekonomi,225.0,Miliar Rupiah,MjM0IzI=; MjI4IzI=; MjI5IzI=; MjMyIzI=; MjMwIzI=; UzFSTVVXUlliME5XYzBZNUwwNVFRa3h6Y1d3M1p6MDkjMw==; UzFSTVVXUlliME5XYzBZNUwwNVFRa3h6Y1d3M1p6MDkjMw==,"Laju Pertumbuhan Produk Domestik Regional Bruto (PDRB) Triwulanan Menurut Pengeluaran Kabupaten Barru; Produk Domestik Regional Bruto (PDRB) Triwulanan Menurut Lapangan Usaha Kabupaten Barru; Distribusi Produk Domestik Regional Bruto (PDRB) Triwulanan Menurut Pengeluaran Atas Dasar Harga Berlaku Kabupaten Barru; Laju Pertumbuhan Produk Domestik Regional Bruto (PDRB) Triwulanan Menurut Lapangan Usaha Kabupaten Barru; Distribusi Produk Domestik Regional Bruto (PDRB) Triwulanan Menurut Lapangan Usaha Atas Dasar Harga Berlaku Kabupaten Barru; Produk Domestik Regional Bruto Atas Dasar Harga Berlaku Menurut Lapangan Usaha  di Kabupaten Barru (miliar rupiah), 2018; Produk Domestik Regional Bruto Atas Dasar Harga Berlaku Menurut Lapangan Usaha  di Kabupaten Barru (miliar rupiah), 2021",/2/MjM0IzI=/laju-pertumbuhan-produk-domestik-regional-bruto--pdrb--triwulanan-menurut-pengeluaran-kabupaten-barru.html; /2/MjI4IzI=/produk-domestik-regional-bruto--pdrb--triwulanan-menurut-lapangan-usaha-kabupaten-barru.html; /2/MjI5IzI=/distribusi-produk-domestik-regional-bruto--pdrb--triwulanan-menurut-pengeluaran-atas-dasar-harga-berlaku-kabupaten-barru.html; /2/MjMyIzI=/laju-pertumbuhan-produk-domestik-regional-bruto--pdrb--triwulanan-menurut-lapangan-usaha-kabupaten-barru.html; /2/MjMwIzI=/distribusi-produk-domestik-regional-bruto--pdrb--triwulanan-menurut-lapangan-usaha-atas-dasar-harga-berlaku-kabupaten-barru.html; /3/UzFSTVVXUlliME5XYzBZNUwwNVFRa3h6Y1d3M1p6MDkjMw==/produk-domestik-regional-bruto-atas-dasar-harga-berlaku-menurut-lapangan-usaha---di-kabupaten-barru--miliar-rupiah---2018.html?year=2018; /3/UzFSTVVXUlliME5XYzBZNUwwNVFRa3h6Y1d3M1p6MDkjMw==/produk-domestik-regional-bruto-atas-dasar-harga-berlaku-menurut-lapangan-usaha---di-kabupaten-barru--miliar-rupiah---2021.html?year=2021,5.0,198.0,Atas Dasar Harga Berlaku
124,2024,Produk Domestik Regional Bruto,1336.3,Data Tersedia,2025-06-16 08:00:40,Produk Domestik Regional Bruto (PDRB) Triwulanan Menurut Pengeluaran Kabupaten Barru,531.0,Neraca Ekonomi,225.0,Miliar Rupiah,MjM0IzI=; MjI4IzI=; MjI5IzI=; MjMyIzI=; MjMwIzI=; UzFSTVVXUlliME5XYzBZNUwwNVFRa3h6Y1d3M1p6MDkjMw==; UzFSTVVXUlliME5XYzBZNUwwNVFRa3h6Y1d3M1p6MDkjMw==,"Laju Pertumbuhan Produk Domestik Regional Bruto (PDRB) Triwulanan Menurut Pengeluaran Kabupaten Barru; Produk Domestik Regional Bruto (PDRB) Triwulanan Menurut Lapangan Usaha Kabupaten Barru; Distribusi Produk Domestik Regional Bruto (PDRB) Triwulanan Menurut Pengeluaran Atas Dasar Harga Berlaku Kabupaten Barru; Laju Pertumbuhan Produk Domestik Regional Bruto (PDRB) Triwulanan Menurut Lapangan Usaha Kabupaten Barru; Distribusi Produk Domestik Regional Bruto (PDRB) Triwulanan Menurut Lapangan Usaha Atas Dasar Harga Berlaku Kabupaten Barru; Produk Domestik Regional Bruto Atas Dasar Harga Berlaku Menurut Lapangan Usaha  di Kabupaten Barru (miliar rupiah), 2018; Produk Domestik Regional Bruto Atas Dasar Harga Berlaku Menurut Lapangan Usaha  di Kabupaten Barru (miliar rupiah), 2021",/2/MjM0IzI=/laju-pertumbuhan-produk-domestik-regional-bruto--pdrb--triwulanan-menurut-pengeluaran-kabupaten-barru.html; /2/MjI4IzI=/produk-domestik-regional-bruto--pdrb--triwulanan-menurut-lapangan-usaha-kabupaten-barru.html; /2/MjI5IzI=/distribusi-produk-domestik-regional-bruto--pdrb--triwulanan-menurut-pengeluaran-atas-dasar-harga-berlaku-kabupaten-barru.html; /2/MjMyIzI=/laju-pertumbuhan-produk-domestik-regional-bruto--pdrb--triwulanan-menurut-lapangan-usaha-kabupaten-barru.html; /2/MjMwIzI=/distribusi-produk-domestik-regional-bruto--pdrb--triwulanan-menurut-lapangan-usaha-atas-dasar-harga-berlaku-kabupaten-barru.html; /3/UzFSTVVXUlliME5XYzBZNUwwNVFRa3h6Y1d3M1p6MDkjMw==/produk-domestik-regional-bruto-atas-dasar-harga-berlaku-menurut-lapangan-usaha---di-kabupaten-barru--miliar-rupiah---2018.html?year=2018; /3/UzFSTVVXUlliME5XYzBZNUwwNVFRa3h6Y1d3M1p6MDkjMw==/produk-domestik-regional-bruto-atas-dasar-harga-berlaku-menurut-lapangan-usaha---di-kabupaten-barru--miliar-rupiah---2021.html?year=2021,5.0,199.0,Atas Dasar Harga Konstan
125,2025,Konsumsi Akhir Rumah Tangga,1560.97,Data Tersedia,2025-06-16 08:00:40,Produk Domestik Regional Bruto (PDRB) Triwulanan Menurut Pengeluaran Kabupaten Barru,531.0,Neraca Ekonomi,225.0,Miliar Rupiah,MjM0IzI=; MjI4IzI=; MjI5IzI=; MjMyIzI=; MjMwIzI=; UzFSTVVXUlliME5XYzBZNUwwNVFRa3h6Y1d3M1p6MDkjMw==; UzFSTVVXUlliME5XYzBZNUwwNVFRa3h6Y1d3M1p6MDkjMw==,"Laju Pertumbuhan Produk Domestik Regional Bruto (PDRB) Triwulanan Menurut Pengeluaran Kabupaten Barru; Produk Domestik Regional Bruto (PDRB) Triwulanan Menurut Lapangan Usaha Kabupaten Barru; Distribusi Produk Domestik Regional Bruto (PDRB) Triwulanan Menurut Pengeluaran Atas Dasar Harga Berlaku Kabupaten Barru; Laju Pertumbuhan Produk Domestik Regional Bruto (PDRB) Triwulanan Menurut Lapangan Usaha Kabupaten Barru; Distribusi Produk Domestik Regional Bruto (PDRB) Triwulanan Menurut Lapangan Usaha Atas Dasar Harga Berlaku Kabupaten Barru; Produk Domestik Regional Bruto Atas Dasar Harga Berlaku Menurut Lapangan Usaha  di Kabupaten Barru (miliar rupiah), 2018; Produk Domestik Regional Bruto Atas Dasar Harga Berlaku Menurut Lapangan Usaha  di Kabupaten Barru (miliar rupiah), 2021",/2/MjM0IzI=/laju-pertumbuhan-produk-domestik-regional-bruto--pdrb--triwulanan-menurut-pengeluaran-kabupaten-barru.html; /2/MjI4IzI=/produk-domestik-regional-bruto--pdrb--triwulanan-menurut-lapangan-usaha-kabupaten-barru.html; /2/MjI5IzI=/distribusi-produk-domestik-regional-bruto--pdrb--triwulanan-menurut-pengeluaran-atas-dasar-harga-berlaku-kabupaten-barru.html; /2/MjMyIzI=/laju-pertumbuhan-produk-domestik-regional-bruto--pdrb--triwulanan-menurut-lapangan-usaha-kabupaten-barru.html; /2/MjMwIzI=/distribusi-produk-domestik-regional-bruto--pdrb--triwulanan-menurut-lapangan-usaha-atas-dasar-harga-berlaku-kabupaten-barru.html; /3/UzFSTVVXUlliME5XYzBZNUwwNVFRa3h6Y1d3M1p6MDkjMw==/produk-domestik-regional-bruto-atas-dasar-harga-berlaku-menurut-lapangan-usaha---di-kabupaten-barru--miliar-rupiah---2018.html?year=2018; /3/UzFSTVVXUlliME5XYzBZNUwwNVFRa3h6Y1d3M1p6MDkjMw==/produk-domestik-regional-bruto-atas-dasar-harga-berlaku-menurut-lapangan-usaha---di-kabupaten-barru--miliar-rupiah---2021.html?year=2021,1.0,198.0,Atas Dasar Harga Berlaku
125,2025,Konsumsi Akhir Rumah Tangga,832.85,Data Tersedia,2025-06-16 08:00:40,Produk Domestik Regional Bruto (PDRB) Triwulanan Menurut Pengeluaran Kabupaten Barru,531.0,Neraca Ekonomi,225.0,Miliar Rupiah,MjM0IzI=; MjI4IzI=; MjI5IzI=; MjMyIzI=; MjMwIzI=; UzFSTVVXUlliME5XYzBZNUwwNVFRa3h6Y1d3M1p6MDkjMw==; UzFSTVVXUlliME5XYzBZNUwwNVFRa3h6Y1d3M1p6MDkjMw==,"Laju Pertumbuhan Produk Domestik Regional Bruto (PDRB) Triwulanan Menurut Pengeluaran Kabupaten Barru; Produk Domestik Regional Bruto (PDRB) Triwulanan Menurut Lapangan Usaha Kabupaten Barru; Distribusi Produk Domestik Regional Bruto (PDRB) Triwulanan Menurut Pengeluaran Atas Dasar Harga Berlaku Kabupaten Barru; Laju Pertumbuhan Produk Domestik Regional Bruto (PDRB) Triwulanan Menurut Lapangan Usaha Kabupaten Barru; Distribusi Produk Domestik Regional Bruto (PDRB) Triwulanan Menurut Lapangan Usaha Atas Dasar Harga Berlaku Kabupaten Barru; Produk Domestik Regional Bruto Atas Dasar Harga Berlaku Menurut Lapangan Usaha  di Kabupaten Barru (miliar rupiah), 2018; Produk Domestik Regional Bruto Atas Dasar Harga Berlaku Menurut Lapangan Usaha  di Kabupaten Barru (miliar rupiah), 2021",/2/MjM0IzI=/laju-pertumbuhan-produk-domestik-regional-bruto--pdrb--triwulanan-menurut-pengeluaran-kabupaten-barru.html; /2/MjI4IzI=/produk-domestik-regional-bruto--pdrb--triwulanan-menurut-lapangan-usaha-kabupaten-barru.html; /2/MjI5IzI=/distribusi-produk-domestik-regional-bruto--pdrb--triwulanan-menurut-pengeluaran-atas-dasar-harga-berlaku-kabupaten-barru.html; /2/MjMyIzI=/laju-pertumbuhan-produk-domestik-regional-bruto--pdrb--triwulanan-menurut-lapangan-usaha-kabupaten-barru.html; /2/MjMwIzI=/distribusi-produk-domestik-regional-bruto--pdrb--triwulanan-menurut-lapangan-usaha-atas-dasar-harga-berlaku-kabupaten-barru.html; /3/UzFSTVVXUlliME5XYzBZNUwwNVFRa3h6Y1d3M1p6MDkjMw==/produk-domestik-regional-bruto-atas-dasar-harga-berlaku-menurut-lapangan-usaha---di-kabupaten-barru--miliar-rupiah---2018.html?year=2018; /3/UzFSTVVXUlliME5XYzBZNUwwNVFRa3h6Y1d3M1p6MDkjMw==/produk-domestik-regional-bruto-atas-dasar-harga-berlaku-menurut-lapangan-usaha---di-kabupaten-barru--miliar-rupiah---2021.html?year=2021,1.0,199.0,Atas Dasar Harga Konstan
125,2025,Konsumsi Akhir Pemerintah,174.21,Data Tersedia,2025-06-16 08:00:40,Produk Domestik Regional Bruto (PDRB) Triwulanan Menurut Pengeluaran Kabupaten Barru,531.0,Neraca Ekonomi,225.0,Miliar Rupiah,MjM0IzI=; MjI4IzI=; MjI5IzI=; MjMyIzI=; MjMwIzI=; UzFSTVVXUlliME5XYzBZNUwwNVFRa3h6Y1d3M1p6MDkjMw==; UzFSTVVXUlliME5XYzBZNUwwNVFRa3h6Y1d3M1p6MDkjMw==,"Laju Pertumbuhan Produk Domestik Regional Bruto (PDRB) Triwulanan Menurut Pengeluaran Kabupaten Barru; Produk Domestik Regional Bruto (PDRB) Triwulanan Menurut Lapangan Usaha Kabupaten Barru; Distribusi Produk Domestik Regional Bruto (PDRB) Triwulanan Menurut Pengeluaran Atas Dasar Harga Berlaku Kabupaten Barru; Laju Pertumbuhan Produk Domestik Regional Bruto (PDRB) Triwulanan Menurut Lapangan Usaha Kabupaten Barru; Distribusi Produk Domestik Regional Bruto (PDRB) Triwulanan Menurut Lapangan Usaha Atas Dasar Harga Berlaku Kabupaten Barru; Produk Domestik Regional Bruto Atas Dasar Harga Berlaku Menurut Lapangan Usaha  di Kabupaten Barru (miliar rupiah), 2018; Produk Domestik Regional Bruto Atas Dasar Harga Berlaku Menurut Lapangan Usaha  di Kabupaten Barru (miliar rupiah), 2021",/2/MjM0IzI=/laju-pertumbuhan-produk-domestik-regional-bruto--pdrb--triwulanan-menurut-pengeluaran-kabupaten-barru.html; /2/MjI4IzI=/produk-domestik-regional-bruto--pdrb--triwulanan-menurut-lapangan-usaha-kabupaten-barru.html; /2/MjI5IzI=/distribusi-produk-domestik-regional-bruto--pdrb--triwulanan-menurut-pengeluaran-atas-dasar-harga-berlaku-kabupaten-barru.html; /2/MjMyIzI=/laju-pertumbuhan-produk-domestik-regional-bruto--pdrb--triwulanan-menurut-lapangan-usaha-kabupaten-barru.html; /2/MjMwIzI=/distribusi-produk-domestik-regional-bruto--pdrb--triwulanan-menurut-lapangan-usaha-atas-dasar-harga-berlaku-kabupaten-barru.html; /3/UzFSTVVXUlliME5XYzBZNUwwNVFRa3h6Y1d3M1p6MDkjMw==/produk-domestik-regional-bruto-atas-dasar-harga-berlaku-menurut-lapangan-usaha---di-kabupaten-barru--miliar-rupiah---2018.html?year=2018; /3/UzFSTVVXUlliME5XYzBZNUwwNVFRa3h6Y1d3M1p6MDkjMw==/produk-domestik-regional-bruto-atas-dasar-harga-berlaku-menurut-lapangan-usaha---di-kabupaten-barru--miliar-rupiah---2021.html?year=2021,2.0,198.0,Atas Dasar Harga Berlaku
125,2025,Konsumsi Akhir Pemerintah,103.76,Data Tersedia,2025-06-16 08:00:40,Produk Domestik Regional Bruto (PDRB) Triwulanan Menurut Pengeluaran Kabupaten Barru,531.0,Neraca Ekonomi,225.0,Miliar Rupiah,MjM0IzI=; MjI4IzI=; MjI5IzI=; MjMyIzI=; MjMwIzI=; UzFSTVVXUlliME5XYzBZNUwwNVFRa3h6Y1d3M1p6MDkjMw==; UzFSTVVXUlliME5XYzBZNUwwNVFRa3h6Y1d3M1p6MDkjMw==,"Laju Pertumbuhan Produk Domestik Regional Bruto (PDRB) Triwulanan Menurut Pengeluaran Kabupaten Barru; Produk Domestik Regional Bruto (PDRB) Triwulanan Menurut Lapangan Usaha Kabupaten Barru; Distribusi Produk Domestik Regional Bruto (PDRB) Triwulanan Menurut Pengeluaran Atas Dasar Harga Berlaku Kabupaten Barru; Laju Pertumbuhan Produk Domestik Regional Bruto (PDRB) Triwulanan Menurut Lapangan Usaha Kabupaten Barru; Distribusi Produk Domestik Regional Bruto (PDRB) Triwulanan Menurut Lapangan Usaha Atas Dasar Harga Berlaku Kabupaten Barru; Produk Domestik Regional Bruto Atas Dasar Harga Berlaku Menurut Lapangan Usaha  di Kabupaten Barru (miliar rupiah), 2018; Produk Domestik Regional Bruto Atas Dasar Harga Berlaku Menurut Lapangan Usaha  di Kabupaten Barru (miliar rupiah), 2021",/2/MjM0IzI=/laju-pertumbuhan-produk-domestik-regional-bruto--pdrb--triwulanan-menurut-pengeluaran-kabupaten-barru.html; /2/MjI4IzI=/produk-domestik-regional-bruto--pdrb--triwulanan-menurut-lapangan-usaha-kabupaten-barru.html; /2/MjI5IzI=/distribusi-produk-domestik-regional-bruto--pdrb--triwulanan-menurut-pengeluaran-atas-dasar-harga-berlaku-kabupaten-barru.html; /2/MjMyIzI=/laju-pertumbuhan-produk-domestik-regional-bruto--pdrb--triwulanan-menurut-lapangan-usaha-kabupaten-barru.html; /2/MjMwIzI=/distribusi-produk-domestik-regional-bruto--pdrb--triwulanan-menurut-lapangan-usaha-atas-dasar-harga-berlaku-kabupaten-barru.html; /3/UzFSTVVXUlliME5XYzBZNUwwNVFRa3h6Y1d3M1p6MDkjMw==/produk-domestik-regional-bruto-atas-dasar-harga-berlaku-menurut-lapangan-usaha---di-kabupaten-barru--miliar-rupiah---2018.html?year=2018; /3/UzFSTVVXUlliME5XYzBZNUwwNVFRa3h6Y1d3M1p6MDkjMw==/produk-domestik-regional-bruto-atas-dasar-harga-berlaku-menurut-lapangan-usaha---di-kabupaten-barru--miliar-rupiah---2021.html?year=2021,2.0,199.0,Atas Dasar Harga Konstan
125,2025,Pembentukan Modal Tetap Bruto,1037.39,Data Tersedia,2025-06-16 08:00:40,Produk Domestik Regional Bruto (PDRB) Triwulanan Menurut Pengeluaran Kabupaten Barru,531.0,Neraca Ekonomi,225.0,Miliar Rupiah,MjM0IzI=; MjI4IzI=; MjI5IzI=; MjMyIzI=; MjMwIzI=; UzFSTVVXUlliME5XYzBZNUwwNVFRa3h6Y1d3M1p6MDkjMw==; UzFSTVVXUlliME5XYzBZNUwwNVFRa3h6Y1d3M1p6MDkjMw==,"Laju Pertumbuhan Produk Domestik Regional Bruto (PDRB) Triwulanan Menurut Pengeluaran Kabupaten Barru; Produk Domestik Regional Bruto (PDRB) Triwulanan Menurut Lapangan Usaha Kabupaten Barru; Distribusi Produk Domestik Regional Bruto (PDRB) Triwulanan Menurut Pengeluaran Atas Dasar Harga Berlaku Kabupaten Barru; Laju Pertumbuhan Produk Domestik Regional Bruto (PDRB) Triwulanan Menurut Lapangan Usaha Kabupaten Barru; Distribusi Produk Domestik Regional Bruto (PDRB) Triwulanan Menurut Lapangan Usaha Atas Dasar Harga Berlaku Kabupaten Barru; Produk Domestik Regional Bruto Atas Dasar Harga Berlaku Menurut Lapangan Usaha  di Kabupaten Barru (miliar rupiah), 2018; Produk Domestik Regional Bruto Atas Dasar Harga Berlaku Menurut Lapangan Usaha  di Kabupaten Barru (miliar rupiah), 2021",/2/MjM0IzI=/laju-pertumbuhan-produk-domestik-regional-bruto--pdrb--triwulanan-menurut-pengeluaran-kabupaten-barru.html; /2/MjI4IzI=/produk-domestik-regional-bruto--pdrb--triwulanan-menurut-lapangan-usaha-kabupaten-barru.html; /2/MjI5IzI=/distribusi-produk-domestik-regional-bruto--pdrb--triwulanan-menurut-pengeluaran-atas-dasar-harga-berlaku-kabupaten-barru.html; /2/MjMyIzI=/laju-pertumbuhan-produk-domestik-regional-bruto--pdrb--triwulanan-menurut-lapangan-usaha-kabupaten-barru.html; /2/MjMwIzI=/distribusi-produk-domestik-regional-bruto--pdrb--triwulanan-menurut-lapangan-usaha-atas-dasar-harga-berlaku-kabupaten-barru.html; /3/UzFSTVVXUlliME5XYzBZNUwwNVFRa3h6Y1d3M1p6MDkjMw==/produk-domestik-regional-bruto-atas-dasar-harga-berlaku-menurut-lapangan-usaha---di-kabupaten-barru--miliar-rupiah---2018.html?year=2018; /3/UzFSTVVXUlliME5XYzBZNUwwNVFRa3h6Y1d3M1p6MDkjMw==/produk-domestik-regional-bruto-atas-dasar-harga-berlaku-menurut-lapangan-usaha---di-kabupaten-barru--miliar-rupiah---2021.html?year=2021,3.0,198.0,Atas Dasar Harga Berlaku
125,2025,Pembentukan Modal Tetap Bruto,616.61,Data Tersedia,2025-06-16 08:00:40,Produk Domestik Regional Bruto (PDRB) Triwulanan Menurut Pengeluaran Kabupaten Barru,531.0,Neraca Ekonomi,225.0,Miliar Rupiah,MjM0IzI=; MjI4IzI=; MjI5IzI=; MjMyIzI=; MjMwIzI=; UzFSTVVXUlliME5XYzBZNUwwNVFRa3h6Y1d3M1p6MDkjMw==; UzFSTVVXUlliME5XYzBZNUwwNVFRa3h6Y1d3M1p6MDkjMw==,"Laju Pertumbuhan Produk Domestik Regional Bruto (PDRB) Triwulanan Menurut Pengeluaran Kabupaten Barru; Produk Domestik Regional Bruto (PDRB) Triwulanan Menurut Lapangan Usaha Kabupaten Barru; Distribusi Produk Domestik Regional Bruto (PDRB) Triwulanan Menurut Pengeluaran Atas Dasar Harga Berlaku Kabupaten Barru; Laju Pertumbuhan Produk Domestik Regional Bruto (PDRB) Triwulanan Menurut Lapangan Usaha Kabupaten Barru; Distribusi Produk Domestik Regional Bruto (PDRB) Triwulanan Menurut Lapangan Usaha Atas Dasar Harga Berlaku Kabupaten Barru; Produk Domestik Regional Bruto Atas Dasar Harga Berlaku Menurut Lapangan Usaha  di Kabupaten Barru (miliar rupiah), 2018; Produk Domestik Regional Bruto Atas Dasar Harga Berlaku Menurut Lapangan Usaha  di Kabupaten Barru (miliar rupiah), 2021",/2/MjM0IzI=/laju-pertumbuhan-produk-domestik-regional-bruto--pdrb--triwulanan-menurut-pengeluaran-kabupaten-barru.html; /2/MjI4IzI=/produk-domestik-regional-bruto--pdrb--triwulanan-menurut-lapangan-usaha-kabupaten-barru.html; /2/MjI5IzI=/distribusi-produk-domestik-regional-bruto--pdrb--triwulanan-menurut-pengeluaran-atas-dasar-harga-berlaku-kabupaten-barru.html; /2/MjMyIzI=/laju-pertumbuhan-produk-domestik-regional-bruto--pdrb--triwulanan-menurut-lapangan-usaha-kabupaten-barru.html; /2/MjMwIzI=/distribusi-produk-domestik-regional-bruto--pdrb--triwulanan-menurut-lapangan-usaha-atas-dasar-harga-berlaku-kabupaten-barru.html; /3/UzFSTVVXUlliME5XYzBZNUwwNVFRa3h6Y1d3M1p6MDkjMw==/produk-domestik-regional-bruto-atas-dasar-harga-berlaku-menurut-lapangan-usaha---di-kabupaten-barru--miliar-rupiah---2018.html?year=2018; /3/UzFSTVVXUlliME5XYzBZNUwwNVFRa3h6Y1d3M1p6MDkjMw==/produk-domestik-regional-bruto-atas-dasar-harga-berlaku-menurut-lapangan-usaha---di-kabupaten-barru--miliar-rupiah---2021.html?year=2021,3.0,199.0,Atas Dasar Harga Konstan
125,2025,Lainnya,-335.51,Data Tersedia,2025-06-16 08:00:40,Produk Domestik Regional Bruto (PDRB) Triwulanan Menurut Pengeluaran Kabupaten Barru,531.0,Neraca Ekonomi,225.0,Miliar Rupiah,MjM0IzI=; MjI4IzI=; MjI5IzI=; MjMyIzI=; MjMwIzI=; UzFSTVVXUlliME5XYzBZNUwwNVFRa3h6Y1d3M1p6MDkjMw==; UzFSTVVXUlliME5XYzBZNUwwNVFRa3h6Y1d3M1p6MDkjMw==,"Laju Pertumbuhan Produk Domestik Regional Bruto (PDRB) Triwulanan Menurut Pengeluaran Kabupaten Barru; Produk Domestik Regional Bruto (PDRB) Triwulanan Menurut Lapangan Usaha Kabupaten Barru; Distribusi Produk Domestik Regional Bruto (PDRB) Triwulanan Menurut Pengeluaran Atas Dasar Harga Berlaku Kabupaten Barru; Laju Pertumbuhan Produk Domestik Regional Bruto (PDRB) Triwulanan Menurut Lapangan Usaha Kabupaten Barru; Distribusi Produk Domestik Regional Bruto (PDRB) Triwulanan Menurut Lapangan Usaha Atas Dasar Harga Berlaku Kabupaten Barru; Produk Domestik Regional Bruto Atas Dasar Harga Berlaku Menurut Lapangan Usaha  di Kabupaten Barru (miliar rupiah), 2018; Produk Domestik Regional Bruto Atas Dasar Harga Berlaku Menurut Lapangan Usaha  di Kabupaten Barru (miliar rupiah), 2021",/2/MjM0IzI=/laju-pertumbuhan-produk-domestik-regional-bruto--pdrb--triwulanan-menurut-pengeluaran-kabupaten-barru.html; /2/MjI4IzI=/produk-domestik-regional-bruto--pdrb--triwulanan-menurut-lapangan-usaha-kabupaten-barru.html; /2/MjI5IzI=/distribusi-produk-domestik-regional-bruto--pdrb--triwulanan-menurut-pengeluaran-atas-dasar-harga-berlaku-kabupaten-barru.html; /2/MjMyIzI=/laju-pertumbuhan-produk-domestik-regional-bruto--pdrb--triwulanan-menurut-lapangan-usaha-kabupaten-barru.html; /2/MjMwIzI=/distribusi-produk-domestik-regional-bruto--pdrb--triwulanan-menurut-lapangan-usaha-atas-dasar-harga-berlaku-kabupaten-barru.html; /3/UzFSTVVXUlliME5XYzBZNUwwNVFRa3h6Y1d3M1p6MDkjMw==/produk-domestik-regional-bruto-atas-dasar-harga-berlaku-menurut-lapangan-usaha---di-kabupaten-barru--miliar-rupiah---2018.html?year=2018; /3/UzFSTVVXUlliME5XYzBZNUwwNVFRa3h6Y1d3M1p6MDkjMw==/produk-domestik-regional-bruto-atas-dasar-harga-berlaku-menurut-lapangan-usaha---di-kabupaten-barru--miliar-rupiah---2021.html?year=2021,4.0,198.0,Atas Dasar Harga Berlaku
125,2025,Lainnya,-135.21,Data Tersedia,2025-06-16 08:00:40,Produk Domestik Regional Bruto (PDRB) Triwulanan Menurut Pengeluaran Kabupaten Barru,531.0,Neraca Ekonomi,225.0,Miliar Rupiah,MjM0IzI=; MjI4IzI=; MjI5IzI=; MjMyIzI=; MjMwIzI=; UzFSTVVXUlliME5XYzBZNUwwNVFRa3h6Y1d3M1p6MDkjMw==; UzFSTVVXUlliME5XYzBZNUwwNVFRa3h6Y1d3M1p6MDkjMw==,"Laju Pertumbuhan Produk Domestik Regional Bruto (PDRB) Triwulanan Menurut Pengeluaran Kabupaten Barru; Produk Domestik Regional Bruto (PDRB) Triwulanan Menurut Lapangan Usaha Kabupaten Barru; Distribusi Produk Domestik Regional Bruto (PDRB) Triwulanan Menurut Pengeluaran Atas Dasar Harga Berlaku Kabupaten Barru; Laju Pertumbuhan Produk Domestik Regional Bruto (PDRB) Triwulanan Menurut Lapangan Usaha Kabupaten Barru; Distribusi Produk Domestik Regional Bruto (PDRB) Triwulanan Menurut Lapangan Usaha Atas Dasar Harga Berlaku Kabupaten Barru; Produk Domestik Regional Bruto Atas Dasar Harga Berlaku Menurut Lapangan Usaha  di Kabupaten Barru (miliar rupiah), 2018; Produk Domestik Regional Bruto Atas Dasar Harga Berlaku Menurut Lapangan Usaha  di Kabupaten Barru (miliar rupiah), 2021",/2/MjM0IzI=/laju-pertumbuhan-produk-domestik-regional-bruto--pdrb--triwulanan-menurut-pengeluaran-kabupaten-barru.html; /2/MjI4IzI=/produk-domestik-regional-bruto--pdrb--triwulanan-menurut-lapangan-usaha-kabupaten-barru.html; /2/MjI5IzI=/distribusi-produk-domestik-regional-bruto--pdrb--triwulanan-menurut-pengeluaran-atas-dasar-harga-berlaku-kabupaten-barru.html; /2/MjMyIzI=/laju-pertumbuhan-produk-domestik-regional-bruto--pdrb--triwulanan-menurut-lapangan-usaha-kabupaten-barru.html; /2/MjMwIzI=/distribusi-produk-domestik-regional-bruto--pdrb--triwulanan-menurut-lapangan-usaha-atas-dasar-harga-berlaku-kabupaten-barru.html; /3/UzFSTVVXUlliME5XYzBZNUwwNVFRa3h6Y1d3M1p6MDkjMw==/produk-domestik-regional-bruto-atas-dasar-harga-berlaku-menurut-lapangan-usaha---di-kabupaten-barru--miliar-rupiah---2018.html?year=2018; /3/UzFSTVVXUlliME5XYzBZNUwwNVFRa3h6Y1d3M1p6MDkjMw==/produk-domestik-regional-bruto-atas-dasar-harga-berlaku-menurut-lapangan-usaha---di-kabupaten-barru--miliar-rupiah---2021.html?year=2021,4.0,199.0,Atas Dasar Harga Konstan
125,2025,Produk Domestik Regional Bruto,2437.05,Data Tersedia,2025-06-16 08:00:40,Produk Domestik Regional Bruto (PDRB) Triwulanan Menurut Pengeluaran Kabupaten Barru,531.0,Neraca Ekonomi,225.0,Miliar Rupiah,MjM0IzI=; MjI4IzI=; MjI5IzI=; MjMyIzI=; MjMwIzI=; UzFSTVVXUlliME5XYzBZNUwwNVFRa3h6Y1d3M1p6MDkjMw==; UzFSTVVXUlliME5XYzBZNUwwNVFRa3h6Y1d3M1p6MDkjMw==,"Laju Pertumbuhan Produk Domestik Regional Bruto (PDRB) Triwulanan Menurut Pengeluaran Kabupaten Barru; Produk Domestik Regional Bruto (PDRB) Triwulanan Menurut Lapangan Usaha Kabupaten Barru; Distribusi Produk Domestik Regional Bruto (PDRB) Triwulanan Menurut Pengeluaran Atas Dasar Harga Berlaku Kabupaten Barru; Laju Pertumbuhan Produk Domestik Regional Bruto (PDRB) Triwulanan Menurut Lapangan Usaha Kabupaten Barru; Distribusi Produk Domestik Regional Bruto (PDRB) Triwulanan Menurut Lapangan Usaha Atas Dasar Harga Berlaku Kabupaten Barru; Produk Domestik Regional Bruto Atas Dasar Harga Berlaku Menurut Lapangan Usaha  di Kabupaten Barru (miliar rupiah), 2018; Produk Domestik Regional Bruto Atas Dasar Harga Berlaku Menurut Lapangan Usaha  di Kabupaten Barru (miliar rupiah), 2021",/2/MjM0IzI=/laju-pertumbuhan-produk-domestik-regional-bruto--pdrb--triwulanan-menurut-pengeluaran-kabupaten-barru.html; /2/MjI4IzI=/produk-domestik-regional-bruto--pdrb--triwulanan-menurut-lapangan-usaha-kabupaten-barru.html; /2/MjI5IzI=/distribusi-produk-domestik-regional-bruto--pdrb--triwulanan-menurut-pengeluaran-atas-dasar-harga-berlaku-kabupaten-barru.html; /2/MjMyIzI=/laju-pertumbuhan-produk-domestik-regional-bruto--pdrb--triwulanan-menurut-lapangan-usaha-kabupaten-barru.html; /2/MjMwIzI=/distribusi-produk-domestik-regional-bruto--pdrb--triwulanan-menurut-lapangan-usaha-atas-dasar-harga-berlaku-kabupaten-barru.html; /3/UzFSTVVXUlliME5XYzBZNUwwNVFRa3h6Y1d3M1p6MDkjMw==/produk-domestik-regional-bruto-atas-dasar-harga-berlaku-menurut-lapangan-usaha---di-kabupaten-barru--miliar-rupiah---2018.html?year=2018; /3/UzFSTVVXUlliME5XYzBZNUwwNVFRa3h6Y1d3M1p6MDkjMw==/produk-domestik-regional-bruto-atas-dasar-harga-berlaku-menurut-lapangan-usaha---di-kabupaten-barru--miliar-rupiah---2021.html?year=2021,5.0,198.0,Atas Dasar Harga Berlaku
125,2025,Produk Domestik Regional Bruto,1418.01,Data Tersedia,2025-06-16 08:00:40,Produk Domestik Regional Bruto (PDRB) Triwulanan Menurut Pengeluaran Kabupaten Barru,531.0,Neraca Ekonomi,225.0,Miliar Rupiah,MjM0IzI=; MjI4IzI=; MjI5IzI=; MjMyIzI=; MjMwIzI=; UzFSTVVXUlliME5XYzBZNUwwNVFRa3h6Y1d3M1p6MDkjMw==; UzFSTVVXUlliME5XYzBZNUwwNVFRa3h6Y1d3M1p6MDkjMw==,"Laju Pertumbuhan Produk Domestik Regional Bruto (PDRB) Triwulanan Menurut Pengeluaran Kabupaten Barru; Produk Domestik Regional Bruto (PDRB) Triwulanan Menurut Lapangan Usaha Kabupaten Barru; Distribusi Produk Domestik Regional Bruto (PDRB) Triwulanan Menurut Pengeluaran Atas Dasar Harga Berlaku Kabupaten Barru; Laju Pertumbuhan Produk Domestik Regional Bruto (PDRB) Triwulanan Menurut Lapangan Usaha Kabupaten Barru; Distribusi Produk Domestik Regional Bruto (PDRB) Triwulanan Menurut Lapangan Usaha Atas Dasar Harga Berlaku Kabupaten Barru; Produk Domestik Regional Bruto Atas Dasar Harga Berlaku Menurut Lapangan Usaha  di Kabupaten Barru (miliar rupiah), 2018; Produk Domestik Regional Bruto Atas Dasar Harga Berlaku Menurut Lapangan Usaha  di Kabupaten Barru (miliar rupiah), 2021",/2/MjM0IzI=/laju-pertumbuhan-produk-domestik-regional-bruto--pdrb--triwulanan-menurut-pengeluaran-kabupaten-barru.html; /2/MjI4IzI=/produk-domestik-regional-bruto--pdrb--triwulanan-menurut-lapangan-usaha-kabupaten-barru.html; /2/MjI5IzI=/distribusi-produk-domestik-regional-bruto--pdrb--triwulanan-menurut-pengeluaran-atas-dasar-harga-berlaku-kabupaten-barru.html; /2/MjMyIzI=/laju-pertumbuhan-produk-domestik-regional-bruto--pdrb--triwulanan-menurut-lapangan-usaha-kabupaten-barru.html; /2/MjMwIzI=/distribusi-produk-domestik-regional-bruto--pdrb--triwulanan-menurut-lapangan-usaha-atas-dasar-harga-berlaku-kabupaten-barru.html; /3/UzFSTVVXUlliME5XYzBZNUwwNVFRa3h6Y1d3M1p6MDkjMw==/produk-domestik-regional-bruto-atas-dasar-harga-berlaku-menurut-lapangan-usaha---di-kabupaten-barru--miliar-rupiah---2018.html?year=2018; /3/UzFSTVVXUlliME5XYzBZNUwwNVFRa3h6Y1d3M1p6MDkjMw==/produk-domestik-regional-bruto-atas-dasar-harga-berlaku-menurut-lapangan-usaha---di-kabupaten-barru--miliar-rupiah---2021.html?year=2021,5.0,199.0,Atas Dasar Harga Konstan
