id_tahun,tahun,vervar_label,nilai,status,last_update,var_label,subject_id,subject_label,var_id,var_unit,related_ids,related_titles,related_links,vervar_id,turvar_id,turvar_label
100,,,,Data Tidak Ditemukan,,,,,,,,,,,,
101,,,,Data Tidak Ditemukan,,,,,,,,,,,,
102,,,,Data Tidak Ditemukan,,,,,,,,,,,,
103,,,,Data Tidak Ditemukan,,,,,,,,,,,,
104,,,,Data Tidak Ditemukan,,,,,,,,,,,,
105,,,,Data Tidak Ditemukan,,,,,,,,,,,,
106,,,,Data Tidak Ditemukan,,,,,,,,,,,,
107,,,,Data Tidak Ditemukan,,,,,,,,,,,,
108,,,,Data Tidak Ditemukan,,,,,,,,,,,,
109,,,,Data Tidak Ditemukan,,,,,,,,,,,,
110,,,,Data Tidak Ditemukan,,,,,,,,,,,,
111,,,,Data Tidak Ditemukan,,,,,,,,,,,,
112,,,,Data Tidak Ditemukan,,,,,,,,,,,,
113,,,,Data Tidak Ditemukan,,,,,,,,,,,,
114,,,,Data Tidak Ditemukan,,,,,,,,,,,,
115,,,,Data Tidak Ditemukan,,,,,,,,,,,,
116,,,,Data Tidak Ditemukan,,,,,,,,,,,,
117,,,,Data Tidak Ditemukan,,,,,,,,,,,,
118,,Januari,,Data Tidak Ditemukan,2024-03-04 09:32:04,Kelembaban Udara,539.0,Lingkungan,101.0,Persen,MTA1IzI=; OTkjMg==,Tekanan Udara; Suhu Udara,/2/MTA1IzI=/tekanan-udara.html; /2/OTkjMg==/suhu-udara.html,1.0,37.0,Maks
118,,Januari,,Data Tidak Ditemukan,2024-03-04 09:32:04,Kelembaban Udara,539.0,Lingkungan,101.0,Persen,MTA1IzI=; OTkjMg==,Tekanan Udara; Suhu Udara,/2/MTA1IzI=/tekanan-udara.html; /2/OTkjMg==/suhu-udara.html,1.0,38.0,Min
118,,Januari,,Data Tidak Ditemukan,2024-03-04 09:32:04,Kelembaban Udara,539.0,Lingkungan,101.0,Persen,MTA1IzI=; OTkjMg==,Tekanan Udara; Suhu Udara,/2/MTA1IzI=/tekanan-udara.html; /2/OTkjMg==/suhu-udara.html,1.0,39.0,Rata-Rata
118,,Februari,,Data Tidak Ditemukan,2024-03-04 09:32:04,Kelembaban Udara,539.0,Lingkungan,101.0,Persen,MTA1IzI=; OTkjMg==,Tekanan Udara; Suhu Udara,/2/MTA1IzI=/tekanan-udara.html; /2/OTkjMg==/suhu-udara.html,2.0,37.0,Maks
118,,Februari,,Data Tidak Ditemukan,2024-03-04 09:32:04,Kelembaban Udara,539.0,Lingkungan,101.0,Persen,MTA1IzI=; OTkjMg==,Tekanan Udara; Suhu Udara,/2/MTA1IzI=/tekanan-udara.html; /2/OTkjMg==/suhu-udara.html,2.0,38.0,Min
118,,Februari,,Data Tidak Ditemukan,2024-03-04 09:32:04,Kelembaban Udara,539.0,Lingkungan,101.0,Persen,MTA1IzI=; OTkjMg==,Tekanan Udara; Suhu Udara,/2/MTA1IzI=/tekanan-udara.html; /2/OTkjMg==/suhu-udara.html,2.0,39.0,Rata-Rata
118,,Maret,,Data Tidak Ditemukan,2024-03-04 09:32:04,Kelembaban Udara,539.0,Lingkungan,101.0,Persen,MTA1IzI=; OTkjMg==,Tekanan Udara; Suhu Udara,/2/MTA1IzI=/tekanan-udara.html; /2/OTkjMg==/suhu-udara.html,3.0,37.0,Maks
118,,Maret,,Data Tidak Ditemukan,2024-03-04 09:32:04,Kelembaban Udara,539.0,Lingkungan,101.0,Persen,MTA1IzI=; OTkjMg==,Tekanan Udara; Suhu Udara,/2/MTA1IzI=/tekanan-udara.html; /2/OTkjMg==/suhu-udara.html,3.0,38.0,Min
118,,Maret,,Data Tidak Ditemukan,2024-03-04 09:32:04,Kelembaban Udara,539.0,Lingkungan,101.0,Persen,MTA1IzI=; OTkjMg==,Tekanan Udara; Suhu Udara,/2/MTA1IzI=/tekanan-udara.html; /2/OTkjMg==/suhu-udara.html,3.0,39.0,Rata-Rata
118,,April,,Data Tidak Ditemukan,2024-03-04 09:32:04,Kelembaban Udara,539.0,Lingkungan,101.0,Persen,MTA1IzI=; OTkjMg==,Tekanan Udara; Suhu Udara,/2/MTA1IzI=/tekanan-udara.html; /2/OTkjMg==/suhu-udara.html,4.0,37.0,Maks
118,,April,,Data Tidak Ditemukan,2024-03-04 09:32:04,Kelembaban Udara,539.0,Lingkungan,101.0,Persen,MTA1IzI=; OTkjMg==,Tekanan Udara; Suhu Udara,/2/MTA1IzI=/tekanan-udara.html; /2/OTkjMg==/suhu-udara.html,4.0,38.0,Min
118,,April,,Data Tidak Ditemukan,2024-03-04 09:32:04,Kelembaban Udara,539.0,Lingkungan,101.0,Persen,MTA1IzI=; OTkjMg==,Tekanan Udara; Suhu Udara,/2/MTA1IzI=/tekanan-udara.html; /2/OTkjMg==/suhu-udara.html,4.0,39.0,Rata-Rata
118,,Mei,,Data Tidak Ditemukan,2024-03-04 09:32:04,Kelembaban Udara,539.0,Lingkungan,101.0,Persen,MTA1IzI=; OTkjMg==,Tekanan Udara; Suhu Udara,/2/MTA1IzI=/tekanan-udara.html; /2/OTkjMg==/suhu-udara.html,5.0,37.0,Maks
118,,Mei,,Data Tidak Ditemukan,2024-03-04 09:32:04,Kelembaban Udara,539.0,Lingkungan,101.0,Persen,MTA1IzI=; OTkjMg==,Tekanan Udara; Suhu Udara,/2/MTA1IzI=/tekanan-udara.html; /2/OTkjMg==/suhu-udara.html,5.0,38.0,Min
118,,Mei,,Data Tidak Ditemukan,2024-03-04 09:32:04,Kelembaban Udara,539.0,Lingkungan,101.0,Persen,MTA1IzI=; OTkjMg==,Tekanan Udara; Suhu Udara,/2/MTA1IzI=/tekanan-udara.html; /2/OTkjMg==/suhu-udara.html,5.0,39.0,Rata-Rata
118,,Juni,,Data Tidak Ditemukan,2024-03-04 09:32:04,Kelembaban Udara,539.0,Lingkungan,101.0,Persen,MTA1IzI=; OTkjMg==,Tekanan Udara; Suhu Udara,/2/MTA1IzI=/tekanan-udara.html; /2/OTkjMg==/suhu-udara.html,6.0,37.0,Maks
118,,Juni,,Data Tidak Ditemukan,2024-03-04 09:32:04,Kelembaban Udara,539.0,Lingkungan,101.0,Persen,MTA1IzI=; OTkjMg==,Tekanan Udara; Suhu Udara,/2/MTA1IzI=/tekanan-udara.html; /2/OTkjMg==/suhu-udara.html,6.0,38.0,Min
118,,Juni,,Data Tidak Ditemukan,2024-03-04 09:32:04,Kelembaban Udara,539.0,Lingkungan,101.0,Persen,MTA1IzI=; OTkjMg==,Tekanan Udara; Suhu Udara,/2/MTA1IzI=/tekanan-udara.html; /2/OTkjMg==/suhu-udara.html,6.0,39.0,Rata-Rata
118,,Juli,,Data Tidak Ditemukan,2024-03-04 09:32:04,Kelembaban Udara,539.0,Lingkungan,101.0,Persen,MTA1IzI=; OTkjMg==,Tekanan Udara; Suhu Udara,/2/MTA1IzI=/tekanan-udara.html; /2/OTkjMg==/suhu-udara.html,7.0,37.0,Maks
118,,Juli,,Data Tidak Ditemukan,2024-03-04 09:32:04,Kelembaban Udara,539.0,Lingkungan,101.0,Persen,MTA1IzI=; OTkjMg==,Tekanan Udara; Suhu Udara,/2/MTA1IzI=/tekanan-udara.html; /2/OTkjMg==/suhu-udara.html,7.0,38.0,Min
118,,Juli,,Data Tidak Ditemukan,2024-03-04 09:32:04,Kelembaban Udara,539.0,Lingkungan,101.0,Persen,MTA1IzI=; OTkjMg==,Tekanan Udara; Suhu Udara,/2/MTA1IzI=/tekanan-udara.html; /2/OTkjMg==/suhu-udara.html,7.0,39.0,Rata-Rata
118,,Agustus,,Data Tidak Ditemukan,2024-03-04 09:32:04,Kelembaban Udara,539.0,Lingkungan,101.0,Persen,MTA1IzI=; OTkjMg==,Tekanan Udara; Suhu Udara,/2/MTA1IzI=/tekanan-udara.html; /2/OTkjMg==/suhu-udara.html,8.0,37.0,Maks
118,,Agustus,,Data Tidak Ditemukan,2024-03-04 09:32:04,Kelembaban Udara,539.0,Lingkungan,101.0,Persen,MTA1IzI=; OTkjMg==,Tekanan Udara; Suhu Udara,/2/MTA1IzI=/tekanan-udara.html; /2/OTkjMg==/suhu-udara.html,8.0,38.0,Min
118,,Agustus,,Data Tidak Ditemukan,2024-03-04 09:32:04,Kelembaban Udara,539.0,Lingkungan,101.0,Persen,MTA1IzI=; OTkjMg==,Tekanan Udara; Suhu Udara,/2/MTA1IzI=/tekanan-udara.html; /2/OTkjMg==/suhu-udara.html,8.0,39.0,Rata-Rata
118,,September,,Data Tidak Ditemukan,2024-03-04 09:32:04,Kelembaban Udara,539.0,Lingkungan,101.0,Persen,MTA1IzI=; OTkjMg==,Tekanan Udara; Suhu Udara,/2/MTA1IzI=/tekanan-udara.html; /2/OTkjMg==/suhu-udara.html,9.0,37.0,Maks
118,,September,,Data Tidak Ditemukan,2024-03-04 09:32:04,Kelembaban Udara,539.0,Lingkungan,101.0,Persen,MTA1IzI=; OTkjMg==,Tekanan Udara; Suhu Udara,/2/MTA1IzI=/tekanan-udara.html; /2/OTkjMg==/suhu-udara.html,9.0,38.0,Min
118,,September,,Data Tidak Ditemukan,2024-03-04 09:32:04,Kelembaban Udara,539.0,Lingkungan,101.0,Persen,MTA1IzI=; OTkjMg==,Tekanan Udara; Suhu Udara,/2/MTA1IzI=/tekanan-udara.html; /2/OTkjMg==/suhu-udara.html,9.0,39.0,Rata-Rata
118,,Oktober,,Data Tidak Ditemukan,2024-03-04 09:32:04,Kelembaban Udara,539.0,Lingkungan,101.0,Persen,MTA1IzI=; OTkjMg==,Tekanan Udara; Suhu Udara,/2/MTA1IzI=/tekanan-udara.html; /2/OTkjMg==/suhu-udara.html,10.0,37.0,Maks
118,,Oktober,,Data Tidak Ditemukan,2024-03-04 09:32:04,Kelembaban Udara,539.0,Lingkungan,101.0,Persen,MTA1IzI=; OTkjMg==,Tekanan Udara; Suhu Udara,/2/MTA1IzI=/tekanan-udara.html; /2/OTkjMg==/suhu-udara.html,10.0,38.0,Min
118,,Oktober,,Data Tidak Ditemukan,2024-03-04 09:32:04,Kelembaban Udara,539.0,Lingkungan,101.0,Persen,MTA1IzI=; OTkjMg==,Tekanan Udara; Suhu Udara,/2/MTA1IzI=/tekanan-udara.html; /2/OTkjMg==/suhu-udara.html,10.0,39.0,Rata-Rata
118,,November,,Data Tidak Ditemukan,2024-03-04 09:32:04,Kelembaban Udara,539.0,Lingkungan,101.0,Persen,MTA1IzI=; OTkjMg==,Tekanan Udara; Suhu Udara,/2/MTA1IzI=/tekanan-udara.html; /2/OTkjMg==/suhu-udara.html,11.0,37.0,Maks
118,,November,,Data Tidak Ditemukan,2024-03-04 09:32:04,Kelembaban Udara,539.0,Lingkungan,101.0,Persen,MTA1IzI=; OTkjMg==,Tekanan Udara; Suhu Udara,/2/MTA1IzI=/tekanan-udara.html; /2/OTkjMg==/suhu-udara.html,11.0,38.0,Min
118,,November,,Data Tidak Ditemukan,2024-03-04 09:32:04,Kelembaban Udara,539.0,Lingkungan,101.0,Persen,MTA1IzI=; OTkjMg==,Tekanan Udara; Suhu Udara,/2/MTA1IzI=/tekanan-udara.html; /2/OTkjMg==/suhu-udara.html,11.0,39.0,Rata-Rata
118,,Desember,,Data Tidak Ditemukan,2024-03-04 09:32:04,Kelembaban Udara,539.0,Lingkungan,101.0,Persen,MTA1IzI=; OTkjMg==,Tekanan Udara; Suhu Udara,/2/MTA1IzI=/tekanan-udara.html; /2/OTkjMg==/suhu-udara.html,12.0,37.0,Maks
118,,Desember,,Data Tidak Ditemukan,2024-03-04 09:32:04,Kelembaban Udara,539.0,Lingkungan,101.0,Persen,MTA1IzI=; OTkjMg==,Tekanan Udara; Suhu Udara,/2/MTA1IzI=/tekanan-udara.html; /2/OTkjMg==/suhu-udara.html,12.0,38.0,Min
118,,Desember,,Data Tidak Ditemukan,2024-03-04 09:32:04,Kelembaban Udara,539.0,Lingkungan,101.0,Persen,MTA1IzI=; OTkjMg==,Tekanan Udara; Suhu Udara,/2/MTA1IzI=/tekanan-udara.html; /2/OTkjMg==/suhu-udara.html,12.0,39.0,Rata-Rata
119,2019,Januari,100.0,Data Tersedia,2024-03-04 09:32:04,Kelembaban Udara,539.0,Lingkungan,101.0,Persen,MTA1IzI=; OTkjMg==,Tekanan Udara; Suhu Udara,/2/MTA1IzI=/tekanan-udara.html; /2/OTkjMg==/suhu-udara.html,1.0,37.0,Maks
119,2019,Januari,60.0,Data Tersedia,2024-03-04 09:32:04,Kelembaban Udara,539.0,Lingkungan,101.0,Persen,MTA1IzI=; OTkjMg==,Tekanan Udara; Suhu Udara,/2/MTA1IzI=/tekanan-udara.html; /2/OTkjMg==/suhu-udara.html,1.0,38.0,Min
119,2019,Januari,87.0,Data Tersedia,2024-03-04 09:32:04,Kelembaban Udara,539.0,Lingkungan,101.0,Persen,MTA1IzI=; OTkjMg==,Tekanan Udara; Suhu Udara,/2/MTA1IzI=/tekanan-udara.html; /2/OTkjMg==/suhu-udara.html,1.0,39.0,Rata-Rata
119,2019,Februari,99.0,Data Tersedia,2024-03-04 09:32:04,Kelembaban Udara,539.0,Lingkungan,101.0,Persen,MTA1IzI=; OTkjMg==,Tekanan Udara; Suhu Udara,/2/MTA1IzI=/tekanan-udara.html; /2/OTkjMg==/suhu-udara.html,2.0,37.0,Maks
119,2019,Februari,60.0,Data Tersedia,2024-03-04 09:32:04,Kelembaban Udara,539.0,Lingkungan,101.0,Persen,MTA1IzI=; OTkjMg==,Tekanan Udara; Suhu Udara,/2/MTA1IzI=/tekanan-udara.html; /2/OTkjMg==/suhu-udara.html,2.0,38.0,Min
119,2019,Februari,87.0,Data Tersedia,2024-03-04 09:32:04,Kelembaban Udara,539.0,Lingkungan,101.0,Persen,MTA1IzI=; OTkjMg==,Tekanan Udara; Suhu Udara,/2/MTA1IzI=/tekanan-udara.html; /2/OTkjMg==/suhu-udara.html,2.0,39.0,Rata-Rata
119,2019,Maret,99.0,Data Tersedia,2024-03-04 09:32:04,Kelembaban Udara,539.0,Lingkungan,101.0,Persen,MTA1IzI=; OTkjMg==,Tekanan Udara; Suhu Udara,/2/MTA1IzI=/tekanan-udara.html; /2/OTkjMg==/suhu-udara.html,3.0,37.0,Maks
119,2019,Maret,67.0,Data Tersedia,2024-03-04 09:32:04,Kelembaban Udara,539.0,Lingkungan,101.0,Persen,MTA1IzI=; OTkjMg==,Tekanan Udara; Suhu Udara,/2/MTA1IzI=/tekanan-udara.html; /2/OTkjMg==/suhu-udara.html,3.0,38.0,Min
119,2019,Maret,87.0,Data Tersedia,2024-03-04 09:32:04,Kelembaban Udara,539.0,Lingkungan,101.0,Persen,MTA1IzI=; OTkjMg==,Tekanan Udara; Suhu Udara,/2/MTA1IzI=/tekanan-udara.html; /2/OTkjMg==/suhu-udara.html,3.0,39.0,Rata-Rata
119,2019,April,98.0,Data Tersedia,2024-03-04 09:32:04,Kelembaban Udara,539.0,Lingkungan,101.0,Persen,MTA1IzI=; OTkjMg==,Tekanan Udara; Suhu Udara,/2/MTA1IzI=/tekanan-udara.html; /2/OTkjMg==/suhu-udara.html,4.0,37.0,Maks
119,2019,April,51.0,Data Tersedia,2024-03-04 09:32:04,Kelembaban Udara,539.0,Lingkungan,101.0,Persen,MTA1IzI=; OTkjMg==,Tekanan Udara; Suhu Udara,/2/MTA1IzI=/tekanan-udara.html; /2/OTkjMg==/suhu-udara.html,4.0,38.0,Min
119,2019,April,81.0,Data Tersedia,2024-03-04 09:32:04,Kelembaban Udara,539.0,Lingkungan,101.0,Persen,MTA1IzI=; OTkjMg==,Tekanan Udara; Suhu Udara,/2/MTA1IzI=/tekanan-udara.html; /2/OTkjMg==/suhu-udara.html,4.0,39.0,Rata-Rata
119,2019,Mei,96.0,Data Tersedia,2024-03-04 09:32:04,Kelembaban Udara,539.0,Lingkungan,101.0,Persen,MTA1IzI=; OTkjMg==,Tekanan Udara; Suhu Udara,/2/MTA1IzI=/tekanan-udara.html; /2/OTkjMg==/suhu-udara.html,5.0,37.0,Maks
119,2019,Mei,49.0,Data Tersedia,2024-03-04 09:32:04,Kelembaban Udara,539.0,Lingkungan,101.0,Persen,MTA1IzI=; OTkjMg==,Tekanan Udara; Suhu Udara,/2/MTA1IzI=/tekanan-udara.html; /2/OTkjMg==/suhu-udara.html,5.0,38.0,Min
119,2019,Mei,78.0,Data Tersedia,2024-03-04 09:32:04,Kelembaban Udara,539.0,Lingkungan,101.0,Persen,MTA1IzI=; OTkjMg==,Tekanan Udara; Suhu Udara,/2/MTA1IzI=/tekanan-udara.html; /2/OTkjMg==/suhu-udara.html,5.0,39.0,Rata-Rata
119,2019,Juni,98.0,Data Tersedia,2024-03-04 09:32:04,Kelembaban Udara,539.0,Lingkungan,101.0,Persen,MTA1IzI=; OTkjMg==,Tekanan Udara; Suhu Udara,/2/MTA1IzI=/tekanan-udara.html; /2/OTkjMg==/suhu-udara.html,6.0,37.0,Maks
119,2019,Juni,48.0,Data Tersedia,2024-03-04 09:32:04,Kelembaban Udara,539.0,Lingkungan,101.0,Persen,MTA1IzI=; OTkjMg==,Tekanan Udara; Suhu Udara,/2/MTA1IzI=/tekanan-udara.html; /2/OTkjMg==/suhu-udara.html,6.0,38.0,Min
119,2019,Juni,79.0,Data Tersedia,2024-03-04 09:32:04,Kelembaban Udara,539.0,Lingkungan,101.0,Persen,MTA1IzI=; OTkjMg==,Tekanan Udara; Suhu Udara,/2/MTA1IzI=/tekanan-udara.html; /2/OTkjMg==/suhu-udara.html,6.0,39.0,Rata-Rata
119,2019,Juli,97.0,Data Tersedia,2024-03-04 09:32:04,Kelembaban Udara,539.0,Lingkungan,101.0,Persen,MTA1IzI=; OTkjMg==,Tekanan Udara; Suhu Udara,/2/MTA1IzI=/tekanan-udara.html; /2/OTkjMg==/suhu-udara.html,7.0,37.0,Maks
119,2019,Juli,43.0,Data Tersedia,2024-03-04 09:32:04,Kelembaban Udara,539.0,Lingkungan,101.0,Persen,MTA1IzI=; OTkjMg==,Tekanan Udara; Suhu Udara,/2/MTA1IzI=/tekanan-udara.html; /2/OTkjMg==/suhu-udara.html,7.0,38.0,Min
119,2019,Juli,70.0,Data Tersedia,2024-03-04 09:32:04,Kelembaban Udara,539.0,Lingkungan,101.0,Persen,MTA1IzI=; OTkjMg==,Tekanan Udara; Suhu Udara,/2/MTA1IzI=/tekanan-udara.html; /2/OTkjMg==/suhu-udara.html,7.0,39.0,Rata-Rata
119,2019,Agustus,93.0,Data Tersedia,2024-03-04 09:32:04,Kelembaban Udara,539.0,Lingkungan,101.0,Persen,MTA1IzI=; OTkjMg==,Tekanan Udara; Suhu Udara,/2/MTA1IzI=/tekanan-udara.html; /2/OTkjMg==/suhu-udara.html,8.0,37.0,Maks
119,2019,Agustus,42.0,Data Tersedia,2024-03-04 09:32:04,Kelembaban Udara,539.0,Lingkungan,101.0,Persen,MTA1IzI=; OTkjMg==,Tekanan Udara; Suhu Udara,/2/MTA1IzI=/tekanan-udara.html; /2/OTkjMg==/suhu-udara.html,8.0,38.0,Min
119,2019,Agustus,62.0,Data Tersedia,2024-03-04 09:32:04,Kelembaban Udara,539.0,Lingkungan,101.0,Persen,MTA1IzI=; OTkjMg==,Tekanan Udara; Suhu Udara,/2/MTA1IzI=/tekanan-udara.html; /2/OTkjMg==/suhu-udara.html,8.0,39.0,Rata-Rata
119,2019,September,94.0,Data Tersedia,2024-03-04 09:32:04,Kelembaban Udara,539.0,Lingkungan,101.0,Persen,MTA1IzI=; OTkjMg==,Tekanan Udara; Suhu Udara,/2/MTA1IzI=/tekanan-udara.html; /2/OTkjMg==/suhu-udara.html,9.0,37.0,Maks
119,2019,September,38.0,Data Tersedia,2024-03-04 09:32:04,Kelembaban Udara,539.0,Lingkungan,101.0,Persen,MTA1IzI=; OTkjMg==,Tekanan Udara; Suhu Udara,/2/MTA1IzI=/tekanan-udara.html; /2/OTkjMg==/suhu-udara.html,9.0,38.0,Min
119,2019,September,60.0,Data Tersedia,2024-03-04 09:32:04,Kelembaban Udara,539.0,Lingkungan,101.0,Persen,MTA1IzI=; OTkjMg==,Tekanan Udara; Suhu Udara,/2/MTA1IzI=/tekanan-udara.html; /2/OTkjMg==/suhu-udara.html,9.0,39.0,Rata-Rata
119,2019,Oktober,92.0,Data Tersedia,2024-03-04 09:32:04,Kelembaban Udara,539.0,Lingkungan,101.0,Persen,MTA1IzI=; OTkjMg==,Tekanan Udara; Suhu Udara,/2/MTA1IzI=/tekanan-udara.html; /2/OTkjMg==/suhu-udara.html,10.0,37.0,Maks
119,2019,Oktober,40.0,Data Tersedia,2024-03-04 09:32:04,Kelembaban Udara,539.0,Lingkungan,101.0,Persen,MTA1IzI=; OTkjMg==,Tekanan Udara; Suhu Udara,/2/MTA1IzI=/tekanan-udara.html; /2/OTkjMg==/suhu-udara.html,10.0,38.0,Min
119,2019,Oktober,62.0,Data Tersedia,2024-03-04 09:32:04,Kelembaban Udara,539.0,Lingkungan,101.0,Persen,MTA1IzI=; OTkjMg==,Tekanan Udara; Suhu Udara,/2/MTA1IzI=/tekanan-udara.html; /2/OTkjMg==/suhu-udara.html,10.0,39.0,Rata-Rata
119,2019,November,95.0,Data Tersedia,2024-03-04 09:32:04,Kelembaban Udara,539.0,Lingkungan,101.0,Persen,MTA1IzI=; OTkjMg==,Tekanan Udara; Suhu Udara,/2/MTA1IzI=/tekanan-udara.html; /2/OTkjMg==/suhu-udara.html,11.0,37.0,Maks
119,2019,November,37.0,Data Tersedia,2024-03-04 09:32:04,Kelembaban Udara,539.0,Lingkungan,101.0,Persen,MTA1IzI=; OTkjMg==,Tekanan Udara; Suhu Udara,/2/MTA1IzI=/tekanan-udara.html; /2/OTkjMg==/suhu-udara.html,11.0,38.0,Min
119,2019,November,75.0,Data Tersedia,2024-03-04 09:32:04,Kelembaban Udara,539.0,Lingkungan,101.0,Persen,MTA1IzI=; OTkjMg==,Tekanan Udara; Suhu Udara,/2/MTA1IzI=/tekanan-udara.html; /2/OTkjMg==/suhu-udara.html,11.0,39.0,Rata-Rata
119,2019,Desember,98.0,Data Tersedia,2024-03-04 09:32:04,Kelembaban Udara,539.0,Lingkungan,101.0,Persen,MTA1IzI=; OTkjMg==,Tekanan Udara; Suhu Udara,/2/MTA1IzI=/tekanan-udara.html; /2/OTkjMg==/suhu-udara.html,12.0,37.0,Maks
119,2019,Desember,53.0,Data Tersedia,2024-03-04 09:32:04,Kelembaban Udara,539.0,Lingkungan,101.0,Persen,MTA1IzI=; OTkjMg==,Tekanan Udara; Suhu Udara,/2/MTA1IzI=/tekanan-udara.html; /2/OTkjMg==/suhu-udara.html,12.0,38.0,Min
119,2019,Desember,83.0,Data Tersedia,2024-03-04 09:32:04,Kelembaban Udara,539.0,Lingkungan,101.0,Persen,MTA1IzI=; OTkjMg==,Tekanan Udara; Suhu Udara,/2/MTA1IzI=/tekanan-udara.html; /2/OTkjMg==/suhu-udara.html,12.0,39.0,Rata-Rata
120,2020,Januari,,Data Tidak Ditemukan,2024-03-04 09:32:04,Kelembaban Udara,539.0,Lingkungan,101.0,Persen,MTA1IzI=; OTkjMg==,Tekanan Udara; Suhu Udara,/2/MTA1IzI=/tekanan-udara.html; /2/OTkjMg==/suhu-udara.html,1.0,37.0,Maks
120,2020,Januari,,Data Tidak Ditemukan,2024-03-04 09:32:04,Kelembaban Udara,539.0,Lingkungan,101.0,Persen,MTA1IzI=; OTkjMg==,Tekanan Udara; Suhu Udara,/2/MTA1IzI=/tekanan-udara.html; /2/OTkjMg==/suhu-udara.html,1.0,38.0,Min
120,2020,Januari,,Data Tidak Ditemukan,2024-03-04 09:32:04,Kelembaban Udara,539.0,Lingkungan,101.0,Persen,MTA1IzI=; OTkjMg==,Tekanan Udara; Suhu Udara,/2/MTA1IzI=/tekanan-udara.html; /2/OTkjMg==/suhu-udara.html,1.0,39.0,Rata-Rata
120,2020,Februari,,Data Tidak Ditemukan,2024-03-04 09:32:04,Kelembaban Udara,539.0,Lingkungan,101.0,Persen,MTA1IzI=; OTkjMg==,Tekanan Udara; Suhu Udara,/2/MTA1IzI=/tekanan-udara.html; /2/OTkjMg==/suhu-udara.html,2.0,37.0,Maks
120,2020,Februari,,Data Tidak Ditemukan,2024-03-04 09:32:04,Kelembaban Udara,539.0,Lingkungan,101.0,Persen,MTA1IzI=; OTkjMg==,Tekanan Udara; Suhu Udara,/2/MTA1IzI=/tekanan-udara.html; /2/OTkjMg==/suhu-udara.html,2.0,38.0,Min
120,2020,Februari,,Data Tidak Ditemukan,2024-03-04 09:32:04,Kelembaban Udara,539.0,Lingkungan,101.0,Persen,MTA1IzI=; OTkjMg==,Tekanan Udara; Suhu Udara,/2/MTA1IzI=/tekanan-udara.html; /2/OTkjMg==/suhu-udara.html,2.0,39.0,Rata-Rata
120,2020,Maret,,Data Tidak Ditemukan,2024-03-04 09:32:04,Kelembaban Udara,539.0,Lingkungan,101.0,Persen,MTA1IzI=; OTkjMg==,Tekanan Udara; Suhu Udara,/2/MTA1IzI=/tekanan-udara.html; /2/OTkjMg==/suhu-udara.html,3.0,37.0,Maks
120,2020,Maret,,Data Tidak Ditemukan,2024-03-04 09:32:04,Kelembaban Udara,539.0,Lingkungan,101.0,Persen,MTA1IzI=; OTkjMg==,Tekanan Udara; Suhu Udara,/2/MTA1IzI=/tekanan-udara.html; /2/OTkjMg==/suhu-udara.html,3.0,38.0,Min
120,2020,Maret,,Data Tidak Ditemukan,2024-03-04 09:32:04,Kelembaban Udara,539.0,Lingkungan,101.0,Persen,MTA1IzI=; OTkjMg==,Tekanan Udara; Suhu Udara,/2/MTA1IzI=/tekanan-udara.html; /2/OTkjMg==/suhu-udara.html,3.0,39.0,Rata-Rata
120,2020,April,,Data Tidak Ditemukan,2024-03-04 09:32:04,Kelembaban Udara,539.0,Lingkungan,101.0,Persen,MTA1IzI=; OTkjMg==,Tekanan Udara; Suhu Udara,/2/MTA1IzI=/tekanan-udara.html; /2/OTkjMg==/suhu-udara.html,4.0,37.0,Maks
120,2020,April,,Data Tidak Ditemukan,2024-03-04 09:32:04,Kelembaban Udara,539.0,Lingkungan,101.0,Persen,MTA1IzI=; OTkjMg==,Tekanan Udara; Suhu Udara,/2/MTA1IzI=/tekanan-udara.html; /2/OTkjMg==/suhu-udara.html,4.0,38.0,Min
120,2020,April,,Data Tidak Ditemukan,2024-03-04 09:32:04,Kelembaban Udara,539.0,Lingkungan,101.0,Persen,MTA1IzI=; OTkjMg==,Tekanan Udara; Suhu Udara,/2/MTA1IzI=/tekanan-udara.html; /2/OTkjMg==/suhu-udara.html,4.0,39.0,Rata-Rata
120,2020,Mei,,Data Tidak Ditemukan,2024-03-04 09:32:04,Kelembaban Udara,539.0,Lingkungan,101.0,Persen,MTA1IzI=; OTkjMg==,Tekanan Udara; Suhu Udara,/2/MTA1IzI=/tekanan-udara.html; /2/OTkjMg==/suhu-udara.html,5.0,37.0,Maks
120,2020,Mei,,Data Tidak Ditemukan,2024-03-04 09:32:04,Kelembaban Udara,539.0,Lingkungan,101.0,Persen,MTA1IzI=; OTkjMg==,Tekanan Udara; Suhu Udara,/2/MTA1IzI=/tekanan-udara.html; /2/OTkjMg==/suhu-udara.html,5.0,38.0,Min
120,2020,Mei,,Data Tidak Ditemukan,2024-03-04 09:32:04,Kelembaban Udara,539.0,Lingkungan,101.0,Persen,MTA1IzI=; OTkjMg==,Tekanan Udara; Suhu Udara,/2/MTA1IzI=/tekanan-udara.html; /2/OTkjMg==/suhu-udara.html,5.0,39.0,Rata-Rata
120,2020,Juni,,Data Tidak Ditemukan,2024-03-04 09:32:04,Kelembaban Udara,539.0,Lingkungan,101.0,Persen,MTA1IzI=; OTkjMg==,Tekanan Udara; Suhu Udara,/2/MTA1IzI=/tekanan-udara.html; /2/OTkjMg==/suhu-udara.html,6.0,37.0,Maks
120,2020,Juni,,Data Tidak Ditemukan,2024-03-04 09:32:04,Kelembaban Udara,539.0,Lingkungan,101.0,Persen,MTA1IzI=; OTkjMg==,Tekanan Udara; Suhu Udara,/2/MTA1IzI=/tekanan-udara.html; /2/OTkjMg==/suhu-udara.html,6.0,38.0,Min
120,2020,Juni,,Data Tidak Ditemukan,2024-03-04 09:32:04,Kelembaban Udara,539.0,Lingkungan,101.0,Persen,MTA1IzI=; OTkjMg==,Tekanan Udara; Suhu Udara,/2/MTA1IzI=/tekanan-udara.html; /2/OTkjMg==/suhu-udara.html,6.0,39.0,Rata-Rata
120,2020,Juli,,Data Tidak Ditemukan,2024-03-04 09:32:04,Kelembaban Udara,539.0,Lingkungan,101.0,Persen,MTA1IzI=; OTkjMg==,Tekanan Udara; Suhu Udara,/2/MTA1IzI=/tekanan-udara.html; /2/OTkjMg==/suhu-udara.html,7.0,37.0,Maks
120,2020,Juli,,Data Tidak Ditemukan,2024-03-04 09:32:04,Kelembaban Udara,539.0,Lingkungan,101.0,Persen,MTA1IzI=; OTkjMg==,Tekanan Udara; Suhu Udara,/2/MTA1IzI=/tekanan-udara.html; /2/OTkjMg==/suhu-udara.html,7.0,38.0,Min
120,2020,Juli,84.0,Data Tersedia,2024-03-04 09:32:04,Kelembaban Udara,539.0,Lingkungan,101.0,Persen,MTA1IzI=; OTkjMg==,Tekanan Udara; Suhu Udara,/2/MTA1IzI=/tekanan-udara.html; /2/OTkjMg==/suhu-udara.html,7.0,39.0,Rata-Rata
120,2020,Agustus,,Data Tidak Ditemukan,2024-03-04 09:32:04,Kelembaban Udara,539.0,Lingkungan,101.0,Persen,MTA1IzI=; OTkjMg==,Tekanan Udara; Suhu Udara,/2/MTA1IzI=/tekanan-udara.html; /2/OTkjMg==/suhu-udara.html,8.0,37.0,Maks
120,2020,Agustus,,Data Tidak Ditemukan,2024-03-04 09:32:04,Kelembaban Udara,539.0,Lingkungan,101.0,Persen,MTA1IzI=; OTkjMg==,Tekanan Udara; Suhu Udara,/2/MTA1IzI=/tekanan-udara.html; /2/OTkjMg==/suhu-udara.html,8.0,38.0,Min
120,2020,Agustus,82.0,Data Tersedia,2024-03-04 09:32:04,Kelembaban Udara,539.0,Lingkungan,101.0,Persen,MTA1IzI=; OTkjMg==,Tekanan Udara; Suhu Udara,/2/MTA1IzI=/tekanan-udara.html; /2/OTkjMg==/suhu-udara.html,8.0,39.0,Rata-Rata
120,2020,September,,Data Tidak Ditemukan,2024-03-04 09:32:04,Kelembaban Udara,539.0,Lingkungan,101.0,Persen,MTA1IzI=; OTkjMg==,Tekanan Udara; Suhu Udara,/2/MTA1IzI=/tekanan-udara.html; /2/OTkjMg==/suhu-udara.html,9.0,37.0,Maks
120,2020,September,,Data Tidak Ditemukan,2024-03-04 09:32:04,Kelembaban Udara,539.0,Lingkungan,101.0,Persen,MTA1IzI=; OTkjMg==,Tekanan Udara; Suhu Udara,/2/MTA1IzI=/tekanan-udara.html; /2/OTkjMg==/suhu-udara.html,9.0,38.0,Min
120,2020,September,70.0,Data Tersedia,2024-03-04 09:32:04,Kelembaban Udara,539.0,Lingkungan,101.0,Persen,MTA1IzI=; OTkjMg==,Tekanan Udara; Suhu Udara,/2/MTA1IzI=/tekanan-udara.html; /2/OTkjMg==/suhu-udara.html,9.0,39.0,Rata-Rata
120,2020,Oktober,,Data Tidak Ditemukan,2024-03-04 09:32:04,Kelembaban Udara,539.0,Lingkungan,101.0,Persen,MTA1IzI=; OTkjMg==,Tekanan Udara; Suhu Udara,/2/MTA1IzI=/tekanan-udara.html; /2/OTkjMg==/suhu-udara.html,10.0,37.0,Maks
120,2020,Oktober,,Data Tidak Ditemukan,2024-03-04 09:32:04,Kelembaban Udara,539.0,Lingkungan,101.0,Persen,MTA1IzI=; OTkjMg==,Tekanan Udara; Suhu Udara,/2/MTA1IzI=/tekanan-udara.html; /2/OTkjMg==/suhu-udara.html,10.0,38.0,Min
120,2020,Oktober,76.0,Data Tersedia,2024-03-04 09:32:04,Kelembaban Udara,539.0,Lingkungan,101.0,Persen,MTA1IzI=; OTkjMg==,Tekanan Udara; Suhu Udara,/2/MTA1IzI=/tekanan-udara.html; /2/OTkjMg==/suhu-udara.html,10.0,39.0,Rata-Rata
120,2020,November,,Data Tidak Ditemukan,2024-03-04 09:32:04,Kelembaban Udara,539.0,Lingkungan,101.0,Persen,MTA1IzI=; OTkjMg==,Tekanan Udara; Suhu Udara,/2/MTA1IzI=/tekanan-udara.html; /2/OTkjMg==/suhu-udara.html,11.0,37.0,Maks
120,2020,November,,Data Tidak Ditemukan,2024-03-04 09:32:04,Kelembaban Udara,539.0,Lingkungan,101.0,Persen,MTA1IzI=; OTkjMg==,Tekanan Udara; Suhu Udara,/2/MTA1IzI=/tekanan-udara.html; /2/OTkjMg==/suhu-udara.html,11.0,38.0,Min
120,2020,November,82.0,Data Tersedia,2024-03-04 09:32:04,Kelembaban Udara,539.0,Lingkungan,101.0,Persen,MTA1IzI=; OTkjMg==,Tekanan Udara; Suhu Udara,/2/MTA1IzI=/tekanan-udara.html; /2/OTkjMg==/suhu-udara.html,11.0,39.0,Rata-Rata
120,2020,Desember,,Data Tidak Ditemukan,2024-03-04 09:32:04,Kelembaban Udara,539.0,Lingkungan,101.0,Persen,MTA1IzI=; OTkjMg==,Tekanan Udara; Suhu Udara,/2/MTA1IzI=/tekanan-udara.html; /2/OTkjMg==/suhu-udara.html,12.0,37.0,Maks
120,2020,Desember,,Data Tidak Ditemukan,2024-03-04 09:32:04,Kelembaban Udara,539.0,Lingkungan,101.0,Persen,MTA1IzI=; OTkjMg==,Tekanan Udara; Suhu Udara,/2/MTA1IzI=/tekanan-udara.html; /2/OTkjMg==/suhu-udara.html,12.0,38.0,Min
120,2020,Desember,84.0,Data Tersedia,2024-03-04 09:32:04,Kelembaban Udara,539.0,Lingkungan,101.0,Persen,MTA1IzI=; OTkjMg==,Tekanan Udara; Suhu Udara,/2/MTA1IzI=/tekanan-udara.html; /2/OTkjMg==/suhu-udara.html,12.0,39.0,Rata-Rata
121,2021,Januari,68.0,Data Tersedia,2024-03-04 09:32:04,Kelembaban Udara,539.0,Lingkungan,101.0,Persen,MTA1IzI=; OTkjMg==,Tekanan Udara; Suhu Udara,/2/MTA1IzI=/tekanan-udara.html; /2/OTkjMg==/suhu-udara.html,1.0,37.0,Maks
121,2021,Januari,87.7,Data Tersedia,2024-03-04 09:32:04,Kelembaban Udara,539.0,Lingkungan,101.0,Persen,MTA1IzI=; OTkjMg==,Tekanan Udara; Suhu Udara,/2/MTA1IzI=/tekanan-udara.html; /2/OTkjMg==/suhu-udara.html,1.0,38.0,Min
121,2021,Januari,99.0,Data Tersedia,2024-03-04 09:32:04,Kelembaban Udara,539.0,Lingkungan,101.0,Persen,MTA1IzI=; OTkjMg==,Tekanan Udara; Suhu Udara,/2/MTA1IzI=/tekanan-udara.html; /2/OTkjMg==/suhu-udara.html,1.0,39.0,Rata-Rata
121,2021,Februari,67.0,Data Tersedia,2024-03-04 09:32:04,Kelembaban Udara,539.0,Lingkungan,101.0,Persen,MTA1IzI=; OTkjMg==,Tekanan Udara; Suhu Udara,/2/MTA1IzI=/tekanan-udara.html; /2/OTkjMg==/suhu-udara.html,2.0,37.0,Maks
121,2021,Februari,86.9,Data Tersedia,2024-03-04 09:32:04,Kelembaban Udara,539.0,Lingkungan,101.0,Persen,MTA1IzI=; OTkjMg==,Tekanan Udara; Suhu Udara,/2/MTA1IzI=/tekanan-udara.html; /2/OTkjMg==/suhu-udara.html,2.0,38.0,Min
121,2021,Februari,99.0,Data Tersedia,2024-03-04 09:32:04,Kelembaban Udara,539.0,Lingkungan,101.0,Persen,MTA1IzI=; OTkjMg==,Tekanan Udara; Suhu Udara,/2/MTA1IzI=/tekanan-udara.html; /2/OTkjMg==/suhu-udara.html,2.0,39.0,Rata-Rata
121,2021,Maret,69.0,Data Tersedia,2024-03-04 09:32:04,Kelembaban Udara,539.0,Lingkungan,101.0,Persen,MTA1IzI=; OTkjMg==,Tekanan Udara; Suhu Udara,/2/MTA1IzI=/tekanan-udara.html; /2/OTkjMg==/suhu-udara.html,3.0,37.0,Maks
121,2021,Maret,89.5,Data Tersedia,2024-03-04 09:32:04,Kelembaban Udara,539.0,Lingkungan,101.0,Persen,MTA1IzI=; OTkjMg==,Tekanan Udara; Suhu Udara,/2/MTA1IzI=/tekanan-udara.html; /2/OTkjMg==/suhu-udara.html,3.0,38.0,Min
121,2021,Maret,98.0,Data Tersedia,2024-03-04 09:32:04,Kelembaban Udara,539.0,Lingkungan,101.0,Persen,MTA1IzI=; OTkjMg==,Tekanan Udara; Suhu Udara,/2/MTA1IzI=/tekanan-udara.html; /2/OTkjMg==/suhu-udara.html,3.0,39.0,Rata-Rata
121,2021,April,55.0,Data Tersedia,2024-03-04 09:32:04,Kelembaban Udara,539.0,Lingkungan,101.0,Persen,MTA1IzI=; OTkjMg==,Tekanan Udara; Suhu Udara,/2/MTA1IzI=/tekanan-udara.html; /2/OTkjMg==/suhu-udara.html,4.0,37.0,Maks
121,2021,April,79.0,Data Tersedia,2024-03-04 09:32:04,Kelembaban Udara,539.0,Lingkungan,101.0,Persen,MTA1IzI=; OTkjMg==,Tekanan Udara; Suhu Udara,/2/MTA1IzI=/tekanan-udara.html; /2/OTkjMg==/suhu-udara.html,4.0,38.0,Min
121,2021,April,99.0,Data Tersedia,2024-03-04 09:32:04,Kelembaban Udara,539.0,Lingkungan,101.0,Persen,MTA1IzI=; OTkjMg==,Tekanan Udara; Suhu Udara,/2/MTA1IzI=/tekanan-udara.html; /2/OTkjMg==/suhu-udara.html,4.0,39.0,Rata-Rata
121,2021,Mei,41.0,Data Tersedia,2024-03-04 09:32:04,Kelembaban Udara,539.0,Lingkungan,101.0,Persen,MTA1IzI=; OTkjMg==,Tekanan Udara; Suhu Udara,/2/MTA1IzI=/tekanan-udara.html; /2/OTkjMg==/suhu-udara.html,5.0,37.0,Maks
121,2021,Mei,74.7,Data Tersedia,2024-03-04 09:32:04,Kelembaban Udara,539.0,Lingkungan,101.0,Persen,MTA1IzI=; OTkjMg==,Tekanan Udara; Suhu Udara,/2/MTA1IzI=/tekanan-udara.html; /2/OTkjMg==/suhu-udara.html,5.0,38.0,Min
121,2021,Mei,98.0,Data Tersedia,2024-03-04 09:32:04,Kelembaban Udara,539.0,Lingkungan,101.0,Persen,MTA1IzI=; OTkjMg==,Tekanan Udara; Suhu Udara,/2/MTA1IzI=/tekanan-udara.html; /2/OTkjMg==/suhu-udara.html,5.0,39.0,Rata-Rata
121,2021,Juni,47.0,Data Tersedia,2024-03-04 09:32:04,Kelembaban Udara,539.0,Lingkungan,101.0,Persen,MTA1IzI=; OTkjMg==,Tekanan Udara; Suhu Udara,/2/MTA1IzI=/tekanan-udara.html; /2/OTkjMg==/suhu-udara.html,6.0,37.0,Maks
121,2021,Juni,74.8,Data Tersedia,2024-03-04 09:32:04,Kelembaban Udara,539.0,Lingkungan,101.0,Persen,MTA1IzI=; OTkjMg==,Tekanan Udara; Suhu Udara,/2/MTA1IzI=/tekanan-udara.html; /2/OTkjMg==/suhu-udara.html,6.0,38.0,Min
121,2021,Juni,97.0,Data Tersedia,2024-03-04 09:32:04,Kelembaban Udara,539.0,Lingkungan,101.0,Persen,MTA1IzI=; OTkjMg==,Tekanan Udara; Suhu Udara,/2/MTA1IzI=/tekanan-udara.html; /2/OTkjMg==/suhu-udara.html,6.0,39.0,Rata-Rata
121,2021,Juli,40.0,Data Tersedia,2024-03-04 09:32:04,Kelembaban Udara,539.0,Lingkungan,101.0,Persen,MTA1IzI=; OTkjMg==,Tekanan Udara; Suhu Udara,/2/MTA1IzI=/tekanan-udara.html; /2/OTkjMg==/suhu-udara.html,7.0,37.0,Maks
121,2021,Juli,76.7,Data Tersedia,2024-03-04 09:32:04,Kelembaban Udara,539.0,Lingkungan,101.0,Persen,MTA1IzI=; OTkjMg==,Tekanan Udara; Suhu Udara,/2/MTA1IzI=/tekanan-udara.html; /2/OTkjMg==/suhu-udara.html,7.0,38.0,Min
121,2021,Juli,97.0,Data Tersedia,2024-03-04 09:32:04,Kelembaban Udara,539.0,Lingkungan,101.0,Persen,MTA1IzI=; OTkjMg==,Tekanan Udara; Suhu Udara,/2/MTA1IzI=/tekanan-udara.html; /2/OTkjMg==/suhu-udara.html,7.0,39.0,Rata-Rata
121,2021,Agustus,43.0,Data Tersedia,2024-03-04 09:32:04,Kelembaban Udara,539.0,Lingkungan,101.0,Persen,MTA1IzI=; OTkjMg==,Tekanan Udara; Suhu Udara,/2/MTA1IzI=/tekanan-udara.html; /2/OTkjMg==/suhu-udara.html,8.0,37.0,Maks
121,2021,Agustus,69.4,Data Tersedia,2024-03-04 09:32:04,Kelembaban Udara,539.0,Lingkungan,101.0,Persen,MTA1IzI=; OTkjMg==,Tekanan Udara; Suhu Udara,/2/MTA1IzI=/tekanan-udara.html; /2/OTkjMg==/suhu-udara.html,8.0,38.0,Min
121,2021,Agustus,98.0,Data Tersedia,2024-03-04 09:32:04,Kelembaban Udara,539.0,Lingkungan,101.0,Persen,MTA1IzI=; OTkjMg==,Tekanan Udara; Suhu Udara,/2/MTA1IzI=/tekanan-udara.html; /2/OTkjMg==/suhu-udara.html,8.0,39.0,Rata-Rata
121,2021,September,44.0,Data Tersedia,2024-03-04 09:32:04,Kelembaban Udara,539.0,Lingkungan,101.0,Persen,MTA1IzI=; OTkjMg==,Tekanan Udara; Suhu Udara,/2/MTA1IzI=/tekanan-udara.html; /2/OTkjMg==/suhu-udara.html,9.0,37.0,Maks
121,2021,September,71.4,Data Tersedia,2024-03-04 09:32:04,Kelembaban Udara,539.0,Lingkungan,101.0,Persen,MTA1IzI=; OTkjMg==,Tekanan Udara; Suhu Udara,/2/MTA1IzI=/tekanan-udara.html; /2/OTkjMg==/suhu-udara.html,9.0,38.0,Min
121,2021,September,97.0,Data Tersedia,2024-03-04 09:32:04,Kelembaban Udara,539.0,Lingkungan,101.0,Persen,MTA1IzI=; OTkjMg==,Tekanan Udara; Suhu Udara,/2/MTA1IzI=/tekanan-udara.html; /2/OTkjMg==/suhu-udara.html,9.0,39.0,Rata-Rata
121,2021,Oktober,54.0,Data Tersedia,2024-03-04 09:32:04,Kelembaban Udara,539.0,Lingkungan,101.0,Persen,MTA1IzI=; OTkjMg==,Tekanan Udara; Suhu Udara,/2/MTA1IzI=/tekanan-udara.html; /2/OTkjMg==/suhu-udara.html,10.0,37.0,Maks
121,2021,Oktober,78.5,Data Tersedia,2024-03-04 09:32:04,Kelembaban Udara,539.0,Lingkungan,101.0,Persen,MTA1IzI=; OTkjMg==,Tekanan Udara; Suhu Udara,/2/MTA1IzI=/tekanan-udara.html; /2/OTkjMg==/suhu-udara.html,10.0,38.0,Min
121,2021,Oktober,98.0,Data Tersedia,2024-03-04 09:32:04,Kelembaban Udara,539.0,Lingkungan,101.0,Persen,MTA1IzI=; OTkjMg==,Tekanan Udara; Suhu Udara,/2/MTA1IzI=/tekanan-udara.html; /2/OTkjMg==/suhu-udara.html,10.0,39.0,Rata-Rata
121,2021,November,63.0,Data Tersedia,2024-03-04 09:32:04,Kelembaban Udara,539.0,Lingkungan,101.0,Persen,MTA1IzI=; OTkjMg==,Tekanan Udara; Suhu Udara,/2/MTA1IzI=/tekanan-udara.html; /2/OTkjMg==/suhu-udara.html,11.0,37.0,Maks
121,2021,November,82.4,Data Tersedia,2024-03-04 09:32:04,Kelembaban Udara,539.0,Lingkungan,101.0,Persen,MTA1IzI=; OTkjMg==,Tekanan Udara; Suhu Udara,/2/MTA1IzI=/tekanan-udara.html; /2/OTkjMg==/suhu-udara.html,11.0,38.0,Min
121,2021,November,98.0,Data Tersedia,2024-03-04 09:32:04,Kelembaban Udara,539.0,Lingkungan,101.0,Persen,MTA1IzI=; OTkjMg==,Tekanan Udara; Suhu Udara,/2/MTA1IzI=/tekanan-udara.html; /2/OTkjMg==/suhu-udara.html,11.0,39.0,Rata-Rata
121,2021,Desember,58.0,Data Tersedia,2024-03-04 09:32:04,Kelembaban Udara,539.0,Lingkungan,101.0,Persen,MTA1IzI=; OTkjMg==,Tekanan Udara; Suhu Udara,/2/MTA1IzI=/tekanan-udara.html; /2/OTkjMg==/suhu-udara.html,12.0,37.0,Maks
121,2021,Desember,84.5,Data Tersedia,2024-03-04 09:32:04,Kelembaban Udara,539.0,Lingkungan,101.0,Persen,MTA1IzI=; OTkjMg==,Tekanan Udara; Suhu Udara,/2/MTA1IzI=/tekanan-udara.html; /2/OTkjMg==/suhu-udara.html,12.0,38.0,Min
121,2021,Desember,99.0,Data Tersedia,2024-03-04 09:32:04,Kelembaban Udara,539.0,Lingkungan,101.0,Persen,MTA1IzI=; OTkjMg==,Tekanan Udara; Suhu Udara,/2/MTA1IzI=/tekanan-udara.html; /2/OTkjMg==/suhu-udara.html,12.0,39.0,Rata-Rata
122,2022,Januari,98.0,Data Tersedia,2024-03-04 09:32:04,Kelembaban Udara,539.0,Lingkungan,101.0,Persen,OTkjMg==; MTA1IzI=,Suhu Udara; Tekanan Udara,/2/OTkjMg==/suhu-udara.html; /2/MTA1IzI=/tekanan-udara.html,1.0,37.0,Maks
122,2022,Januari,60.0,Data Tersedia,2024-03-04 09:32:04,Kelembaban Udara,539.0,Lingkungan,101.0,Persen,OTkjMg==; MTA1IzI=,Suhu Udara; Tekanan Udara,/2/OTkjMg==/suhu-udara.html; /2/MTA1IzI=/tekanan-udara.html,1.0,38.0,Min
122,2022,Januari,84.9,Data Tersedia,2024-03-04 09:32:04,Kelembaban Udara,539.0,Lingkungan,101.0,Persen,OTkjMg==; MTA1IzI=,Suhu Udara; Tekanan Udara,/2/OTkjMg==/suhu-udara.html; /2/MTA1IzI=/tekanan-udara.html,1.0,39.0,Rata-Rata
122,2022,Februari,98.0,Data Tersedia,2024-03-04 09:32:04,Kelembaban Udara,539.0,Lingkungan,101.0,Persen,OTkjMg==; MTA1IzI=,Suhu Udara; Tekanan Udara,/2/OTkjMg==/suhu-udara.html; /2/MTA1IzI=/tekanan-udara.html,2.0,37.0,Maks
122,2022,Februari,60.0,Data Tersedia,2024-03-04 09:32:04,Kelembaban Udara,539.0,Lingkungan,101.0,Persen,OTkjMg==; MTA1IzI=,Suhu Udara; Tekanan Udara,/2/OTkjMg==/suhu-udara.html; /2/MTA1IzI=/tekanan-udara.html,2.0,38.0,Min
122,2022,Februari,84.9,Data Tersedia,2024-03-04 09:32:04,Kelembaban Udara,539.0,Lingkungan,101.0,Persen,OTkjMg==; MTA1IzI=,Suhu Udara; Tekanan Udara,/2/OTkjMg==/suhu-udara.html; /2/MTA1IzI=/tekanan-udara.html,2.0,39.0,Rata-Rata
122,2022,Maret,97.0,Data Tersedia,2024-03-04 09:32:04,Kelembaban Udara,539.0,Lingkungan,101.0,Persen,OTkjMg==; MTA1IzI=,Suhu Udara; Tekanan Udara,/2/OTkjMg==/suhu-udara.html; /2/MTA1IzI=/tekanan-udara.html,3.0,37.0,Maks
122,2022,Maret,52.0,Data Tersedia,2024-03-04 09:32:04,Kelembaban Udara,539.0,Lingkungan,101.0,Persen,OTkjMg==; MTA1IzI=,Suhu Udara; Tekanan Udara,/2/OTkjMg==/suhu-udara.html; /2/MTA1IzI=/tekanan-udara.html,3.0,38.0,Min
122,2022,Maret,82.3,Data Tersedia,2024-03-04 09:32:04,Kelembaban Udara,539.0,Lingkungan,101.0,Persen,OTkjMg==; MTA1IzI=,Suhu Udara; Tekanan Udara,/2/OTkjMg==/suhu-udara.html; /2/MTA1IzI=/tekanan-udara.html,3.0,39.0,Rata-Rata
122,2022,April,94.0,Data Tersedia,2024-03-04 09:32:04,Kelembaban Udara,539.0,Lingkungan,101.0,Persen,OTkjMg==; MTA1IzI=,Suhu Udara; Tekanan Udara,/2/OTkjMg==/suhu-udara.html; /2/MTA1IzI=/tekanan-udara.html,4.0,37.0,Maks
122,2022,April,51.0,Data Tersedia,2024-03-04 09:32:04,Kelembaban Udara,539.0,Lingkungan,101.0,Persen,OTkjMg==; MTA1IzI=,Suhu Udara; Tekanan Udara,/2/OTkjMg==/suhu-udara.html; /2/MTA1IzI=/tekanan-udara.html,4.0,38.0,Min
122,2022,April,80.4,Data Tersedia,2024-03-04 09:32:04,Kelembaban Udara,539.0,Lingkungan,101.0,Persen,OTkjMg==; MTA1IzI=,Suhu Udara; Tekanan Udara,/2/OTkjMg==/suhu-udara.html; /2/MTA1IzI=/tekanan-udara.html,4.0,39.0,Rata-Rata
122,2022,Mei,96.0,Data Tersedia,2024-03-04 09:32:04,Kelembaban Udara,539.0,Lingkungan,101.0,Persen,OTkjMg==; MTA1IzI=,Suhu Udara; Tekanan Udara,/2/OTkjMg==/suhu-udara.html; /2/MTA1IzI=/tekanan-udara.html,5.0,37.0,Maks
122,2022,Mei,47.0,Data Tersedia,2024-03-04 09:32:04,Kelembaban Udara,539.0,Lingkungan,101.0,Persen,OTkjMg==; MTA1IzI=,Suhu Udara; Tekanan Udara,/2/OTkjMg==/suhu-udara.html; /2/MTA1IzI=/tekanan-udara.html,5.0,38.0,Min
122,2022,Mei,82.0,Data Tersedia,2024-03-04 09:32:04,Kelembaban Udara,539.0,Lingkungan,101.0,Persen,OTkjMg==; MTA1IzI=,Suhu Udara; Tekanan Udara,/2/OTkjMg==/suhu-udara.html; /2/MTA1IzI=/tekanan-udara.html,5.0,39.0,Rata-Rata
122,2022,Juni,97.0,Data Tersedia,2024-03-04 09:32:04,Kelembaban Udara,539.0,Lingkungan,101.0,Persen,OTkjMg==; MTA1IzI=,Suhu Udara; Tekanan Udara,/2/OTkjMg==/suhu-udara.html; /2/MTA1IzI=/tekanan-udara.html,6.0,37.0,Maks
122,2022,Juni,50.0,Data Tersedia,2024-03-04 09:32:04,Kelembaban Udara,539.0,Lingkungan,101.0,Persen,OTkjMg==; MTA1IzI=,Suhu Udara; Tekanan Udara,/2/OTkjMg==/suhu-udara.html; /2/MTA1IzI=/tekanan-udara.html,6.0,38.0,Min
122,2022,Juni,82.6,Data Tersedia,2024-03-04 09:32:04,Kelembaban Udara,539.0,Lingkungan,101.0,Persen,OTkjMg==; MTA1IzI=,Suhu Udara; Tekanan Udara,/2/OTkjMg==/suhu-udara.html; /2/MTA1IzI=/tekanan-udara.html,6.0,39.0,Rata-Rata
122,2022,Juli,94.0,Data Tersedia,2024-03-04 09:32:04,Kelembaban Udara,539.0,Lingkungan,101.0,Persen,OTkjMg==; MTA1IzI=,Suhu Udara; Tekanan Udara,/2/OTkjMg==/suhu-udara.html; /2/MTA1IzI=/tekanan-udara.html,7.0,37.0,Maks
122,2022,Juli,46.0,Data Tersedia,2024-03-04 09:32:04,Kelembaban Udara,539.0,Lingkungan,101.0,Persen,OTkjMg==; MTA1IzI=,Suhu Udara; Tekanan Udara,/2/OTkjMg==/suhu-udara.html; /2/MTA1IzI=/tekanan-udara.html,7.0,38.0,Min
122,2022,Juli,76.5,Data Tersedia,2024-03-04 09:32:04,Kelembaban Udara,539.0,Lingkungan,101.0,Persen,OTkjMg==; MTA1IzI=,Suhu Udara; Tekanan Udara,/2/OTkjMg==/suhu-udara.html; /2/MTA1IzI=/tekanan-udara.html,7.0,39.0,Rata-Rata
122,2022,Agustus,95.0,Data Tersedia,2024-03-04 09:32:04,Kelembaban Udara,539.0,Lingkungan,101.0,Persen,OTkjMg==; MTA1IzI=,Suhu Udara; Tekanan Udara,/2/OTkjMg==/suhu-udara.html; /2/MTA1IzI=/tekanan-udara.html,8.0,37.0,Maks
122,2022,Agustus,41.0,Data Tersedia,2024-03-04 09:32:04,Kelembaban Udara,539.0,Lingkungan,101.0,Persen,OTkjMg==; MTA1IzI=,Suhu Udara; Tekanan Udara,/2/OTkjMg==/suhu-udara.html; /2/MTA1IzI=/tekanan-udara.html,8.0,38.0,Min
122,2022,Agustus,72.4,Data Tersedia,2024-03-04 09:32:04,Kelembaban Udara,539.0,Lingkungan,101.0,Persen,OTkjMg==; MTA1IzI=,Suhu Udara; Tekanan Udara,/2/OTkjMg==/suhu-udara.html; /2/MTA1IzI=/tekanan-udara.html,8.0,39.0,Rata-Rata
122,2022,September,95.0,Data Tersedia,2024-03-04 09:32:04,Kelembaban Udara,539.0,Lingkungan,101.0,Persen,OTkjMg==; MTA1IzI=,Suhu Udara; Tekanan Udara,/2/OTkjMg==/suhu-udara.html; /2/MTA1IzI=/tekanan-udara.html,9.0,37.0,Maks
122,2022,September,43.0,Data Tersedia,2024-03-04 09:32:04,Kelembaban Udara,539.0,Lingkungan,101.0,Persen,OTkjMg==; MTA1IzI=,Suhu Udara; Tekanan Udara,/2/OTkjMg==/suhu-udara.html; /2/MTA1IzI=/tekanan-udara.html,9.0,38.0,Min
122,2022,September,76.1,Data Tersedia,2024-03-04 09:32:04,Kelembaban Udara,539.0,Lingkungan,101.0,Persen,OTkjMg==; MTA1IzI=,Suhu Udara; Tekanan Udara,/2/OTkjMg==/suhu-udara.html; /2/MTA1IzI=/tekanan-udara.html,9.0,39.0,Rata-Rata
122,2022,Oktober,96.0,Data Tersedia,2024-03-04 09:32:04,Kelembaban Udara,539.0,Lingkungan,101.0,Persen,OTkjMg==; MTA1IzI=,Suhu Udara; Tekanan Udara,/2/OTkjMg==/suhu-udara.html; /2/MTA1IzI=/tekanan-udara.html,10.0,37.0,Maks
122,2022,Oktober,52.0,Data Tersedia,2024-03-04 09:32:04,Kelembaban Udara,539.0,Lingkungan,101.0,Persen,OTkjMg==; MTA1IzI=,Suhu Udara; Tekanan Udara,/2/OTkjMg==/suhu-udara.html; /2/MTA1IzI=/tekanan-udara.html,10.0,38.0,Min
122,2022,Oktober,83.8,Data Tersedia,2024-03-04 09:32:04,Kelembaban Udara,539.0,Lingkungan,101.0,Persen,OTkjMg==; MTA1IzI=,Suhu Udara; Tekanan Udara,/2/OTkjMg==/suhu-udara.html; /2/MTA1IzI=/tekanan-udara.html,10.0,39.0,Rata-Rata
122,2022,November,98.0,Data Tersedia,2024-03-04 09:32:04,Kelembaban Udara,539.0,Lingkungan,101.0,Persen,OTkjMg==; MTA1IzI=,Suhu Udara; Tekanan Udara,/2/OTkjMg==/suhu-udara.html; /2/MTA1IzI=/tekanan-udara.html,11.0,37.0,Maks
122,2022,November,54.0,Data Tersedia,2024-03-04 09:32:04,Kelembaban Udara,539.0,Lingkungan,101.0,Persen,OTkjMg==; MTA1IzI=,Suhu Udara; Tekanan Udara,/2/OTkjMg==/suhu-udara.html; /2/MTA1IzI=/tekanan-udara.html,11.0,38.0,Min
122,2022,November,83.5,Data Tersedia,2024-03-04 09:32:04,Kelembaban Udara,539.0,Lingkungan,101.0,Persen,OTkjMg==; MTA1IzI=,Suhu Udara; Tekanan Udara,/2/OTkjMg==/suhu-udara.html; /2/MTA1IzI=/tekanan-udara.html,11.0,39.0,Rata-Rata
122,2022,Desember,98.0,Data Tersedia,2024-03-04 09:32:04,Kelembaban Udara,539.0,Lingkungan,101.0,Persen,OTkjMg==; MTA1IzI=,Suhu Udara; Tekanan Udara,/2/OTkjMg==/suhu-udara.html; /2/MTA1IzI=/tekanan-udara.html,12.0,37.0,Maks
122,2022,Desember,55.0,Data Tersedia,2024-03-04 09:32:04,Kelembaban Udara,539.0,Lingkungan,101.0,Persen,OTkjMg==; MTA1IzI=,Suhu Udara; Tekanan Udara,/2/OTkjMg==/suhu-udara.html; /2/MTA1IzI=/tekanan-udara.html,12.0,38.0,Min
122,2022,Desember,85.8,Data Tersedia,2024-03-04 09:32:04,Kelembaban Udara,539.0,Lingkungan,101.0,Persen,OTkjMg==; MTA1IzI=,Suhu Udara; Tekanan Udara,/2/OTkjMg==/suhu-udara.html; /2/MTA1IzI=/tekanan-udara.html,12.0,39.0,Rata-Rata
123,2023,Januari,99.0,Data Tersedia,2024-03-04 09:32:04,Kelembaban Udara,539.0,Lingkungan,101.0,Persen,OTkjMg==; MTA1IzI=,Suhu Udara; Tekanan Udara,/2/OTkjMg==/suhu-udara.html; /2/MTA1IzI=/tekanan-udara.html,1.0,37.0,Maks
123,2023,Januari,63.0,Data Tersedia,2024-03-04 09:32:04,Kelembaban Udara,539.0,Lingkungan,101.0,Persen,OTkjMg==; MTA1IzI=,Suhu Udara; Tekanan Udara,/2/OTkjMg==/suhu-udara.html; /2/MTA1IzI=/tekanan-udara.html,1.0,38.0,Min
123,2023,Januari,84.6,Data Tersedia,2024-03-04 09:32:04,Kelembaban Udara,539.0,Lingkungan,101.0,Persen,OTkjMg==; MTA1IzI=,Suhu Udara; Tekanan Udara,/2/OTkjMg==/suhu-udara.html; /2/MTA1IzI=/tekanan-udara.html,1.0,39.0,Rata-Rata
123,2023,Februari,98.0,Data Tersedia,2024-03-04 09:32:04,Kelembaban Udara,539.0,Lingkungan,101.0,Persen,OTkjMg==; MTA1IzI=,Suhu Udara; Tekanan Udara,/2/OTkjMg==/suhu-udara.html; /2/MTA1IzI=/tekanan-udara.html,2.0,37.0,Maks
123,2023,Februari,63.0,Data Tersedia,2024-03-04 09:32:04,Kelembaban Udara,539.0,Lingkungan,101.0,Persen,OTkjMg==; MTA1IzI=,Suhu Udara; Tekanan Udara,/2/OTkjMg==/suhu-udara.html; /2/MTA1IzI=/tekanan-udara.html,2.0,38.0,Min
123,2023,Februari,85.2,Data Tersedia,2024-03-04 09:32:04,Kelembaban Udara,539.0,Lingkungan,101.0,Persen,OTkjMg==; MTA1IzI=,Suhu Udara; Tekanan Udara,/2/OTkjMg==/suhu-udara.html; /2/MTA1IzI=/tekanan-udara.html,2.0,39.0,Rata-Rata
123,2023,Maret,98.0,Data Tersedia,2024-03-04 09:32:04,Kelembaban Udara,539.0,Lingkungan,101.0,Persen,OTkjMg==; MTA1IzI=,Suhu Udara; Tekanan Udara,/2/OTkjMg==/suhu-udara.html; /2/MTA1IzI=/tekanan-udara.html,3.0,37.0,Maks
123,2023,Maret,66.0,Data Tersedia,2024-03-04 09:32:04,Kelembaban Udara,539.0,Lingkungan,101.0,Persen,OTkjMg==; MTA1IzI=,Suhu Udara; Tekanan Udara,/2/OTkjMg==/suhu-udara.html; /2/MTA1IzI=/tekanan-udara.html,3.0,38.0,Min
123,2023,Maret,82.4,Data Tersedia,2024-03-04 09:32:04,Kelembaban Udara,539.0,Lingkungan,101.0,Persen,OTkjMg==; MTA1IzI=,Suhu Udara; Tekanan Udara,/2/OTkjMg==/suhu-udara.html; /2/MTA1IzI=/tekanan-udara.html,3.0,39.0,Rata-Rata
123,2023,April,99.0,Data Tersedia,2024-03-04 09:32:04,Kelembaban Udara,539.0,Lingkungan,101.0,Persen,OTkjMg==; MTA1IzI=,Suhu Udara; Tekanan Udara,/2/OTkjMg==/suhu-udara.html; /2/MTA1IzI=/tekanan-udara.html,4.0,37.0,Maks
123,2023,April,62.0,Data Tersedia,2024-03-04 09:32:04,Kelembaban Udara,539.0,Lingkungan,101.0,Persen,OTkjMg==; MTA1IzI=,Suhu Udara; Tekanan Udara,/2/OTkjMg==/suhu-udara.html; /2/MTA1IzI=/tekanan-udara.html,4.0,38.0,Min
123,2023,April,82.9,Data Tersedia,2024-03-04 09:32:04,Kelembaban Udara,539.0,Lingkungan,101.0,Persen,OTkjMg==; MTA1IzI=,Suhu Udara; Tekanan Udara,/2/OTkjMg==/suhu-udara.html; /2/MTA1IzI=/tekanan-udara.html,4.0,39.0,Rata-Rata
123,2023,Mei,97.0,Data Tersedia,2024-03-04 09:32:04,Kelembaban Udara,539.0,Lingkungan,101.0,Persen,OTkjMg==; MTA1IzI=,Suhu Udara; Tekanan Udara,/2/OTkjMg==/suhu-udara.html; /2/MTA1IzI=/tekanan-udara.html,5.0,37.0,Maks
123,2023,Mei,52.0,Data Tersedia,2024-03-04 09:32:04,Kelembaban Udara,539.0,Lingkungan,101.0,Persen,OTkjMg==; MTA1IzI=,Suhu Udara; Tekanan Udara,/2/OTkjMg==/suhu-udara.html; /2/MTA1IzI=/tekanan-udara.html,5.0,38.0,Min
123,2023,Mei,76.3,Data Tersedia,2024-03-04 09:32:04,Kelembaban Udara,539.0,Lingkungan,101.0,Persen,OTkjMg==; MTA1IzI=,Suhu Udara; Tekanan Udara,/2/OTkjMg==/suhu-udara.html; /2/MTA1IzI=/tekanan-udara.html,5.0,39.0,Rata-Rata
123,2023,Juni,98.0,Data Tersedia,2024-03-04 09:32:04,Kelembaban Udara,539.0,Lingkungan,101.0,Persen,OTkjMg==; MTA1IzI=,Suhu Udara; Tekanan Udara,/2/OTkjMg==/suhu-udara.html; /2/MTA1IzI=/tekanan-udara.html,6.0,37.0,Maks
123,2023,Juni,58.0,Data Tersedia,2024-03-04 09:32:04,Kelembaban Udara,539.0,Lingkungan,101.0,Persen,OTkjMg==; MTA1IzI=,Suhu Udara; Tekanan Udara,/2/OTkjMg==/suhu-udara.html; /2/MTA1IzI=/tekanan-udara.html,6.0,38.0,Min
123,2023,Juni,81.0,Data Tersedia,2024-03-04 09:32:04,Kelembaban Udara,539.0,Lingkungan,101.0,Persen,OTkjMg==; MTA1IzI=,Suhu Udara; Tekanan Udara,/2/OTkjMg==/suhu-udara.html; /2/MTA1IzI=/tekanan-udara.html,6.0,39.0,Rata-Rata
123,2023,Juli,97.0,Data Tersedia,2024-03-04 09:32:04,Kelembaban Udara,539.0,Lingkungan,101.0,Persen,OTkjMg==; MTA1IzI=,Suhu Udara; Tekanan Udara,/2/OTkjMg==/suhu-udara.html; /2/MTA1IzI=/tekanan-udara.html,7.0,37.0,Maks
123,2023,Juli,56.0,Data Tersedia,2024-03-04 09:32:04,Kelembaban Udara,539.0,Lingkungan,101.0,Persen,OTkjMg==; MTA1IzI=,Suhu Udara; Tekanan Udara,/2/OTkjMg==/suhu-udara.html; /2/MTA1IzI=/tekanan-udara.html,7.0,38.0,Min
123,2023,Juli,78.2,Data Tersedia,2024-03-04 09:32:04,Kelembaban Udara,539.0,Lingkungan,101.0,Persen,OTkjMg==; MTA1IzI=,Suhu Udara; Tekanan Udara,/2/OTkjMg==/suhu-udara.html; /2/MTA1IzI=/tekanan-udara.html,7.0,39.0,Rata-Rata
123,2023,Agustus,91.0,Data Tersedia,2024-03-04 09:32:04,Kelembaban Udara,539.0,Lingkungan,101.0,Persen,OTkjMg==; MTA1IzI=,Suhu Udara; Tekanan Udara,/2/OTkjMg==/suhu-udara.html; /2/MTA1IzI=/tekanan-udara.html,8.0,37.0,Maks
123,2023,Agustus,42.0,Data Tersedia,2024-03-04 09:32:04,Kelembaban Udara,539.0,Lingkungan,101.0,Persen,OTkjMg==; MTA1IzI=,Suhu Udara; Tekanan Udara,/2/OTkjMg==/suhu-udara.html; /2/MTA1IzI=/tekanan-udara.html,8.0,38.0,Min
123,2023,Agustus,68.5,Data Tersedia,2024-03-04 09:32:04,Kelembaban Udara,539.0,Lingkungan,101.0,Persen,OTkjMg==; MTA1IzI=,Suhu Udara; Tekanan Udara,/2/OTkjMg==/suhu-udara.html; /2/MTA1IzI=/tekanan-udara.html,8.0,39.0,Rata-Rata
123,2023,September,88.0,Data Tersedia,2024-03-04 09:32:04,Kelembaban Udara,539.0,Lingkungan,101.0,Persen,OTkjMg==; MTA1IzI=,Suhu Udara; Tekanan Udara,/2/OTkjMg==/suhu-udara.html; /2/MTA1IzI=/tekanan-udara.html,9.0,37.0,Maks
123,2023,September,31.0,Data Tersedia,2024-03-04 09:32:04,Kelembaban Udara,539.0,Lingkungan,101.0,Persen,OTkjMg==; MTA1IzI=,Suhu Udara; Tekanan Udara,/2/OTkjMg==/suhu-udara.html; /2/MTA1IzI=/tekanan-udara.html,9.0,38.0,Min
123,2023,September,62.4,Data Tersedia,2024-03-04 09:32:04,Kelembaban Udara,539.0,Lingkungan,101.0,Persen,OTkjMg==; MTA1IzI=,Suhu Udara; Tekanan Udara,/2/OTkjMg==/suhu-udara.html; /2/MTA1IzI=/tekanan-udara.html,9.0,39.0,Rata-Rata
123,2023,Oktober,92.0,Data Tersedia,2024-03-04 09:32:04,Kelembaban Udara,539.0,Lingkungan,101.0,Persen,OTkjMg==; MTA1IzI=,Suhu Udara; Tekanan Udara,/2/OTkjMg==/suhu-udara.html; /2/MTA1IzI=/tekanan-udara.html,10.0,37.0,Maks
123,2023,Oktober,38.0,Data Tersedia,2024-03-04 09:32:04,Kelembaban Udara,539.0,Lingkungan,101.0,Persen,OTkjMg==; MTA1IzI=,Suhu Udara; Tekanan Udara,/2/OTkjMg==/suhu-udara.html; /2/MTA1IzI=/tekanan-udara.html,10.0,38.0,Min
123,2023,Oktober,65.8,Data Tersedia,2024-03-04 09:32:04,Kelembaban Udara,539.0,Lingkungan,101.0,Persen,OTkjMg==; MTA1IzI=,Suhu Udara; Tekanan Udara,/2/OTkjMg==/suhu-udara.html; /2/MTA1IzI=/tekanan-udara.html,10.0,39.0,Rata-Rata
123,2023,November,98.0,Data Tersedia,2024-03-04 09:32:04,Kelembaban Udara,539.0,Lingkungan,101.0,Persen,OTkjMg==; MTA1IzI=,Suhu Udara; Tekanan Udara,/2/OTkjMg==/suhu-udara.html; /2/MTA1IzI=/tekanan-udara.html,11.0,37.0,Maks
123,2023,November,52.0,Data Tersedia,2024-03-04 09:32:04,Kelembaban Udara,539.0,Lingkungan,101.0,Persen,OTkjMg==; MTA1IzI=,Suhu Udara; Tekanan Udara,/2/OTkjMg==/suhu-udara.html; /2/MTA1IzI=/tekanan-udara.html,11.0,38.0,Min
123,2023,November,78.8,Data Tersedia,2024-03-04 09:32:04,Kelembaban Udara,539.0,Lingkungan,101.0,Persen,OTkjMg==; MTA1IzI=,Suhu Udara; Tekanan Udara,/2/OTkjMg==/suhu-udara.html; /2/MTA1IzI=/tekanan-udara.html,11.0,39.0,Rata-Rata
123,2023,Desember,98.0,Data Tersedia,2024-03-04 09:32:04,Kelembaban Udara,539.0,Lingkungan,101.0,Persen,OTkjMg==; MTA1IzI=,Suhu Udara; Tekanan Udara,/2/OTkjMg==/suhu-udara.html; /2/MTA1IzI=/tekanan-udara.html,12.0,37.0,Maks
123,2023,Desember,61.0,Data Tersedia,2024-03-04 09:32:04,Kelembaban Udara,539.0,Lingkungan,101.0,Persen,OTkjMg==; MTA1IzI=,Suhu Udara; Tekanan Udara,/2/OTkjMg==/suhu-udara.html; /2/MTA1IzI=/tekanan-udara.html,12.0,38.0,Min
123,2023,Desember,82.2,Data Tersedia,2024-03-04 09:32:04,Kelembaban Udara,539.0,Lingkungan,101.0,Persen,OTkjMg==; MTA1IzI=,Suhu Udara; Tekanan Udara,/2/OTkjMg==/suhu-udara.html; /2/MTA1IzI=/tekanan-udara.html,12.0,39.0,Rata-Rata
124,,,,Data Tidak Ditemukan,,,,,,,,,,,,
125,,,,Data Tidak Ditemukan,,,,,,,,,,,,
